content,link,reply_num,title
"就这种玩意儿 几十块的枪皮经常遇到每天就租两分钱的 租一个月才六毛。卖家往外租这个是图啥  一个月才挣6毛？我看了都有点发慌  不会最后押金拿不回来吧。新手不明白  懂哥解释一下啊
积少成多
我是这样想的，第一押金肯定高宇他买的价格，就算涨了之后被你买断他也不亏，第二库里可能很多a1皮肤，只是把库里小垃圾玩腻放哪也没用所以还不如拿出来租
我几个皮肤换着用，最近不会用到的皮肤就会去挂出租
30块钱一把的东西一天租金0.02，1000把才3w成本就有一天20块钱
涨了被买断 跌了跑不掉
量变引起质变
日利率接近万七，这样说还低吗
我超20年的老东西
不懂，跌了还跑不了
但凡你懂一点什么叫利息呢
我一朋友就在做这个 三个号一千多 价格都是百元以内 押金高 对方买断或者还不了还能赚一笔 枪的跌幅也不会太大 之前一些百元红能炼金以后给他赚飞了 可惜很多都被买断了
租着玩呗
如果他有1000把呢
20年？
主要是容易卡库存
不用的钱存银行一天利息就那么点 图的是什么
假如他有500把这种30块左右的皮，都租出去了 一年就有3600了，15000一年3600啥概念，接近25%了
你出租100把呢
比放余额宝里高就赚了
自己很喜欢不想卖，但又有别的皮肤玩，所以。。。
悠悠有品刚出的时候时候我上架过很多50元以下的皮肤，赚买断后的押金
不如存余额宝
会有傻子有各种情况归还不了。吃押金就可以了
鬼知道
很简单一句话，聊胜于无
这种确实感觉纯💩啊，买点传承都比这好
我库里都是些几十块的小皮肤 纯粹是自己用腻了 也不想卖 就出租 押金定高点 买断了也不亏 一天一分有的一次租个几把出去 就能买点便宜贴纸玩了
这利息可比存银行或者zfb高多了，还有概率涨价赚一波
赌有沙子被红锁还不了吧
这种东西租它干什么，几十块买了得了
说拿几百把出租的 有没有想过一天能不能出租那么多把为什么我不拿弟弟刀出租 这种1到2分钱出租本来就是种很抽象的行为
我也喜欢把不用的破烂枪皮租出去",https://tieba.baidu.com/p/10258518186,73,那些每天租金才2分钱的饰品出租 图的是什么？
"公告都没有，直接偷摸下架了？这扯不扯
说不定手滑了
一切皆有可能，上次五合一就爆出来内部员工囤红
真的吗？卧槽我真有
这有啥，你咋不说特朗普加200%关税就为了炒股呢
很明显有内幕，这几天一直有人在扫阿努比斯的东西
DOTA复制饰品的后门路边消息说是v社员工干的
工作人员吃麻吃串吃炸了
v社画k线
闹麻了，除了武库的东西，v社更新什么时候发过预告？胶囊下架，地图轮换，包括以前出大行动，都是直接更，从来不预告
5合1前 炼金材料你猜v社员工屯了没
少爷最近去v社上班了
2800涨到3100左右的时候把我的两把都卖了，我是废物
就像去年屯红皮的那些人
《人民的v社》《v社员工不差钱》
五合一那会，树篱潘多拉，不少人偷偷出货呢，一双一双砸求购
包有内鬼的
发不发都一样，市场反应都是很迅速的
这种事肯定有内鬼，就像一座金山摆你面前没人能忍得住
一言堂
没用，这东西材料太多了，囤包都囤爆了
人家的游戏乐意咋囤咋囤
有钱为啥不赚，连监管都没有，你在v社上班听说要下架不去屯装圣人？跟钱多大仇啊
涨价了就一定要买吗？
我也想当v社员工
特朗普:挣钱教学 v🐍:学习
那个包的？
员工吃麻了
十吧 人均200吧！
外商独资，小子
这还用想？下架皮肤的事肯定是工作人员决定的啊",https://tieba.baidu.com/p/10302270009,72,v社员工一人没十把荷鲁斯我是不信的
"花了几天终于从1000个模版挑到一个左手无灰的一线特工了，略磨0.143，挑了好几个模版只有这个有货，方块也差不多完整，主要持步枪我是接受不了一点灰的，持手枪只要不是很严重还能接受，花了3888不知亏没亏
问一下有哪几个模板是无灰的呀？
一线特工挑灰是真能挑很久主要得进游戏一个个看
开心就好，不过你溢价 500 多买的，以后腻了出手会很牢吧
啥模板，是buff买的那个492么
我这个是0.145的磨损，模板460，我感觉还行吧
前天抄底3150，389模板，0.143磨损",https://tieba.baidu.com/p/10309227172,18,花了几天终于从1000个模版挑到一个左手无灰的一线特工了，略
"不好受是真的。我22年入坑，完美最高也才A，比不上大多数吧友，这把对面我看了一下大概都是c加水平，自己手感也还不错。所以杀了30几个，中间是我。段位最高的一个赛季，已经很久没打了，平时也是打打箱子。QQ就不放给大伙了。图二是我的大号，图三是用小号打的官匹箱子。发帖的原因是小号这一把前面刚好有个挂哥，还一直被嘲讽，自己明明是绿玩却被看作开挂的属实难受，不想和那些挂全坐一桌。
官匹没什么可说的，大部分人不是新手就是挂哥，部分老手打箱子
虽然后面几把没想打了，但是我才注意到有个i系列的兄弟，这下悲情英雄了
我都被举报烂了
官匹pro一堆人说我开挂，开没开自己知道，这不是赞美吗
完美A应该超过80%吧友
这不是好事吗，难受啥
被人说挂不是好事？我都公屏打字谢谢夸奖了呢，然后开心一会，打完下载录像再仔细品味开心一会，躲被窝里睡觉起回味一下精彩瞬间，第二天睡醒看看数据开心一下
我遇到了这些虚空鉴挂不但顺着他们说我就是挂，我还要告诉他们号里有库存而且你举报点烂了我也封不了
fps不杜绝外挂，无论你那天状态多好，神经枪多神，都会让别人觉得你是个挂，而不是觉得你厉害。这是fps游戏的悲哀。
遇到过同样的
不用管，我现在没法打平台就打打官匹，老被举报成黄信，主业还有一堆骂我的
没真开就无需在意，当赞美就行或者不行直接屏蔽打自己的，你没开他举报你你也封不了",https://tieba.baidu.com/p/10306132493,20,也是被人当挂了
"鼠鼠玩了 1000h 的瓦，勉勉强强上了个铂金，十把有六把带妹炸鱼车，两把挂，剩两把正常人的局还都不开麦交流。后来鼠鼠接触了 cs，打了 50 小时完美平台上了个 B+，现在二百小时买了个优先一边在官匹打箱子一边打平台，保持在 B 。第一个感叹就是环境。我 5E 完美都打，到现在遇到的带妹炸鱼车仅有一把，可能是鼠鼠运气好？鼠鼠也遇见过女队友，开麦说话也很好听，但是其他队友都是正常交流正常玩。而我打瓦的时候亲眼看见队友管妹子叫妈妈还问能不能加好友，因为我没给垫底奶妈发大狙被队友骂还鞭尸🥲。我基本都是单排，队友交流都很主动，一进来就问有没有麦，压力也很少，都是互相鼓励。单排瓦是真难受，其他人要不不开麦要不有房间麦，死了不报点也不交流。我瓦先锋打的多，问决斗怎么给道具他不开麦当哑巴一整局都不说话，结果说他打的有问题的时候他就有麦了，就蛮奇怪的。第二个就是瞄准焦虑。怎么说呢，瓦是真的会制造焦虑。前ow职业yjj之前晒自己打瓦的时候的设备，换的键盘搁桌子上摞起来快到天花板，鼠标鼠标垫更多，还有显示器。里面有个别是接的广，但大部分还都是自己主动换的。打瓦过程中会产生自我怀疑，然后想尽办法提升自己，他转了粥之后，设备除了换了个显示器，其他就没换过。我自己打瓦的时候也是一直研究鼠标键盘，还换了个 ATK 全家桶。玩cs 的时候发现好像这边的人对外设好像没那么看重？外设在 cs 视频里的推广比在瓦里少很多。
cs不怎么吃外设，donk狗2gpro一样猛杀，唯一需要的就是时间来沉淀
cs里面男女平等
cs更纯粹不是乱吹的
玩游戏就好好玩游戏，别玩饰品你就能有很好的体验
真有给奶妈发大狙?
不给大哥发大狙吗? 给垫底奶妈发能赢吗
瓦国服出之前也是妖魔鬼怪更多，然后都被引流走了，现在最多的节奏也是导购空狗也挺好的，至少不会影响正常玩家和萌新体验。而且有些热度也不至于游戏太凉
瓦为什么会有外设焦虑
没有瓦的时候没有妈妈，但有网络公主和👅🐶骑士
我感觉玩瓦的胜负欲好强，而且特别喜欢架点，打的不好就被攻击，问题是段位才白银黄金甚至是极速
真的吗，我感觉cs女的压力怪更多，反而瓦的少一点。不过cs确实感觉丝滑流畅
你这楼下就是喷开挂炸鱼加嘴臭的没绷住
CS的游戏体验确实比瓦好 至少碰见魔怔人的次数比瓦少多了
cs毕竟donk这种都是机械键盘+狗屁王2代，放瓦里应该没有用这种外设的
瓦真的难打，打排位白银黄金局都准得比极速模式遇到的铂金钻石还准
市面上这些fps网游我基本都玩，瓦确实是我最不喜欢的一个了，买了一些皮肤游戏时间还没100h
瓦全是哑巴恶心的要死
你可以在完美天梯寻找到最纯粹的瞄准机器
在国内瓦比cs火，理性的说一下，一个游戏越火神人就越多，而且cs和瓦就像麦当劳和肯德基，瓦爆火肯定会吸引一部分cs玩家玩玩瓦，引流走的神人也不少，题主你要是瓦出来之前玩的cs就知道了，那时候的妖魔鬼怪比现在多不少
人越多神人越多，人越少神人越神。这这个不会变。
玩游戏总是什么人都能碰到， Cs也一样，只不过可能没有其他更热门的游戏遇到的多，玩了很多年了，几乎没玩过其他游戏，收藏的cs网站，不包括皮肤都200多了，这个游戏需要一生去精通。不懂的看起来就是两批人互射，实际上太多太多的细节了
玩的还是少，被小透打两把看着他三个月不封就死心了
瓦炸鱼的太多了，懒得说
那你可能真是赶上好时代，我22.23玩的时候ez层出不穷，压力怪和摆烂的也有
只能说cs不火了  当年的樱岛麻衣比奇堡翻斗花园牛爷爷wdnmd
瓦卷外设我还没感觉到，可能刚玩不久。我go千小时，当初记得外设优先级鼠标>=屏幕>耳机>键盘。电脑好一些就行。鼠标之前用zowie za13现在大的gpro，一起用过小的gpro。 144甚至120屏幕我都觉得够用。
游戏时长太短了，你还没遇到cs里面的垃圾人呢，遇到一次恶心你一个礼拜
1k小时瓦才勉强上铂金吗？？我双修的200多小时已经超凡了甚至排位是上赛季才开始打的
能玩就行，我还在用以前网吧倒闭捡的键鼠
说句公道话，cs平台就是比瓦素质高环境好，没问题吧
很夸张，我打的第一把5e单排，2.03的rating带飞了，但是局内有个东北口音的一直压力我，说我挤着他了，他捡不到枪然后我就没打过go了
你不用质疑就是比隔壁好，一个游戏女性玩家多了对于想玩游戏的的来说不是什么好事，隔壁就是例子，下三基本把把都有炸鱼。go我打了一千多小时了，碰到的妹不超过二十个
看看瓦环境
你这铂金神人确实挺多，我现在超凡说实话还行，怪东西也有，大部分情况还好，cs我打完美，单排能匹4黑太蠢了，绝对单排匹不到人，我现在在a到a+这一块，怪东西不会比瓦少，昨天出去一看还有个黄金s24星的，挺莫名其妙
刚玩瓦的时候才没几天就遇到两次匹配压力对骂的，太变态了
交流这一块 ，cs太好了，瓦都是哑巴居多 ，死了不报点搁那标点，谁他妈有空看你标的点啊
瓦这cs游戏为了照顾🪵🐶死活不出单排模式
这两年我是感觉环境好了太多了，也可能年纪大了有些语气话什么的不敏感了
因为喜欢撩妹的都去瓦三角洲了，提纯过后环境当然会变好啊
瓦纯粹是被搞成了腾讯系游戏的一贯套路，社交属性远大于竞技属性的玩意儿，环境烂完了
cs不和挪威人一起玩都还不错
瓦太多妹妹了，都说是玩网络找Ma梗引流了一堆，实际上在瓦国服出之前我玩国际服的时候也是一堆妹妹和压抑男。别扯什么瓦出之前CS人均胆小好色，至少我玩瓦国际服的时候基本上每把都有女生，开麦只是笑就一堆👻男（日韩越）舔个不停。都不说别的，CS哪来这么多女生给你遇见。至于国服，我和朋友就算双排占了两个坑基本上也是队友稳出一位女生，看ID对面估计也是稳有一位女生
最主要的还是玩瓦氛围太压抑了经常一整把下来就一两句话，cs开麦的人会多很多
cs出世太久了，大家是有胜负欲的但是不至于压力别人，没有刻意想要在别人面前表现自己的想法，享受游戏就行了，顶多闭麦背地下骂几句队友不是人，鼓励还是多一点的
我也是瓦转GO，我打的是港服瓦，那些人更抽象，但是好好打游戏还是可以玩，现在打GO200多小时，go真的好玩
瓦纯当娱乐，10局里9局队友是哑巴
外设因人而异，有些人喜欢玩外设自然外设多，不在乎这些的人，有个基本的常见电竞鼠标和机械键盘就够用了，像yjj这种主播外设多更是再正常不过了
瓦这游戏有一部分社交属性在里面，因为国服腾子宣发等因素，玩的人自然相比较于cs要多的多，很多人还都是通过瓦才知道cs的呢，神人多很正常，但凡人多了，遇见神人概率就大了，cs也别说环境有多好，跟瓦比起来只是人稍微少了点而已，其实半斤八两，还是那句话，因人而异，我也是瓦cs双修的，但唯一不同的点在于，打瓦的人想上分的人感觉没那么多，而cs反而在乎段位的人比较多，导致竞技环境肯定是比瓦要好的，所以竞技环境这方面是肯定比瓦舒服的，这还只是一点，还有一点就是瓦的开局定位的局限性，瓦天梯一局就已经定好你这局的位置，干啥都已经受限制了，cs反而没这些条条框框，反而更轻松
其他都感同身受，不过yjj其实他自己很久之前就已经有一堆外设了，纯个人乐趣
反正我是觉得go环境比瓦好不是一星半点，至少极低概率遇到哑巴局，玩瓦单排遇到正常说话的人太罕见了，和一个瓦批哥们一说这事，就是你段位太低是这样的，但是单排这种nt局根本打不上去，玩瓦我感觉不像玩fps，跟moba一样，角色不认全技能不清楚就没法打
大部分cs玩家是真拿cs当游戏看的，但对大部分瓦玩家来说瓦只是个社交的媒介，这个媒介之前是cs，现在是瓦，以后可能就是三角洲，说白了对他们来说烂就烂了，大不了换游戏就行
昨晚才排俩女的双排，1正常带1菜，有钳子 8秒不拆包，我扣问号问那个菜的在干嘛另一个女的直接就开麦护上了，真是闹麻了
刚开学带舍友打瓦啥也没干被对面鞭尸就卸了，前两天高中同学叫我打瓦我下回来打的第一把又被鞭尸😅我这两三个月高强度打go除了深夜国服官匹这种阴间场合一把都没被鞭过
完美炸鱼的也多 只是不带妹 单纯炸
瓦里面对新手很不友好，低段位全是哑巴，CS C+段交流也蛮多的
不要把自己的菜归咎于外设现在一套正常外设的延迟正常人根本试不出来
cs炸鱼是真的
行了吧，没人在意你这个，都在洞载大战吵的不可开交
也算骨灰级老fps玩家了小时候什么cf cs1.6 包括后来h1z1 吃鸡 ow apex什么都玩 到现在cs五千个小时应该也还是有了，但是唯独玩不惯瓦那个射击手感就很奇怪
瓦不交流，GO频繁交流，有很大一部分原因是游戏导致的。瓦的小地图能看见队友加强视野，活着能标点死了也能标点，开局还有准备时间。此外瓦角色的道具分工很明显，而且道具过于强力（这也部分归因于地图设计不复杂）。如果换成CS，就是每张图都像是打沙二，开局30秒T五个人先瞎jb跑一跑，诶，正好有四个人往A大跑，那这把就打A了。然后手里唯一有烟的那个人就标一下点，地图上告诉你我要丢一个黑豹过点烟一个警家烟。好了游戏开始，有闪的人公式化丢两个出A大闪光，或者有信息探测的人射个默认箭开个飞机，凭借强力道具直接一波A。再然后就是互换人头下包打残局，残局也不说话，就标个点告诉你最后一个CT是从小道来的。那确实不用说话，干啥都是公式化操作收益最高，决斗差不多也知道你“应该”往哪丢道具，你丢不好他首先也能凭着技能活下来（瓦的多数情况他能一个dash抢蓝箱，CS里没闪几乎出不来A大门）。残局也不用过多交流。防守方也类似，每个角色位置都比较固定，因为他站那就是收益最高（就一个人负责全队的防守补烟，他不站中路附近站包点主防吗）但是这样也导致玩家间比较有隔阂，沟通能解决大部分的隔阂，还能提前为某些非常规进攻做预案。CS从官匹休闲拉呱开始就主动形成交流的氛围，打天梯也是因为缺少信息收集因素、每个人只能起一烟一火（远古时代甚至不能丢地上，必须要人齐了一块爆弹），所以玩家交互越多。甚至说开麦交流这么密切的，CS应该是独一档，其他类型（LOL，DOTA，瓦，OW，R6等等）都很难像CS这样。
好转，兄弟
我在沙二遇见的东北哥加起来给我全家咩几百次了
go里基本上都开麦说两句
完美c段和你铂金遇到的差不多，瓦你得炒饭才差不多全开麦，到处都有神人，cs主要是很蠢，没补枪没道具没得做，架烟完就架封进攻和防守一样，还聚在一起就看两个方向，cs最恶心的主动要投降都难投降，碰见神人和桂难受死你
cs里面女玩家数量太少了，高分段基本看不到，我唯一见过几次还是和朋友五排打的小号，当然对面也是带妹车，看我们五排他们没敢进
说明cs玩少了，cs挂比瓦多很多
感觉是以前打go的压力怪都转瓦了，以前打lol朋友喊我打了一段时间瓦，上了个神1完事还有带妹的车，带妹的那**开局送了我和那妹妹2打5的回防局我打了四个拆包妹妹没架住完事那男的开始压力我了
我也刚玩100小时多一点 b➕左右 没事可以一起玩玩 我都单排有点无聊了感觉
想换外设的时候想想 donk，人不行别怪路不平，忘了是 donk 还是谁了之前 60 帧照样乱杀
之前看有人做比喻，fps比做饮品，那么cs2一定是白开水，大家都喜欢喝饮料，但是都不能离开白开水",https://tieba.baidu.com/p/10303955422,162,瓦转 go 的一些个人感叹（非引战非踩一捧一）
大佬们帮帮我，顺便欣赏一下我的淬火匕首,https://tieba.baidu.com/p/10310005008,0,为啥玩一把cs流量消耗三百mb，而更高画质玩pubg才一百mb
"CSGO时期最好看的手套，当年多少玩家的梦想就是迈阿密配个红宝石，也是我当年最想要的饰品没有之一，结果现在价格不如树篱的十分之一
便宜那不是挺好的，能圆梦了
所以你想要的不是迈阿密，你只是想要一个公认的富哥手套
我就挺好奇，虽然现在颜值不如go，但对比来看，同价位那几个颜值真就差很多吧，也就导购们觉得麦子是垃圾，对玩家来说还是很不错的选择，1.5都略磨了，还要啥啊
在还cs2初期无磨损的债
手套的爹不争气不进稀有是这样的，树篱原来根本比不了潘子迈阿密，以前都说是蛤蟆皮看着恶心，cs2加强效果加上donk带货拉飞了。
cs2效果太差了  还是还是go时期也不会这样子
啥时候救救双栖最喜欢的手套，搞得烂的一匹，破的吓人
便宜挺好的，更多玩家能买来用
当时还没入坑go时候看直播就喜欢这个手套了 现在极限酒精也能挑一个不错的准备发奖金了在挑个差不多的就不再换手套了
迈阿密是自己的问题，真不如go
只能说刚更新的时候，别管磨损就说材质和配色比现在好看一万倍，没人知道为什么v社脑子抽了一样把材质和颜色改了，没有任何理由
现在变成路边一条
就算他俩价格一样 也是买树篱的多 牢麦cs2改成一坨 而且树的酒精底价能玩 迈阿密酒精底价真是烂完了
迈阿密炼金材料便宜
以前迈阿密可以在几块钱的蛇是出
产量多了而且效果不行
便宜不是挺好，现在两万就能买个微瑕，拿去买潘子战痕都买不到
吃了常规掉落的亏如果手背灰色改成以前的黑色还得涨一波，不知道为啥非要改颜色
你想要贵的你买崭新不就行了，70000块钱洒洒水
便宜不是好事吗
前段时间略磨的好像2万。现在都1万5了？。
迈阿密开过宝石出不来最高p2伪绿
而且最重要的是以前底价崭新也会有食指关节黑块（甚至不是黑点），只有好模版的略磨和崭新才是真的无损，所以当时迈阿密低磨这一块是比潘多拉还贵的，可以说是高端一哥。现在..反正极限酒精挑挑模版都有看得过去的了
你想要的东西便宜了不是好事
随便一个一代手套都能骑在迈阿密头上拉屎
当初的顶级皮现在便宜了是好事，可以圆梦了
这个太吃磨损了，无损得往0.11以下去挑，得两万了
我从go时期一直喜欢迈阿密，就是喜欢
赶紧便宜点，我入一个，之前国庆时候卖了，一直想买回来
啊？迈阿密go时期最好看？不对吧？不是娘炮手套？啊！价格起来以后才转变的吗？最好看的说法是没有的，只有红色系，黄色系，蓝色系的说法！
炒一代手套给森林云杉这种下水道手套都拉起来了，没拉起来和交运胶布坐一桌的，现在酒精跟迈阿密一个价，正常人会买森林云杉？
主要是箱子不行 也就是跟的主子不行 所以价值低
略磨1.4我秒入，太好看了
go时期的一哥不是蓝宝配潘嘛，其次才是迈。go时期的红宝石太拉了，又暗又没纹理的
要不是这样我还用不上呢
你只是喜欢贵的
他俩是同样风格手套挺吃磨损
哪有什么好不好看的  价格决定审美罢了
灰粉浅蓝的配色简直一坨色杂而乱，唯一特色就是持枪粉色大拇指，还不如双栖
2太丑了
可惜2不是了，改了几次，现在的版本除了没那么吃磨损外，持枪，手背都是纯削弱，以前go买不起酒精，买的破损持枪都是干干净净的，现在买的0.20持枪跟刚从下水道掏出来一样唯一好处就是现在0.20都能买到以前略磨的品相，至于树，以前的赖疙瘩变白的亮的吓人的品相，亮的仿佛不是这个游戏的皮肤一样
其实我挺喜欢迈阿密的 只是树立太香了 一把游戏只能装两手套 多买也用不上
不如护卫
不如织物黑王蛇元勋森林ddpat的dxq
迈阿密好看？可能是个人审美吧，反正玩csgo以来只喜欢过2种手套，王蛇和黑王蛇。其他的，你现实买个同款崭新的用不了60块rmb，就迈阿密这样的，你搞个特别新的自己现实带呗。黑王蛇之前被人炒的比我买的翻了 7 8倍卖了，现在在等王蛇降价了。
这个世存量太多了
4300你能买到酒精麦子，19年都还得卖5000+呢，我只能说圆梦
粉色系唯一之选吧 价格降下来挺好的
v社造神是这样的
这是好事啊
树离之前还不是一样
好看在哪里？
那会儿20年吧树黎酒精才6000 迈阿密8000你看吧
这东西怎么说呢，十月底的时候买了三次迈阿密全都撤了，那会正往上涨，最近那些人估计要哭死了
量太多了
便宜还不好吗，大家都能用，0.2的酒精没记错的话才6k多
树篱是因为donk用了，恰好mvp夺冠才炒起来的。再说那么多磨损，就算潘多拉也还是买一个无所谓的，真好看吗，没见得，黄金ak那更是拉中之拉
我不在乎戴什么，只要能显得有钱就行
被树篱偷走人生的迈阿密小姐迈阿密的手背和树篱换了，更新后材质也和树篱截然相反，引以为傲的手心和手背磨损也被树篱偷了，现在价格也是和19的树篱反了一下
最喜欢超导体  但是太贵了
这不多好的事，我还指望树篱迷宫一起掉呢
装逼的话你买贵的就是了 迈阿密目前这价格挺好
装什么波一呢，你觉得好看便宜了大家买得起了不是好事嘛这有啥惨的，哈比
懂得解释一下迷宫怎么就涨价那么多，迈阿密我是知道引擎光效改了以后效果不如之前了
装毛线啊，拿去充三国杀我才觉得是富哥
你是看价格还是看颜值的？
我觉得迈阿密是好看，但是只有崭新好看，略磨感觉磨损都很大，看起来很难受，酒精更别说了，所以这个价格低了但不应该那么低。树篱略磨就看不出什么磨损了。说点争议的，买顶级手套想让别人觉得你是富哥那就要买看不出来什么磨损的，你买酒精迈阿密别人会觉得你硬装富哥。
好帖子，就地摆摊无损迈阿密，可以走uusm，补贴都给你
老好看了
现在也挺好看啊
还是那句话，我之前就在贴吧说过了，v社故意打压二三代手套，捧一代手套，有意造成饰品分层。如果你一定要跟我讲cs2一代手套树篱潘多拉超导体薄荷和服，恰好全部都加强，二三代王蛇变黄蛇迈阿密变灰双栖无损模版很多都变有损，恰好全削弱，这件事纯属巧合，属于v社的无意之举，那我也无话可说。
酒精2000估计才会考虑买，吃磨损的同时手掌面脏的不行，有这个预算宁愿买老虎
关键是还会更便宜的
迈阿密这配色真的好看吗
确实，原本保二争一的手套，跟潘子不相上下。
迈阿密现在性价比很高，很适合自用
你应该说 迈阿密改的已经能买的起了 要是还和go时期的效果 那还是贵
闹麻了，我故意找茬都说不出这种话，这个游戏领域大神应该给你当
上个月买了五次这个全撤回了，给我气的直接去买潘多拉了，也是连续撤回，上个月支出都五百万了然后也算好事，这个月都跌了，不知道撤回的那几个作何感想
效果太垃圾了。配色被大砍一刀，沦为路边一条
便宜不爽吗？
我从玩csgo开始就一直想要一个迈阿密，真的是白月光，现在久经便宜也是用上了
当年迈阿密什么价
吃磨损",https://tieba.baidu.com/p/10232748234,170,迈阿密是真的惨
"谁问题最大？
shiro
donk责任最大，自己非要赖在绿龙，换个队早夺冠了
队伍里面有虫豸
donk该走了
Shiro打一半被小孩顶号了全程hide
屏幕前的你难道就没有一点错吗？
donk
肯定donk啊，donk鲨五十个不就赢了
其实是妹子，车主还有shiro三个人发大力了，妹车这俩太硬了，shiro二哥打成蛆，紫薇没指望他能不坑。
和黑闪一样，纯靠大哥c
除了特尼尔都得背
zywoo啊
真正懂🦐的人都知道shiro才是最🦐的，没办法Niko营销太好了Niko送的大 shiro送的多，Chopper送的又大有多shiro啊shiro，一辈子就赢一个上海吗🦐🦐🦐🦐🦐🦐🦐🦐🦐🦐🦐🦐🦐🦐🦐🦐🦐🦐🦐🦐🦐🦐🦐🦐🦐🦐🦐🦐🦐🦐🦐🦐🦐🦐🦐🦐🦐🦐🦐🦐🦐🦐🦐🦐🦐🦐🦐🦐🦐🦐🦐🦐🦐🦐
我认为是猎鹰背这个锅，紫薇打猎鹰猛猛发挥导致donk对他抱太高期望忘了他是个本质菜鸟了
我，我发现我一看比赛就有一个队要输。有没有一样的uu，蹲蹲
队友全是神人，空枪怪息肉，i1cpu超哥，喜欢紫薇的紫薇，也就特在补关键人头
肯定是donk啊飞屋一个他把把杀五个不就行了
赛点局跑中路红温开送，他有啥脸给队友甩脸啊
s姓男子
首先心态要稳，这点要学zywoo，稳如老狗
这不是自己找来的人，自己约的炮啊
紫薇特尼尔两人摸 A2 楼被火仔特完那波给我看笑了，带这俩出生怎么赢？
这紫薇恢复🐷籍了，先送走niko，在送走donk
彩笔问题最大
我的问题，如果我当时没有选择退出的话我或许会带着donk拿下无数辉煌💔
肯定是donk啊把把五个不就赢了
息肉是真特么软啊，真特么软啊！
我背，我当时没顶载物号导致的
包是兮若的，尿裤子了来一句我喜欢这游戏给donk干急眼了
shiro稳定了一年 就这一场珉了太可惜了 然后两头柱就不说了  图一有机会赢的或许结局就不一样了
大超和他的前妻
打完马上提出交易申请，可想而知有多生气了
给donk打成大力王了
本来上回没马圣早输了donk还没逆天到能一带4
二十二楼这哥们太夸张了，言论和“不管你充了多少钱，在你黑原神那一刻，你对原神的贡献就清零了”如出一辙，建议严查
狙和卓伟问题最大
说明还是得练，每局杀五个不就行了
个人觉得shiro，迷城后面没杀人
donk为什么要生气
捣donk鬼别捣donk
donk自己。太菜。不杀5个怎么玩
大超的电脑问题~~~~
这么多大哥都带不动donk，你觉得呢
但我说实话，当时下半场的ropz太夸张了，跟透视一样，对面在哪都能接。上半场妹子发挥了几把，拿了几分，拖到下半场ropz醒了，开兜之后表现太夸张了
打猎鹰的时候，紫薇:看我今天把超级巨星步枪手送回家打小蜜蜂，紫薇:昨天送走一个场上怎么还有一个，算了，一块送回家得了
超破除了那个背身，问题还真不算太大，指令也比之前强了。
蛋÷问题最大，dy换紫薇头像导致紫菜原形毕露了
若哲伟，这个major的chopper真还好",https://tieba.baidu.com/p/10299564609,171,所以这锅谁背？
"每天打开电脑前几把还没事，打的时间长了，就会掉帧和抽帧，现在沙二的地板都卡没了，各位大佬，这是咋回事啊不会是cf和洲打得多了给我硬盘扫坏了吧
更新一下显卡驱动，steam cs里面文件检验一下。可以试一试
我也是 重启游戏又好了  之前就出现过。之前的现象是帧率会一直掉到50左右  现在是掉到160左右 但是显示效果一样的。怀疑是游戏问题
看画面这个样子，更像是读取过慢，你是固态还是机械硬盘，如果是机械硬盘，可以尝试将游戏放在固态。第二个方法：尝试升级显卡驱动第三：掉帧和抽帧的问题，你可以去设置一下虚拟内存，以及检查英伟达游戏的驱动 GeForceExperience，点开设置 看到游戏内覆盖这个选项，如果打开了，关掉它。",https://tieba.baidu.com/p/10309921212,5,求助各位20cm+
"最近在准备买蝴蝶的久经黑压和破损蓝钢二选一，但是一直在犹豫买哪个
黑压灰太多了，不如蓝钢
个人感觉黑压。虽然蓝钢在光线充足的地方反光效果好，但是在暗处啥细节就都没了，就黑乎乎的一块。
自动化看看?
蓝钢在0.25以下都有裂纹，在暗处挺明显的
深红之网
黑鸭灰太多，不如大马或者自由
磨损高了就会有这种裂纹，在一些暗处看刀面就跟沾了灰一样
黑压不是更灰？一步到位加钱吧
黑压，搭配猩红头巾很不错
蓝钢是牢大啊，还是黑压流通性好
蓝钢得挑，黑压无脑买都一样
1158话估计要抬加林圣了冷肆",https://tieba.baidu.com/p/10309185759,32,求建议
"锯齿二选一，一直喜欢锯齿，之前买不起，现在只能看看这两个，大学生想少亏一点，推荐买哪一个？
还有就是芝麻信用没有600分，一直都用微信，想租刀还要交押金，押金大部分都比刀贵，就有点不想租
生锈流通性好，大马反光好
生锈，非常好卖的皮肤，哪天不想玩挂底价几分钟就出去了
底价低10块求购一把生锈，不想玩直接底价出，基本不会亏，每天成交量也很大
2好卖，一能返点光，看自己想玩生锈吗，都租点弟弟刀来试试
生锈体验感不太行",https://tieba.baidu.com/p/10308876525,15,二选一，预算1.5-2k
"鼠鼠是县城家庭，今年刚上大一，家人就查出癌了，想分担家里的经济负担，把之前配的刀套出了，有没有老哥看对眼了收一下
西装发票1449，短剑发票920
正常价就挂着卖呗，还能卖不掉？我还以为什么传家宝呢，用不着这么求人
短剑还有三天cd
可以挂预售
手机也可以卖
不砸收单？
xd，这两件卖了也没多少，你花点时间去看看水滴筹捐款啥的吧，那个会更有帮助
早期就配合治疗，晚期你这点钱也填不上那个窟窿，只能祝你顺利
搞个水滴筹之类的筹款吧，这点钱不够干啥的
2k块钱拿出来有什么用？不如自己留着玩算了。
早日战胜病魔，加油！
如果是真的经济上负担不起可以去水滴筹之类的平台试试
早期的话积极治疗大概率有希望的，晚期就真没办法了，多陪陪家人就好了让家人快乐点
正常价挂着，或者丢求购，真是癌用不上你这三瓜两枣，半天营养费都不够
感谢各位老哥，现在病情稳定，先挂正常价回血，希望大家保重身体，保持自律，未雨绸缪，珍惜眼前人
祝早日康复
什么分型分期？
握草真的假的
手套卖掉了嘛，价格挂的有点低啊",https://tieba.baidu.com/p/10276165822,24,退坑出饰品，有没有看对眼的老哥收
"手上一直有把自用荷鲁斯，但是垂涎九头金蛇好久但是买不起，这次也是轮到我吃麻吃串吃炸了能到的话之后想用荷鲁斯换把九头金蛇玩玩捏
九头金蛇一次major产出1000个的东西赔给荷鲁斯提鞋？
刚好我都有，九头还是权威的，感觉还是有点难吧，看荷鲁斯有没有人拉，有人拉就不是一回事了。
你有的是什么磨损呀楼主
到不了，感觉荷鲁斯崭新上个2.1w就差不多了，除非王风坐庄
什么辣机  当时几百的时候7天直接扔  看都不带看一眼的  暗不拉叽
我是0.01的无损九头和无损荷鲁斯，说实话，如果非要我选，我选荷鲁斯，因为awp颜值高的很多 A4反而很少
是我审美有问题吗，我之前把荷鲁斯出了换了这，荷鲁斯看腻了都
可惜是A4,看武库后面上啥了，要是上A4红，颜值还高，还真不好说
何必纠结金蛇呢。荷鲁斯应该有金蛇的高度但没这么快。
我觉得破浪狂飙才帅
我都有了反正
对标合纵
咋不可能，黑蛋都能上天，何况这个颜值不低的收藏品",https://tieba.baidu.com/p/10309663062,25,大家觉得荷鲁斯能不能到九头金蛇的高度
荷鲁斯别拉这么猛啊几天前崭新8000，这才多久就快两万了。一个cd都还没过去，到时候撤回的人一堆。你怎么说也得2个cd以后，自己的货吸的差不多再拉才本钱更少利润更多吧,https://tieba.baidu.com/p/10310022669,0,荷鲁斯。。
"双栖大战迈阿密，这次真是一辈子的选项了
无损迈阿密嘛，那肯定迈阿密啊
我投双栖一票
澄澈之水和多普勒p2怎么选
你都拿渐变蝴蝶了你不选迈阿密吗
渐变蝴蝶的话那肯定是投迈阿密一票啊
而且双栖手背真不好看，像蓝色癞蛤蟆
肯定麦子，双栖看起来破
迈阿密不用想
迈阿密显商务
买得起好模板了那肯定迈阿密啊
推荐双栖，确实好看
其实手套一定要持刀好看，持枪的时候基本都是盯着准星，只有开局做默认、回合结束捡枪，才会持刀走路，这时候才能欣赏手套和刀，现在挑来挑去只是一时兴起罢了我个人是选双栖
肯定是迈啊 想啥呢 紫红色妥妥比蓝色好看 双栖看久了花眼睛
迈阿密
迈阿密怎么输呀
无损麦子肯定麦子啊，有黑块的话还是双栖
都挺好的，配渐变建议迈阿密
渐变的话推荐迈，伽马就推荐双栖了
迈阿密 一个黑点难受半天 还得是双栖
你这无损迈阿密还说啥呢
都渐变了，那必须迈阿密啊，再换套粉色枪皮
双栖就持枪好看，拿刀看起来挺怪的，你这无损麦子了肯定优先麦子
双栖，麦子看久了容易腻
你要用渐变蝴蝶的话肯定迈阿密更搭，单论手套的话那还是双栖好看，如果喜欢双栖的话建议配多普勒蝴蝶
迈迈迈迈
双栖，迈阿密现在改得油里油气德像是机油手套
渐变蝴蝶只能迈阿密了
肯定迈阿密啊，买个好点的 既然是用很久
迈阿密
我投迈阿密一票
迈阿密啊
千万别这么想，饰品都会腻，就是要轮着玩才会一直保持新鲜感
迈阿密
主战用的啥 这双栖也够新了感觉可以双栖
无损麦大于其他
迈阿密配渐变也是经典的网红穿搭了，社区小子最爱的一套。个人感觉土的掉渣和整容多了的尖锥脸女人一样。我投双栖一票
配刀迈阿密，配枪双栖
必然迈阿密啊
迈阿密吧。双栖手背破其实影响更大。因为持枪的时候都是关注准信旁的，持刀才有空关注手背
肯定双栖
迈阿密
迈阿密不用想
怎么又要换刀套了哥们
那肯定迈阿密啊，双栖那梅毒手背看着不恶心吗
那必然是麦子啊
真的组一辈子套装了吗
恕我直言双栖根本没有胜算，搭渐变太违和了
肯定迈阿密
迈阿密啊 绝配渐变
我问问你这渐变是多少的 92么
颜色搭配不超过三种是基本吧，本来渐变蝶已经够花俏，还配这么鲜色的手套，真的不好看如果想突显刀的色彩，夜行衣首选吧
迈阿密吊打双栖吧
双，麦的持枪很恶心
双栖无敌
双栖，迈阿密在2里很怪
麦子无敌
迈阿密呗，，双栖容易腻是真的，其实越素的手套越耐玩
兄弟买1租1是最优解，吃着碗里看着锅里真的避免不了
感觉双栖好看点，迈阿密没有go那种质感了
你这刀不选迈阿密还选啥啊
这个双栖模板很顶啊，看着比迈阿密好看
渐变还真得选麦子吧，双栖跟大理石的组合还不错
这肯定麦子
迈阿密在cs2里总觉得怪怪的，以前go那种高级感也没有了，我是更偏向双栖一些
蝴蝶肯定是双栖，迈阿密那手心也就比弹弓好点
双栖比迈阿密玩的久
麦子只有买跟卖的那天开心",https://tieba.baidu.com/p/10308662822,82,决赛圈中圈了家人们
"12.10号前一切正常，后来只有打cs会掉帧，玩别的游戏没事，而且在cs游戏大厅也不掉帧，只有进游戏后会掉帧到只有100帧左右，求助！（i7.14650+4060笔记本）
cpu频率也正常的，能试过的常见方法基本都试过了，除了换系统和刷机。
能看库存就行了，游戏没那么重要
掉帧无非就cpu和分辨率两个问题
这B游戏有时候就这样，打的越久帧数越低
把电源性能调成默认的试试
https://www.bilibili.com/video/BV1Ex1QB4EXv/?vd_source=6e8a83d100c7b754fc42d19b87f95d04#reply280700410881
驱动更新了吗
白胡子伤是谁砍的六烧",https://tieba.baidu.com/p/10303762513,15,cs掉帧怎么办求助
"cs队友画面切换会黑下屏 今天打cs又发现闪退 有大佬知道什么原因吗？
驱动更新了吗",https://tieba.baidu.com/p/10309934418,1,求助吧友帮
"今天炼了个0.22的弹弓，有没有懂的看看有没有说法
淡季贴吧
快来人快来人
这个区间还挺值钱的，感觉可以卖5300以上
弹弓看区间看三角区 不过主要看区间吧
没啥说法，啥区间卖啥价，挂着就行，导过几十副，21以下手指灰太多了，然后涨的时候都是涨底价区间涨的贼慢，挺恶心的。",https://tieba.baidu.com/p/10309871705,7,有没有懂弹弓的
"对面也是神人了
不理呗 经常有 我从来不理 这都不是个事儿 没必要
uu/buff100以下没办法砍价
太便宜的不是不能砍价吗
可能是买去一打九的 想把损失降到没有，我也经常遇到",https://tieba.baidu.com/p/10308660760,10,几十块的破枪底价了你还砍
"我该怎么办家人们？现在睡在原神里的椅子上陷入了迷茫😭
反串都不认真点改，放在截图外边，大伙看不到
应该经验+3
我出一把骷髅大理石   不要588W  只要88W   让你赚麻
你这大理石是金子做的？
你现在的当务之急是平仓骷髅匕首
jump
玩原神玩的",https://tieba.baidu.com/p/10309396491,8,炒饰品亏完了一套房
"一九英勇大无敌！
比开箱出金概率高
这运气你就拿来干这个？本来能开绿宝石蝴蝶刀的
还有传奇1打9雷神之锤的
1打9血型运动历历在目
湖怪鸟一打九历历在目
澳皇现在还在吗？",https://tieba.baidu.com/p/10306855188,11,我操 这能出？？？？
要的可以私,https://tieba.baidu.com/p/10310033293,0,同城有没有想认识的？
"糖人一个，t方大部分时间在队屁股后边补枪，偶尔单摸ct大部分时间守点 丢雷丢火我要练什么？道具？枪法？
你打完美首先要学会的是，要输的局猛猛送头，要赢的局不去k头，只有焦灼的局才发力
你该去练育苗打突破
你首先要卸载cs  下载lol
所有fps最重要的就是枪法，所以枪是肯定要练的，每天打点bot，练习育苗，低分局不是要你打配合，一个人杀穿就是了，思路和获取信息的能力在实战中积累",https://tieba.baidu.com/p/10309633331,4,fps唐人要提升应该做什么？
"会有什么变化，能想到的就是给大哥发枪，大哥自己起全甲
那土匪可以4全甲4格罗克 1闪光",https://tieba.baidu.com/p/10309967787,1,如果手枪局只给刀，但是初始1000块，输赢加的钱比原本少200
视频来自：百度贴吧,https://tieba.baidu.com/p/10310034656,0,吧友们鉴下挂，这个片段能不能捶死
"最近一直在buff服社区图里面逛，发现进来检视的人至少有一大半都是用的迈阿密和双栖。剩下的零零星星有几个树篱，王蛇和潘多拉等等，其他的手套就见的很少了，其他的一代更是完全没见过。这也说明这两个手套自用玩家数量应该是最多的吧
今天看到一个挺好的双栖的，要不是已经有了，都想直接拿下了，磨损和监视都不错的
还有那个收藏品格洛克怎么偷摸摸涨了这么多，前几天免费租了一把，今天直接给我撤回了，气死我了，诅咒他永远赚不到钱
再推荐两个最近发现的宝藏饰品
这孔雀石是看b站评论里面推荐的，试了一下，质感确实很不错，尤其配套印更是好看，有套印的可以考虑一下
还有最近租了一把牙签，发现切刀和检视都挺不错的，那种掂来掂去的有一种很轻的感觉，唯一的缺点就是刀面太小了，不然我感觉完全可以和三幻神比肩
这两个颜值不差，性比价高点，就是太吃磨损，得好好挑一下，一代潘树导和服这些还是贵，真正自用的没那么多。
最后再温馨提示一下，这次的周任务是殒命大厦哦，上次大厦任务是10月23日，那么明天v社会不会给我们端上什么新的内容呢
双栖很顶，但是要找个好模板太难，如果这手套没那么吃磨损早就起飞了
其实猩红挺不错，价格也没顶起来
axia刚买就涨了400，希望能撑过CD吧
鹅鹅鹅个
不是最多的，但一定是最想要的，除了一代富哥玩的那些",https://tieba.baidu.com/p/10309583109,21,双栖和迈阿密还是顶啊，自用玩家的最佳选择?
"1：一坨，别排我家里2：很讨厌，但是勉强能忍3:  中规中矩，不讨厌也不喜欢4：顶级，能排到这样的队友会很舒服5:  神中神，求你了，把把给我排这样的队友
1.喜欢唠嗑东百人
2.暴躁东百人
3. 不说话叹气哥
4. 拉拉队队员 会鼓励队友 提供情绪价值
5. 正常人
4. 奇怪的绝活哥（r8 鸟狙类型）
6. 乞丐 求发刀发枪
7. 挂钩
8. 紫色自由人
9. 指挥哥
10. 掉线哥 经常掉线 掉线2把之后回来
11. 野牛小子
12. 方言交流者
13. 女性和她的舔狗
14. 炸麦
15. 道具高手
16. 爆头哥
17. 身体哥（0爆头率）
18. 道具低手（喜欢丢道具但是乱丢）",https://tieba.baidu.com/p/10308972036,65,cs队友打分
"前面从锻刀开始一直租的手套刀子结果吧里一直让等越来越高了，现在市场明显横住了是不是自用可以买了，一直租的不得劲还是想买，前面买的主战刚好一起换一波，现在好像都稳定了
好想买酒精低价迈阿密，3500等到了四千五，但是低价有点破
横盘了，不知道是买OP短剑还是大码短剑好一点
对的，我已经入了一套虎牙m9加老虎精英和七七八八的枪皮，万把块了
肯定不能买啊明显导购拉住等你们上套呢，买了就等被套到后年吧
不建议入高的，有中档的可以入，但明显后期会缩盘，你现在买就是亏。为什么让你入中档是因为就算跌了就当折损了，那些价偏高的如一代都是左手倒右手千万不要入，其实最好的就是买炉渣，现在不可能再低了。就那些七八百以下的。
想买就买 潘子和迈子都是我本科玩csgo时候的梦想 如果没有锻刀大行动真不知道啥时候能买得起 这久经底价挑了一副看着还不错的 昨天晚上阿努比斯五杀队友都在夸我手套帅打得好 狠狠自用了
目前来看也就一代手套，二代三代迈子弹弓夜行衣护的住，刀就买把两三k玩玩得了
还会掉的
便宜的随便买吧，亏个百十来块钱无所谓了，别买高端货，那些是真不好说后续如何
前几天入的，感谢 v社五合一，虽然让我的蓝宝石 m9 亏了 3 万，但是现在玩得起红宝石蝴蝶了
差不多了，一代别碰就行
感觉可以，换了三套了，结果换来换去还是最开始自己用的那一套喜欢，就有陆陆续续都出完了，现在就留了一套自用，还剩下一个酒精双栖，能出就出，出不了也就自用传家了，感谢v社炼金✌
我买了个弹弓和渐变m9，玩一周了也没掉多少
是的，现在腰斩了本来玩一把刀现在能玩两把了，T和CT换着玩
借楼出一套传家宝，自带价来聊聊，传家宝火神已经出去了，剩个极限磨损超导体
现在纯泡沫 量太大了",https://tieba.baidu.com/p/10294002964,29,现在是不是自用买刀皮手套的最好时机
"V社真是懒死了，周三了还不更，结束都几天了
这次没有说出高光纪念包，上次的高光纪念包是主办方剪辑做的，这次主办方拉成这样会给你剪?",https://tieba.baidu.com/p/10309849895,3,布达佩斯major决赛的高光纪念包怎么还不出？
刚玩这个游戏40个小时，对这个游戏兴趣很大，看了三四年比赛了，最近才有条件玩游戏，道具什么的也合格了，但是rt，和枪法挺拉的，看了demo以后，我感觉我的思路还算可以，死也主要是队友死了以后被包围(本人爱打狙)，我想更好的提升自己，想问一下各位大佬们接下来该怎么办？,https://tieba.baidu.com/p/10310048527,0,C+想提升自己该怎么做？
"今年配了新匕首吗？
配了，被撤回了
v社都帮到这地步了还有人嘴硬等800的蝴蝶才是最搞的
不然问什么  难道问你今年被挂钩踩头了吗",https://tieba.baidu.com/p/10309907320,3,这年度回顾也太搞了
"大佬们，我的笔记本打cs，视角在亮的地方屏幕亮度会自动变亮，在暗的地方屏幕亮度又会自动变暗，是为什么啊？之前没有任何问题，就这次上游戏开始，玩的特别难受
驱动更新了吗
HDR设置?",https://tieba.baidu.com/p/10309975787,4,大佬求助，呜呜呜呜呜呜呜
"今天一天没上贴吧没玩游戏，才上来就看见大家说今天的周任务是殒命大厦，那种事情不要啊，我昨天晚上才买了手套和印花集a1，今年真的行业冥灯了，我才买传说蝴蝶，第二周就加了黄盾，忍痛玩了几个星期一卖就涨回去，然后没忍住又买了龙9和手套，一买就遇到24号灾难日，昨天晚上我又像是不受控制地下单了，难道真的这么玄学？
完了，那我真得清仓了
满仓  明天更新不出幺蛾子我直接起飞
更新弟弟刀分解",https://tieba.baidu.com/p/10309936473,5,不要啊那种事情
"吧友们给点建议
一换短剑多普勒试试
短剑换op
刀型＞手套
ak是红线",https://tieba.baidu.com/p/10309233138,9,标题五个字二选一
"贴纸预算400左右目前考虑奥斯汀全息液体，或者效果好的金贴
四张GL2023巴黎，只要一块
布达佩斯金贴不挺适合的
21，22银液",https://tieba.baidu.com/p/10309772646,3,传承贴纸推荐
"rt每次加班到晚八点或九点，打开电脑，神情是麻木的，启动cs，操作是疲软的，反应是迟钝的，思路是混乱的。有没有人感同身受呢？
累就早点休息 洗完澡躺床上刷刷手机得了 你这是强迫症
一样的，我27了，打开游戏也不想开对局，怕一局2/30分钟受不了，也没有状态玩，感觉在为了做任务玩一样
我每天跑业务 一天150公里这样跑 回家以后还要做家务 然后再去健身房到家八九点可以和朋友开两把完美，不过最近觉得确实不行了 太坑队友了，现在就每天打死斗刷星星 刷着刷着也快两千颗了总而言之心中保持对游戏的热情！",https://tieba.baidu.com/p/10310037693,4,下班之后很累怎么继续打cs呢
"还有水城还会出吗
这黑红的多普勒我还第一次见
水城死了喵
太帅了妖刀
她吗的怀念go时期的传说 还有王蛇
水城这么经典的图不出不太可能，但是什么时候出你别问
我觉得黑红比蓝粉帅
太帅了
水城，为什么你还不返场呀
go时候的老虎也比现在好。
go的皇冠也好看的多，到了2感觉灰蒙蒙的
确实go的很多效果，2里面都不太行了
🤕G胖还我Go时期冰火现在的冰火大理石跟P1一样
问下图里的手套是什么？
水城警真坐牢
go的西装也好看
特怀念完美那个16人混战，比官匹休闲好玩很多，go时期十来个房都是满的，现在人多的时候也就寥寥几个房满，我滴水城啊
把我冰火双栖闪盾还给我",https://tieba.baidu.com/p/10306006652,33,怀念go的p1了
"武库是纯手刷的，一把优先大概能赚满一颗星 五张通行证就是五颗
也是手刷 但是是打死斗 五把死斗能打十颗星",https://tieba.baidu.com/p/10310044134,1,有谁跟俺一样
"老生常谈了，但这次带着任务过来的，给我一个喜欢玩鸣潮的朋友搭配长离套装
换夜行衣
肯定第一套啊
纯色系容易腻是真的
除了都有红色，还有什么相关的吗",https://tieba.baidu.com/p/10309979491,10,理性讨论这两套哪个更搭
"个人猜测有三点：1.BUG。但是没有更新+Major一结束就消失过于巧合。所以我个人感觉是bug概率，相对小一点点。2.规避赌博铁拳风险。0.027％的概率让V社选择下架收藏包。3.为明年出新包销量做铺垫。直接提前下架让阿努比斯足够的时间开燃爽吃steam手续费+龙头效应让明年的新包更好卖爽赚游艇油费。
为新东西上架让路
肯定是要上新收藏品
叉猜测车收藏品
几年了下架也正常，可惜没上车，一直想拿一把赌的，反而是随手买的一个收藏包给我吃上了十几块
叉车收藏品直售呗
是不是bug，v社一句话的事
销量差，换个收藏品
叉车收藏品
服务器硬盘空间不够了
不是说直售收藏包是一个尝试吗，我感觉就算上新可能也会在武库里了
叉车收藏包上架武库4星兑换，直接卖爆好吧
叉车上直售吧，阿努比斯挂两年了下架也正常。不过也存在出bug的可能，按理说应该叉车直接替换阿努比斯来的
都叫收藏品了，再怎么耍赖总得下架吧，不然烂大街还有什么收藏价值。AK传承该做成收藏品的，可惜放进了最烂的一个箱子
销量不如放武库好，我觉得就这么简单，这东西本来就是当时没有大行动也没有武库才出的
之前上架那会儿说不久就下架存量直接上天了几年都没消解完。现在下架换个新的同样剧情还能再冲一波销量g胖游艇上缺个直升机了说是
只有一个原因，要出新的收藏包了。。
这几天快要更新冠军胶囊了，看有没有公告说是bug，没说就默认下架准备出新的了
定时下架+上新
更新后，阿努比斯收藏包上架到武库，3星换一个。
看分析得到了之前显示阿努比斯包是空的+推测新阿努比斯图轮换遗迹可能会有2026年阿努比斯收藏包（全部都是猜测勿信，明天有更新就基本知道了）。是BUG的概率又小了一些
这只猫有格调",https://tieba.baidu.com/p/10305169966,25,阿努比斯包下架你们觉得会是什么原因？
"一把酒精可燃冰，周周0元租的破烂手套和弟弟皮，闹麻了。。
这都不是他的饰品
哈哈哈哈
打比赛时有人送最顶级的，谁还买，这应该是打比赛之前买的
哥们你想想你这边正打着比赛呢，然后告诉你5合1了，你的崭新野合从15W变7W了，你还有心情打比赛吗？
冷知识大部分职业哥饰品都是别人的
我记得京介家里条件不算很好，肯定是不如小孩那种，反正比赛有人借可能自己平时就省点吧
未成年能有多少钱
石油工资高的很，单纯不想换",https://tieba.baidu.com/p/10306469186,16,我看这kyousuke也是空仓🐶
"其实不是说现在这个妹子吧主，前几任真的太离谱了。 其实吧主这个位置新来的朋友可能不知道，以前的悠悠塞钱给他们打广告，然后吧里弄机器人删有关buff的言论。 这波广告真的打得太成功了那段时间被拉黑屋的可以说是非常多的，悠悠也是那段时间大获成功啊。再说说吧主这个位置，从伊藤成开始，贴吧官方不让完美的呱管免费当然后直接生硬的套给伊藤成，再到伊藤成被开盒不敢当吧主，后面又投了个晶哥👮上去，居然也不敢当，现在这个妹子是怎么顶住压力的？现在的cs说实话肯定被三角洲冲击的很厉害，我个人感觉啊，就剩下一些老师倒🐶可能会投钱给这个位置方便打广告，花个10w15w的也许都愿意
其实伊藤成刚被开盒盗号的时候我写了一个帖子在主页，当时感觉这个位置是真危险
这些吧主吧务全是吃烂钱的，一直都这样
大X萌妹
无双是妹子？何意味
现在吧主是妹子？！
老账号有幸经历伊藤诚竞选，那段时间的贴吧那叫一个火热，可惜号码太久找不回来了 不然还能找到当初伊藤诚力战群雄的帖子
经历过那段时间，全是瓜
这种能打广告的大吧都有钱收的，比如显卡吧之类的，不然怎么挣得头破血流
已经过气了没人打广告了
带把的妹子
小道消息，吧主是g胖的女儿
我觉得现在可以了，至少把打广告和涨跌导购贴管的差不多了，话说怎么竞选吧主，感觉十年过后我也不是不能竞选一下
这个无双我对他有点印象，21年22年的时候好像一直挺活跃刷存在感，我第一次csgo退游的时候他好像混上小吧主了，没想到现在都成吧主了
不知道，只知道现在是
其他不知道啊也够伊藤诚是真私募
说实话，这个“无双”我没🐔⑧印象。
毫无存在感",https://tieba.baidu.com/p/10309685831,28,关于go吧的吧主一些话
"视频来自：百度贴吧
打的比较随意要大顺风要么炸鱼，细分不到顶层，但能被抓B门的timing就不会太高，受害者视角来看选位稀碎不会提地速还有个静步隐身的神人像BB+局，主视角A+差不多
鼠标控制力有答辩S的水准了，细节看不到太多，还漏个侧身没看，暂定有答辩S的实力",https://tieba.baidu.com/p/10299248037,6,兄弟们，猜段位
"在b站看到一个打优先被零封都能骂队友的人，然后下面评论一堆人都是让新手去玩休闲别碰排位和爆破的。但是实际上这游戏正常玩法就是打爆破，你打个完美5e上来也都是直接给你弹定级赛哪来什么匹配模式。这些话就像是玩撸啊撸让别人别打排位先去玩大乱斗一样好笑（虽然大乱斗确实更好玩）
甚至连平台的排位都不是，每周打个经验都能压力别人，甚至开个视频来问候别人家人
这游戏你现在就是能感觉到，氛围好的局都是顺风或者至少旗鼓相当，开局劣势一点输个三局就能听到标准的压力怪口音和固定搭配了
现在cs氛围就是既希望有更多新人玩好维护市场和游戏热度，又不希望自己遇到，被坑了就要把人骂走
你不是新手吗？新手匹到的也是新手啊 只要你正常打有开麦 队友有什么好叫的呢 另外低分段不应该非常欢乐吗 上了段位才感受到什么叫只想赢 没有低分段的嘻嘻哈哈了都
骂人马上屏蔽就行，只要是竞技相关的游戏，少不了互动环节休闲也一样，没有人喜欢跟菜鸟队友一起被对面打爆的
如果是作为老b那没人喜欢noob，尤其是态度恶劣还自以为是的新人，这种连萌萌人都算不上。当然自己就是noob觉得别的noob比自己更唐那没话说了有点眼高手低了。至于应不应该上来打爆破，要是想进步那别的乱七八糟的练法肯定比埋头打爆破效率高多了，如果就是打着玩那也无所谓了爱咋咋，看人还是。
多输几把把分数扣完就没事了，别管他们，我当时也是无fps基础入坑，一直输不知道输了多少，最后官匹给我定到白银2了，当时段位系统最低是白银一，后面想提升，自己慢慢练也是上过答辩s，虽然现在没那么多时间玩了，在a，a+徘徊养老
休闲怎么能对应到大乱斗的？顶多算快速模式或者匹配，军备竞赛死斗啥的才是大乱斗啊，而且有些人路都走不明白枪都不会瞄准，确实应该先玩大乱斗，等你先学会操作了，再玩休闲或者回防，最后再排位，难道你玩啥游戏都是上来就开排位？更何况cs这游戏没有新手教程，一上来就开排位故意影响别人游戏体验，不喷你难道人家被你坑了活该受着？而且你不应该打完休闲先打竞技模式么？优先是bp，你最起码要有4张熟练图，才能保证不会bp到你不会玩的图。当然你也可以说我就玩玩游戏图个快乐哪来那么多规矩，还什么4张熟练图，我就想玩优先咋的了，我就自私，我就不在乎队友的体验，坑别人我也不在乎，我就新手买优先号直接开优先。没问题啊，但是纯新手上来就优先，进去bp出个你不认识的图，你还走路都走不明白让打个1-13，队友也喷你，你快乐在哪了？还是说你有受虐倾向
先打休闲熟悉地图跟基本操作，但实际上休闲也有小圈子压力怪
你是对自己的技术只字不提，打休闲不行吗？那里没人关心你的战绩
纯新手打成这样子的真不适合上来就玩爆破，不仅坐牢而且难受，玩玩休闲熟悉一下操作，然后再去打爆破，体验会好一些
如果不是来按摩大脑而是想好好玩这个游戏，那最开始应该是去打人机和bot房，熟悉了基本操作和机制再去碰排位
我觉得cs已经是对新人包容度最高的那几个fps竞技游戏了，不信你去ow单排试试
之前打竞技队友10局2个0蛋，终局一个200.一个100，本来想骂的，我保枪，自己用吹子，给他发枪，他攒钱买大狙送对面警察，看笑了，反而不骂。
如果是优先我也会骂。但是竞技我不会
你让别人陪你坐牢十多局，自己不害臊吗
我很少碰到骂人的，毕竟自己也时不时被炸鱼，打的不好只能说对面玩的太好了，正常人都不输吧
你打箱子会去打优先？不应该打竞技？优先本就是冲排名的肯定会有压力
我碰到压力怪我直接关语音我是彩笔不假你能碰上我说明你也是个半斤八两的彩笔
官匹大部分都随便打打经验不给压力大，都是自己玩自己的，想上分的一般都2W以上了，新手也排不到。休闲就是新手熟悉机制地图的好模式，打多休闲竞技上手非常快，我刚玩的时候打了一百小时的休闲，去打竞技基本就是如鱼得水
说实话让对面零封反而没脾气，因为真没招了
无所谓，都排一起了那还说啥，排几个经验bot就老实了",https://tieba.baidu.com/p/10308961089,119,这个游戏新手是不配玩爆破吗？
"我pubg有套柏林，能在steam上卖25000左右，请问在cs2上能几折套现
为啥不直接卖号
下一届major买胶囊，1:1套现
能1比1但你要打武库(类似通行证的东西)并且要等新箱子",https://tieba.baidu.com/p/10310013414,7,各位大佬求教steam余额套现问题
,https://tieba.baidu.com/p/10310067469,0,大佬们，mp7好用还是mp9好用啊
"殒命大厦，对面有个连狙，起了两次 很难，打个a他警家给我俩点死了，中路也很难过，我寻思侧面偷个b，连狙最里面，打死个ct，被他给解决了我后面寻思 我不知道咋打，我给队友起个awp，sg553呢？不行 也没打过
他不打你头两枪才能干死你，你ak有时间瞄的
爆个闪
给闪，起大狙，低段位干拉连狙肯定是打不过的
枪法不够道具和队友来凑呗，枪法够你就自己来个提溜闪拉出去颗秒。道具和枪法都没有你就也起连狙架别的地方。然后换边也起连狙就是了，如果你起连狙也打不过对方那这把你就该输的，技不如人就认栽
这个没办法，只能预瞄颗秒，除非打头，不然他打你要两枪，不过都起连狙了，多半也架不住头，不然完全可以去玩鸟狙
楼上说的对，低段位打连狙只能起大狙给闪要枪位，因为不会预瞄和颗秒，更不会peek接大拉",https://tieba.baidu.com/p/10309770674,6,我是真的提问 警察起连狙怎么打？
"手里有刀的8u赶紧跑 🏃🏃🏃
可能会下架两个挂件和元素印花
在这寻思人民的V社，不爱钱的G胖呢
一个紫色饰品25星，按照规律应该是12500星一个金
静等5年会出的，
求购怎么是你在顶啊lz
最少也要388吧
最少也要388吧
如果是答辩🔪那还真不好说会有这种活动哦。但是200星是有点太少了吧。我们不妨假设一下兑换新手套子
出新刀和旧刀有什么关系，你应该预测200星自选现有刀型 款式随机
说不定过几年这个帖子就被挖坟了
直接自选好吧
静等5年会出的
牛子刀热处理
贴吧反买，快加仓武库
出那个军刺的热处理，一个500星，然后无事发生
不如出个新手套，热处理运动手套蓝行衣
起初人们都以为这是一篇水帖，直到2025年12月18号凌晨4点cs的一纸更新
25星一个粉，25*10=250星一个红，5*250=1250星一把刀或手套
2031年的兄弟，挖的时候踢我一下
宝石警匪刀
1000星我感觉有点可能，但最可能出缸塞之类的便宜货
弹够肥的
200星，2000吧
是的 和csol联动出热处理狂花乱舞
先上一个幽独ak，等两周后星星都消耗的差不多了，再把挂件改成最后机会，g胖直接稳稳赚个大游艇
圣诞主题ak",https://tieba.baidu.com/p/10308990526,42,大胆预测，明天200星兑换一把热处理的新刀！
"40星星💫
bug吧，几个月前就有看见卡出来的帖子
一个紫要25星，红最起码2500星一个",https://tieba.baidu.com/p/10309573148,6,快来人啊，武库上新
"其实暗示地图回归，并非末日
加仓什么
暗示着马上锁交易了，所有人登月计划取消，准备自由落体
意思是殒命大厦就是那个间谍收藏品，阿努比斯上架新的阿拉伯收藏品
主要是叉车古堡之类的一直不出，大厦回归可能性最高",https://tieba.baidu.com/p/10309717915,5,关于本周任务是殒命大厦
"现在入手合适吗？有没有什么磨损或者贴纸推荐
cy有好看的贴纸踢我一下 我也有略磨红线
四连全息哥本哈根navi，最大变色最好的新一代navi
无脑推荐四联IBP
那肯定ibp啊，红线最好就是ibp然后玫瑰
0.104磨损，红弹夹的红板机的。底价＋300入的，牢嘛
出一把",https://tieba.baidu.com/p/10305072610,8,ak的略磨红线
"“直售商品从来不会下架” “买荷鲁斯不是接盘侠”“荷鲁斯套牢了多少多少人”  现在看出来谁是小丑了
恭喜恭喜，看样子楼主这一波最起码赚了小一千万。",https://tieba.baidu.com/p/10309826286,1,在这吧，不要相信任何人的预判，想买就买，不想买就别买！
"莲花，液燃剂，凝视之眼，还有一个不知道了
这个自造卖的特别贵，没必要
这种也好看，那个太贵
谢谢大佬们
总共五张，眼睛那个星星是尖翻-47刮到最后一下，左下角是巴黎fluxo，右边眼睛是凝视之眼，下面是莲，右边是全息液燃剂",https://tieba.baidu.com/p/10308618496,6,有没有大佬知道这把枪上贴的是哪些贴纸啊
"看来明天要早起蹲更新了
时隔8周 jump图再次出现
和意为
今天更新年度回顾点进去就没绷住
没懂    这个任务咋了不会5合一的时候就是这个任务吧
我是阿努比斯，估计阿努比斯收藏包要来了
大盘还没降啊 我想入蝴蝶刀都升了
我真怕了
又要空中飞人了吗
最可能的是阿努比斯收藏包返厂
你这也太玄学了 想多了
疯狂星期四又来是吧
真不好说，major也打完了，带冠军贴纸狗牌啥打包就一起上了
你这太牵强附会了
我知道明天有一件疯狂的事情要发生了
上周阿努比斯，然后收藏包就下架了，所以……
明天会很疯狂  建议先v我50
可以确定的是如果明天地图轮换，大厦不会被踢出预备地图组
明天，V社更新，武库签到系统！
😰😰😰收到，以清仓
完蛋了
看看我的帖子，解释",https://tieba.baidu.com/p/10308332254,49,任务图殒命大厦明天要更新了么
"这纹路和细节真觉得不错 给大家推荐下 还不贵
不如买a1控制台
这种浮雕类型的a4太多了，感觉a4需要渐变澜琳这样的电镀
当年崭新几十块的时候，可没人这么说他
我打这么久了就没见过有人用这个的，
用起来也就那样
我玩过，一般，看起来细节质感很足 但其实设计元素很乱
不如黄金圣骑士的东西
7月份80块崭新
这玩意以前掉地上别人看都懒得看一眼",https://tieba.baidu.com/p/10308957786,12,战场之星 🌟
战痕闹得麻麻,https://tieba.baidu.com/p/10309906043,1,合纵小剧场
未定级，红名，零库存，数据以前一坨，晚上就开始猛猛打bot扫码了真的,https://tieba.baidu.com/p/10309918934,0,最近哪冒出来这么多未定级
我有 看我主页,https://tieba.baidu.com/p/10211098001,5,收把0.27以下的四联玫瑰红线
"走势图都给拉同步了
阿努比斯下架拉着武库吃下架预期了
拉就拉吧，都是导狗在博弈，普通玩家都买酒精和略磨的
反正不能追涨
求求别拉了，荷鲁斯被撤回了，渐变a1也不会被撤回吧
吃预期吧 跟9月底那次一样
荷鲁斯不要再拉了，消息不是久经5200横盘吗？
别拉了，想埋伏一手，再拉就被撤回了
还没真下架就拉，拉起来都没买的想法了，天天炒预期都烦了
这才更新三个月就换武库怎么可能，堵也不是这样堵的。要是过年后开拉还算正常
有货的快跑吧
本来想买克拉考的，但是余额解冻已经开始拉的，买狗狙去了
万一真的要下架呢",https://tieba.baidu.com/p/10308677793,16,不是哥们 怪B和狩猎这样子拉吗
"由于在贴吧过人，身边也给不少朋友做了些科普。再加上看了这么多亏到姥姥家的截图，哭泣的“自用”和自用玩家，我看到了普通人面对金融危机的各种嘴硬和百态，觉得有必要做一个简单的教学。先讲下背景，我是前券商期货从业者，现自由投资人，cs的皮肤我也有涉猎，但在这波大跌前逃顶，目前持仓只有已绝版的画廊和武库，最后一个手套10.22晚间出售，包里有个3600买的虎牙流浪已经白菜价，但对我没任何影响，因为我持仓过几千万的期货合约，也逼近过爆仓线无数次，心态比一般人好很多。首先定性一下此次的更新：类似08次贷危机，黑色星期五的历史级别危机。开篇明确一个概念，金融市场是人性的市场不是科学的市场，任何试图用科学解释市场涨跌，预测未来物价的行为都是蠢猪，因为这些预测或多或少都认为价格“应当”是多少，比如很多人说的崭新运动手套难练，增加的幅度不高不至于腰斩。这个理论首先就是假设持仓的人是理性的能立刻算出炼金增加的多少和供需，这就是纸上谈兵，记住下面这句话：“金融市场的涨跌来自于人性的期望和对物品未来价值的信心所构筑而买断未来的价格”。如果你认为市场是理性的，那么所有的股票价格都会是一条直线，好比一个公司一共100股，一年挣100块，那这个股票只应该卖1块，且一直都是一块。既然市场是非理性的，那么认为自己相对理性的人就会充当二道贩子，在这里叫导狗，在正规市场叫机构。是的你别以为其他金融市场没有导狗，事实上真正的金融市场导狗比这里更加猖狂，我把他们名字念出来你都得抖三抖：中信证券，中信建投，高盛，摩根斯坦利，摩根大通等等。这些家伙跟政府的关系就相当于g胖跟导狗甚至是一伙儿的。这些机构会大量购买市场的股票，就跟大导狗会大量囤积刀手套永恒野荷等大件。而引发金融危机的起爆器，一般都是他们，拿次贷危机举例，当时暴雷的是房地产相关的资产及股票，按照现在情况就是刀和手套出的事儿，别的品应该没问题才对，但事实上金融危机让整个美股熔断，所有资产全部下跌，这就是非理性的恐慌，因为机构也就是导狗手中的地产资产亏损了，别的持仓还在盈利，自然会用已卖出已盈利的持仓对冲已亏损的下跌，完成整体的风险对冲，这样做就造成了本不处于卖出范围的资产同样遭到抛售截图我在上午九点做出预言会有全线下跌，11；30观测到永恒等绝版产物腰斩。这就是危机的画面，如上文所说，导狗们会卖出已盈利的持仓，以及出于规避风险的因素对冲。另一个支持我判断的是整体散户的卖出是基于对底层逻辑的改变，五红炼金动摇了二十多年积累的信誉和系统信心，让整个市场的上限永恒的遭到抑制，接下来就会出现非理性的超卖，也就是已绝版的枪皮同样腰斩。有些机会主义者会抄底，这是可以的，但作为t+7市场，反弹高点没办法立刻出手，先前跌下来的没出手的人会在第二个高点出手。形成死亡螺旋，所以抄底收藏品的你最好心里承受能力好，这个短线不是一般人能玩的。太复杂的就不讲了，金融学本身是心理学的范畴，比较枯燥，喜欢的可以去看看索罗斯的金融炼金术。我也不是导狗不开教学，觉得我说的不对的可以自己操作，祝您发财。
持有绝版收藏品在v社出复刻前是安全且可以挣钱的，但抄底不一定是现在，并且这个帖子如果扩散多了，那收藏品可能会立刻上扬，机会自己把握，我不开班收徒，毕竟互联网信息时代，市场的变化会因为信息快速传播立刻产生影响
补一张次贷危机道琼斯指数的月线，你可以看到第一波下跌后市场会有不少微弱反弹，但是真正的反转底部用了差不多一年半才形成，cs2市场小，波动剧烈，但短短两天就反转我个人认为还是太乐观了
绝版收藏品可以留着会有小反弹，但时间会长，刀跟手套不想玩了直接卖了回血，继续玩就当给了
看完了，流浪者送我
冷知识：v蛇在DOTA2最喜欢绝版复刻了，返场了好几个绝版至宝
没什么别的反驳的，提醒一下，少了个国泰君安黑色系究极罪魁祸首，爆过中信
所以手里就一个刀一个手套的玩家也跑吗
生锈蝴蝶昨天2700忍痛抛了没问题吧 我就一个高中生 这把刀从暑假开始玩到现在 第一次体验到亏那么多钱 害
6w库存只跑了3w，楼主说的对，市场信心太重要了，这次真的打击到太多玩家，很多都是割肉跑路的
总结一下，现在抄底的就是在半山腰，给导购解套的
一代手套还有救吗
只要在线人数不掉，v社一年内不再整幺蛾子，绝版枪皮肯定会涨回来。现在整个市场都在恐慌，但是你也会发现已经有一部分自用玩家开始入手刀皮和手套了，cs游戏里不玩市场的人实在太多，他们永远都有“自用”需求
楼主说的金融的这些理念我不懂，但是学到了，我觉得这个饰品和金融不能挂钩，不是一个东西，V社这么改就是让饰品回到他本身的价值，不让炒作，饰品就是一个皮肤，是一个游戏的附属品，我们玩的是游戏而不是炒作饰品，我是一个经历过原版蝴蝶650的年代的人，我弃坑很大原因就是我玩这个游戏不能拥有我喜欢的饰品，我觉得V社就是想让这个游戏变的纯粹。
差不多是可以认同的，上一次19年的疯狂，是用了差不多2年半的时间才修复回来的，这一次太爆了， 想回到暴跌之前的价格，是非常的困难了
难得的有营养的帖子
楼主基本上说的都是正确的，但是个人不太认同比特币是资产这一说法黄金是资产，因为黄金是贵金属天生是货币，自带通缩属性，而且还有工业用途消费用途，且目前人类不能再生产；比特币个人认为没有这些属性
大佬美股现在看好哪些？
你的理念很像彼得林奇啊。
兄弟们这个饰品本身就没达到现在这个价值，全都是泡沫，都是炒上去的，记住永远不要赚最后一分钱。G胖肯定是要出手的，DOTA2就是个例子。
这才是有价值的分析，而不是那些拿着炼金的数据一顿计算，最后说现在的饰品是超跌的那种人
一定是步dota2后尘的，v社会一步步让导购彻底死心，收藏品很可能复刻
装几毛老师啊 你咋不死了呢
太牛了哥，居然能知道今天早上会跌！
CS这种市场不存在分红。没有成长性。 纯粹的以收藏价值来做基础。  这让我觉得这个市场就像钻石行业一样，之前卖的贵是因为开采由国外大资本控制。 现在河南焦作的人工钻石工业化生产，直接被打破了宣传的什么“一颗永流传”这种洗脑神话。 这波五合一的操作就是打破刀皮的垄断。  也不是说一分都不值，只是让价格回归价值。   绝版皮肤现在就像文物，而文物的价格又受整体经济环境的影响。   总得来说，普通玩家以后能跟开心，但我反正赚不到我认知以外的钱，绝版皮爱谁谁吧。
5红炼金，妥妥的就是要价格回归了，按炼金逻辑完全可以10红
老哥，因为上个月我把刀套卖了全买绝版红，所以这俩天清仓留子弹可以吗，亏了不到10%
实际上是这种市场分析什么用都没有，g胖钱真是大风刮来的，根本不在意二级市场死活，有一天脑子抽了跟dota一样库库整狠活整个cs市场直接死绝
虚拟货币 1011 行情直接干爆 190 亿美元流动性，是整个加密货币历史上爆仓金额最大的单日，人家现在还在修复盘整，cs 这种不是属于黑天鹅，市场都不存在了，底层逻辑都崩塌了，跟某些山寨币一样，无限供应，还是没有解锁期的供应，整个大盘阴跌已经成必然，以前的价格属于历史大顶了，炼金机制不改变永远不可能上去。不过改变了也没用，现货存量已经比以前多很多了
说破天cs市场无法套用传统金融理论，g胖拥有绝对的市场控制权和所有关键信息，短期见底有机会反弹也是g胖没有进一步骚操作，呆的久了多少都能说出点道道，关键问题是你能预料到这次砍到大动脉的更新么，说不定导购都被气跑了g胖一看也急了，过两天就回滚版本了呢
差不多，我感觉刀和手套是死完了，逐周跌直到和红的价格达成平衡，至于收藏品，我不大看好那些超万的大件，反而武库挺看好，这个是有个绝版的预期在，而且G胖即便真动刀收藏品应该也是先从老的收藏品开始动，刚绝版的cmyk之类的马上就返厂也不可能
加入t+7时已经预兆今天了，最后一次警告了
有没有省流，太长了
蝴蝶22000上个月买的，什么时候抛售合适呀老哥
金融你妈，CS饰品市场本质是建立在玩家需求的二手牛市
终于看明白为什么崭新枪皮跌这么多了
老哥厉害的，好奇问一下老哥您金融方面的学习历程是怎样的
老哥预测一下啥时候跌到谷底啊
老哥好 我想以私人身份请教您个问题 您随意说说都行  就是这对前些年的胶囊和印花来说是怎么样的？您觉得未来怎么样呢？
v社希望赚钱 那就希望玩的人多 steam手续费 武库 开箱 你们在第三平台导来导去 炒上天都和他没关系 人家当然不肯 ，刺激你开箱 刺激你买武库通行证 定价权在钱多的机构这里 那就索性掀桌 让你知道谁说了算 收藏品炒上天大家都迷恋 那就我就出合贴纸 收藏品返场 我就是要玩的人多 都来我这里消费
大佬对A股有研究过吗？最近在A股里亏的有点麻，投的半导体行业不知道还有没有希望，打算做个中长线
你对于商业周期的理解很肤浅，特别是次贷危机，存在经济规律而非单纯只有主观的心理学，并且，严格来说所有人的所有行为都是理性的，但不一定科学（即选择的手段客观上能达到所想要的目的）
只是个幸运的导购罢了，没区别
所以短剑能跌到300么，我求购发了个三百明天有没有老哥扔给我
现在已经完全不是重新估值的问题了，是所有手上有筹码的投机者和上帝博弈，v🐍就是那个上帝，这个市场不是btc不是黄金或者期货。更像是名画，古董
v社现在能5红合1金 那以后就能5金再合一指定刀型 我觉得这个只是时间问题
今天割肉及时止损下周重新入场支持吗？ 我玩这游戏六年了 也会一直玩下去
对冲那有点价值，其他就
哥们，加密货币的接下来的走向你怎么看。btc eth sol  Bnb这些估值比较高的这几个币种
金融学是心理学的范畴这句话太认同了
说白短期止损了30号cd前找个合适价位 该关余额的关 该丢求购的丢
绝版皮肤长期来看肯定是相对稳的。刀和手套是真没救了。 最近想换余额，箱子就很好，早上buff能比steam市场便宜一半，市场23，buff10块，我直接求购换steam余额了，市场跌到11.7块，才相当于直充… 不过因为大量垃圾红皮疯涨（几十倍原价），未来steam余额比例肯定是爽的，买游戏会便宜很多。
也就是如果是玩市场的，不管现在跌多狠也得想办法抛了。如果是玩游戏的，反正都跌这样了，那就接着玩呗。我是6w亏了3w5，最低点亏4w，看这个说法感觉得亏5w啊
所以说大部分饰品的价格还会跌到更低吗？低到什么水准？
请问除了索罗斯金融炼金术还有哪些书籍推荐
为什么不看特朗普的我不是股神
感谢指点
游戏就是游戏，和金融市场完全不一样，一次更新足以摧毁一切
本来看你吹的头头是道的，看你推荐人买英特尔就笑喷了买英特尔还不如现在就去uu大抄底，结果是一样的，cs饰品就和英特尔这家公司一样，已经步入历史的垃圾堆了
Cs饰品被强制剥离掉了金融属性，v社想干嘛就干嘛，从此之后cs饰品就是一个彻彻底底的游戏道具，这才是v社一直在做的事情，把自己的游戏变成彻彻底底的游戏，能挣就挣，亏了也没人会背锅，因为所有的事情都是临时凑了几个人一拍脑门决定的
招笑金融从业者，上财还是清北毕业？除了这三所毕业外哪还有能进大券商的？“前期券商从业者”“自由投资人”你不如直接写个散户算了
你好，想问一下楼主手套和刀已经割了，现在库存大概还有三四万的千百战探员收藏品，现在走掉是个好的止损时机吗，谢谢
意思是今晚这波反弹是给人出货走的吗
意思就是现在反弹一下是为了更好的出货 底在等那波货出的时间并被影响到是么
金融phd在读 昨天稍微一点点抬升 我把大件全跑了 认亏2万 回头重新配喜欢的饰品得了 现在金的价格护不住 红的价格炒不起来 30号 第三方交易平台的红结束cd后 绝对是大爆特爆
导🐶还没出完货呢，这样你不是砸他们的饭碗吗
挺认同的，还得是实际的分析才有人看，我发的小文章就没人屌
挺认同的，散户对于买入和卖出基本上不会用到理化分析。支持他们作出决策的无非是信任与不信任这俩因素。因为过于庞大的金将随着各位锻刀大师的微操而流入市场，真正把饰品交易当做投机者的玩家只会想着能跑就跑，在真正想为平价刀皮付费的玩家消费完全后，市场才可能回升。只不过我想可能真的需要很长的一段时间了。
股市的“追涨杀跌”这种初级课程都有大把的人不学不信，救不动的哥们
非常认同楼主关于市场上限和导勾的理解
收藏品也不敢碰了 怕哪一天返厂或者复刻
好文，支持
生搬硬套了，不同于金融， 这个市场是有上帝的。还有，红锁事件影响比这个大多了，cs 市场还能屡创新高，除了导狗外另一个原因是，可交易的饰品是某些灰色资金套现的工具。
和我理解的差不多，最大的问题就是信任危机。51那时我认为是这个游戏的顶了，但是黄盾让我感觉这个市场的承接潜力非常大所以黑蛋事件后我入场了，经过这次黑天鹅今年少赚了1.5个左右。我特地去看了dota的饰品历史，我现在真正了解那些几年前唱衰csgo市场的人了
感谢您的分享，真的说的很好。
楼主说的挺好的
大佬，如果想买一把刀，那么多久以后价格会趋于稳定呢？
有两个问题想请教一下:1是如果cs市场出现像dota那样收藏品返场的话，是不是就代表整个市场都要完了，到时候还有什么板块能玩么？2是您觉得这次末日探底后回暖大概需要多长时间呢？
V社的下一次更新很重要，看他更新的内容猜测他对饰品未来的态度就知道了。假如还是延续以前的开箱模式，那么我觉得情绪修复会加快，24号或者30号可能是一个最低点，如果他选择革新寻求一种新的直售赚钱方式，那么市场会加速向下，24号和30号就不会是最低点
咋没人评论了
怪不得这么有钱
好难受，楼主装死了
什么玩意都来评头论足了？
依旧末日当导师，实际网络嘉豪一枚
哈哈哈哈哈哈哈哈哈闹麻了",https://tieba.baidu.com/p/10154772046,272,金融从业者，开个面对金融危机的讲解及未来的走势预测
"我感觉很不错
的确好看，很配超导体
收到，准备出货
原来是你在扫货，早上8点在售90多件现在就60件了，我的也被买了
开过30多把，崭新3把
价格起来了自有大儒为我辩经
价格也很顶
目标7K
武库的皮肤其实都挺顶的，就是有些涨起来了，这手枪便宜的时候400不到
玩过，get不到哪里好看了
收到，准备出货
要炒货就直说，现在默认玩CS的，尤其逛贴吧的都是导购，有大小之分而已
主要亮闪闪的地方都在把手哪里，套筒有点单调但是算好看的
收到加仓
这两天莫名其妙涨了点，本来还想买的
确实，加仓！
一般，持枪太黑，检视确实好看
我觉得这枪崭新的以后比他上级贵
其实我觉得镜面马赛克性价比更高些
这个至少明年三月份才下架 现在就炒有点太早了
套筒太单调了没买，买的镜面马赛克",https://tieba.baidu.com/p/10308853305,36,武库axia这把手枪颜值很顶
"有倒出来的余额买应该还是赚的，花钱买就算了
倒个8折余额能赚40，就是不一定跑的过cd
我建议拿了自用，玩2月再出不亏",https://tieba.baidu.com/p/10309657289,5,终端开出来的，有买的必要吗
"天天调侃兄弟们的可燃冰，今天心血来潮挑了一套超级性价比绿色套，全套不到5000，有蝴蝶有手套还有我们最爱的可燃冰，低价量大不怕导，有没有兄弟抄作业的
不如蝴蝶撤了，给手套换点好的
专业手套狩🦌也行
666这是真的可以玩的不错
看看我的",https://tieba.baidu.com/p/10309400192,9,超级平民绿色套
"我看他之前的demo感觉本质高位top啊，猛猛杀人，也很流畅，为啥一到绿龙就成这个b样了队伍原因？指挥原因？心态原因？感觉枪很硬啊
不知道，没到绿龙前参与的major也挺厉害啊，有人说打的都是鱼塘局，可问题是鱼塘局猎鹰某些人都打不明白啊
不菜啊，不是乱杀猎鹰吗
是猎鹰太菜了
感觉他打一线比赛太紧张了没啥自信 他这次打猎鹰应该不是爆种而是常规发挥 感觉后续找到这种感觉应该会越大越好能在绿龙打出donk的作用所以我觉得donk在绿龙应该没有容身之处了赶紧去猎鹰补强吧
还可以  不算菜   打小蜜蜂遇到载物和没有隐身的车主还能兜底的妹子自然打不过了
赛场上和线上或封闭是完全不一样的。这人就是越打越没自信的典范，你看他比赛视角就知道了，从一开始的很想证明自己到现在的很慌很忙但是不知道在忙什么。再加上绿龙这情况，他从入队到现在的表现就是找骂，他也知道自己打的很菜所以就纯纯的恶性循环（major8强前手枪局 KD 0.00的含金量）。他可能是高手，但是就目前来看他不适合绿龙这支队伍。
越打越紧张，越紧张越打不好，可能是这种
因为笨
第一，比赛强度不是一个级别，青训队强度跟一线队完全不同，一线队很多战术是针对性的，第二，比赛对面打法都很稳，跟天梯那种基本纯对枪差很多，例如这次major的米垃圾有一把，明知道对面有人在A1近点的情况下，紫薇把子弹几乎打完而且直接在烟后换弹被ropz听到声音抓timing打死，这在我看来完全不应该发生
本质炸鱼，打水平差不多或更厉害的就软脚虾",https://tieba.baidu.com/p/10308982130,16,紫薇为啥这么菜了
"买过生锈蝴蝶，紫罗兰爪子这种弟弟三幻神，没两天就腻了，都不如一把一半价格的渐变尼泊尔好玩
生锈蝴蝶一坨黄甩来甩去也没手感
爪子现在秒监视也是一坨答辩
还得是渐变之色以前还好奇为什么都是渐变系列渐变之色比大理石贵，颜色不如大理石颜色丰富，大理石彩虹的多好看上手才知道渐变的漂亮大理石暗成💩了
这渐变尼泊尔真香吧大刀面就是得配炫彩涂装现在价格也对半折了，这破刀没人炼也没啥开箱的自由很合适
尼泊尔就是V社送给新手的福利，奈何大家要求太高，又想自用又想不亏钱，都去追三幻神
渐变之色也会腻的，真要耐看还得是多普勒和伽马，不过这两类要看模版的，难看的模板还不如渐变之色。
我是觉得渐变比伽马/多普勒什么的好看，这俩有斑
同道中人，个人感觉选一把弟弟皮的三幻神真不如选个好皮的弟弟刀，不过我选择拆成两把，即使涂装没那么好也不会那么快腻。
我觉得切刀空中转两圈那个还可以，另一个太拉了，监视像香蕉君回头也挺不错
更喜欢红网
大理石就是暗，要不然很不错
有一说一，确实如此
我觉得模型比涂装更重要
手套极限略磨，刀99%渐变，前一阵一共2600拿下的，准备一直用到底了，哪怕退游都不卖了",https://tieba.baidu.com/p/10309439244,16,还是好涂装才能玩得久玩不腻
"服役地图只能是7张，因为涉及到bp公平性，说叉车收藏品替换阿努比斯收藏品的，只导货不看比赛是吧？肯定还有一个地图收藏品要说再见了
沙二米垃圾，这两个按顺序吧
没有只能七张吧，我记得不是有九大强图这一说法
大概率是远古遗迹
应该换沙2或者米垃圾吧，结合那个征集阿拉伯神话风格的皮肤
翻新地图首先排除
米垃圾可能性大一点，之前有看到重置米垃圾地图的讯息，忘记在哪看到的了
游乐园或者op，太警了
希望是米垃圾吧，不知道为什么情感上就不太喜欢这图，感觉就是张巨黏巨累的图
没玩过叉车，好玩吗
Ancient
有可能小镇吧
迷城估计要下了，这图快五六年没变过了。
米垃圾
能不能搞九图啊，七张图bo5其实挺没意思的，永远是那几张图
火车 op 沙二
万一是大厦回归呢叉车到现在没上游戏真服了v社
要换的话，大概率米垃圾，小概率遗迹小镇
完全可以上20-50张地图进行比赛，7张太无聊了
把小镇下了，这破图帧数别别的图少1-200fps
沙二赶紧退了吧，太不喜欢打这图了
cch或cbb快重置之后替换d2或者mrg啊，这俩图真没啥战术开发了
mirage或者遗迹吧🤔，但是最好是沙二，这图比赛里实在毫无观赏性
叉车要上了吗？不是说叉车设计者狮子大开口价格没谈拢么
mirage比赛好看，不会下的吧，感觉可能下掉沙二
当然是沙二，老东西太老了
米垃圾
沙2不可能吧，排队大部分都是打沙2的，不要玩家了？
小镇该滚了，收藏品还是18年的，太老了。
你连收藏品和收藏品包都没搞清楚啊兄弟
又有消息说是雨林下，阿努上
op滚，最垃圾的一张图，打官匹不想打看比赛也无聊
我倾向于换沙二，毕竟叉车和沙二都是大匪图，换了都比赛不会有太大影响
我的大厦什么时候回来
我只想要回寒霜寺庙
阿努比斯下架了会不会是说明近期不会再下收藏品了。。
迷城这么久不下，应该是不下图池直接上重制版。然后再替换一个地图有可能是远古遗迹，这图中路太逆天
沙二快下吧
op吧，平衡又不好，比赛观感也不好，出场率也不高，之前那波改动也是一坨
谁告诉你地图必须是7张?
沙二才下去没多久 应该不是沙二的啊, mirage吧
核子也有可能，major两方胜率差距太大了
目前来说 遗迹是最有可能的 其他不太行
难道沙二要反复横跳
op能赶紧滚吗
个人更希望沙二，完全没有什么观赏性的地图，纯磕
我希望是沙二，因为我喜欢米垃圾
要我说就沙2",https://tieba.baidu.com/p/10306676871,105,那么叉车上来替换哪张服役地图呢？
"我工资月底发，本来想买荷鲁斯的，怎么突然下架了也没有公告，我觉得荷鲁斯特别好看
等下个末日买吧，一年内拉不起来
理论上来说现在还没被导购做成项目，可以赶紧进去求购一个，但是你月底，怕是低价货都被导购收走了。
现在还是可以的，我觉得随便比合纵高
丑的一B，卖再贵也丑，咆哮也丑，颜值不如破浪和反冲一根毛
上手其实一般
这种突然下架的品，基本上导购都没来得及布局做盘，现在刚好只是价格回归，理论上来讲现在是荷鲁斯最低点，很多导购都盯着这块肉，想入的现在立马入吧。
还是看实力最终，如果你能忍受这点资金套牢两三年，那就买。24号更新五合一当天，就算追高买手套武器箱红，现在也吃了个爽
看明天更新情况了，如果不动阿努比斯相关的，那短期内都很难跌下来了，v社马上放假了
我当年大行动换了两把略磨合纵，今天卖了一把换极限略磨荷鲁斯去了
明天更新落地可能爆拉，我之前买了把略磨自用目前不打算卖
还可以吧，加挂坠2800。
记住，贴吧反买
特别好看2800不买 15000想起来了
3000的时候不买，破w了想起来了是吧
贴吧反买
都在吹嘘能买还看不懂么，现在买了就等套到五年后吧
等5年就能买了
贴吧反买
其实是想你们去拉盘
经典涨了才想买
这价格不如二次元一根
昨天晚上4700
更新后，修复阿努比斯抽藏包消失BUG
我跑了，等他们炒去吧
能长捏还是稳的，不长捏不好说
自用的话，极限酒精可以看看，可以的
现在价格这么高，谁去拉给别人送钱，导购吸货讲究个低成本，这种刚下架就拉升一倍的包不行的，先下去沉淀个几个月
买，略膜才9000你不买，现在买了就是赚钱
卖了两年多你不买，一下架刚好就想要吗
是价格上来了，就突然觉得好看吗？挑这个时间点买
荷鲁斯出了这么久不买，现在下了价格上来了就想买，你是觉得价格飞了想吃肉才觉得好看的吧
已经享受了小半年
串的不像
买炼狱之火 因为我昨天刚买
你看评论这么多人反对，你就知道该做什么选择了
是的是的，在售的时候不买
荷鲁斯没强庄的，纯纯合力盘，我的理解是你先把第一个CD看完，观察下承接情况在入，人家全部7000以下的筹码，获利盘都没释放，懂我意思吗
快跑！庄骗散
现在太贵了，我是很早之前买的
以前咋没见这么多人说好看
非得买嘛，买其他的不行？
顺便推荐一下4000左右的手套不，配虎牙蝴蝶和伪冰火爪子刀
给我炒啊
对埃及风格这些不感兴趣，只买了把钢铁三角洲
没扫到低价货就别看了。还是看看武库能不能扫个预期吧",https://tieba.baidu.com/p/10308998990,65,荷鲁斯还能不能买
"10位qq
单机贴吧
自顶，看看缘分到没到
后两位么
fkbuff有把17600的，可以去看看
10位怎么取的
何意味？（真没看懂暗号是什么）
买个刀为啥还要加qq
何意味
现在都有钱，很少有人还在对暗号了，除了一些大件传家宝还在走社区，其他中小件基本死绝了
因为私密交易，骗了你，人不好找。",https://tieba.baidu.com/p/10304538898,26,遭了，卖家看不懂暗号
"看看赚了还是牢了
第一把今天买的三件玫瑰暗金红线，原价1788还价1640购入
第二把泰坦15卡托 15克鲁日 Ex6TenZ15卢日纳波卡
第三把玛帕丽0.00极限磨损带五连气味相投爱心 卖家拒绝还价，这把原价520购入
Counter Logic Gaming全息四连红线原价988 我用868现金加一把四连贴纸酒精富士山换得
极限酒精四连红爪红线 原价500刀了20 480带走，感觉这把买亏了
略磨火神 原价3499 还价3380买来的
0.00极限磨损四连奶瓶极寒三色，溢价100购入
双14泰坦次时代 240买的，卖家还价没回应，真的喜欢就买了
这把2088买的，我感觉赚了，你们觉得呢
30块小玩具，溢价20块左右吧
崭新卡特尔四连小泰坦 原价1666还价1420购入，感觉牢住了
把我四金盾石墨黑收走吧
我最近也在找传家宝，想收个14科隆全息小眼镜头狙一直没有合适的
这把双泰坦噩梦沙鹰也是今天刚买的 原价386 我直接大刀292卖家没同意最后320带走的
第二把噩梦沙鹰，贴的比较好 160买的，这个溢价10块，不牢最近没用 放UU 2块一天租给别人了 这回报率🐮比把
我实在太爱爱心了，这把搭配我的玛帕丽，女大专用套 急售3710拍的，溢价200
你游鄙视链末端可燃冰我也整了一把略磨暗金可燃冰四个闪亮贴，溢价好像50块买的？忘了，不是很多，随便整把收藏
连喷小玩具，溢价10块
买这么多红线
四连全息老鼠
我最爱的AXIA，这把磨损也是0.00极限磨损，你看这个颗粒纹路，你看这个枪管反光，这把枪不需要任何贴纸，原皮已经是goat了
小玩具，我给他命名为 炎龙
又是红线，暗金四连普通老鼠贴，溢价50，给小号用的
这把是我原本今天想买的，但是还价50卖家拒绝了，我就买了上面那把了，喜欢的可以去冲
最近再收咖喱，目前没看到我喜欢的
为啥介么多红线
想收个警告咖喱，但是警告咖喱量少也没贴纸枪
这把传承自己贴的闪电，崭新1488买的套牢了，一直在找机会解套
渐变血爪吹风机小玩具，当时溢价10买的，现在和底价持平了，这把肯定套不牢了
红苹果小玩具
红压火焰，不耐玩， CD到了就卖了，今天刚卖掉
5000买的，准备留给下一代了
我的卡特尔，建议卡特尔贴全息比较好看
溢价三百买的传家宝
卡特尔原皮就挺好看的，我是喜欢血腥运动配四连faze贴纸好看
目前就这些传家宝，等买到好货了再来分享
没米只能买单贴的
全是购入的传家宝，虽然有点溢价，不过我认为传家宝自己喜欢就行了，拿到快乐就好
看看我的传家宝
顺便问问有没有想收这把的
吧友们，刚收的，92收的咖喱传家宝
好了，最近没什么传家宝想收的了，看眼缘收了
太传了，溢了三千买的
这是我的传家宝，好多年前4000块钱买过。然后退坑卖了，几年前，20000块钱又买了。然后又再次退坑。这次回来又看到他就直接买回来收藏了，三次都是同一把。其他磨损的我也不买了，就它了。每次回坑一段时间都能遇到他，也算是一种缘分
楼主还收破烂不
巡逻叶✓又换小号了",https://tieba.baidu.com/p/10305075154,118,早上上班没事做，来看看我最近买的传家宝吧
"钴蓝骷髅卖了2400想换点别的试试看这个预算最多再加个一两百a1目前还是黑莲花，AK是崭新传承，刀是op骷髅猩红头巾搭配了一下感觉和主战色差好大 欧米伽有点心动好纠结啊8u们有无推荐
载大哥我记得是渐变之色配传承
我是2300买了个欧米茄，挑了半天发现其实我实战根本看不出来哪里破
一线特工
你这主站真是完美跟一线特工搭配了不过2400只能买极限酒精大多数都多多少少有点灰或者有点手套本体破损 而且这手套看模板 不过这手套很耐看 我蛮喜欢的
渐变之色手套，多蹲会，0.24 区间破损就不那么明显，质感是真的很好的，极限酒精渐变大理石略磨大腕，还有驾驶手套西装革履久经，这个无灰模板持枪很好看！
按搭配感觉极限西装或者特工吧渐变真得加点
酒精一线特工或者略磨陆军少尉长官
芝士雪豹
一线配传承，不过得选少灰的
钴蓝哪里不好了
渐变之色看看，要不就牢虎，牢虎是专业手套里毕竟好选的，毕竟不用在意那么多灰",https://tieba.baidu.com/p/10309310161,20,这个价位有啥手套推荐吗
"略磨贴了高价贴的红线划都划不完，我感觉也就比墨岩多了几条红线吧？
纹路也不一样啊，个人很喜欢的一把枪
自己试一试就知道了，反正我现在真的爱死这把枪了，为了搭这个红线我换了一套黑红饰品
比较喜欢红盾红线，也不贵
你第一时间看一下就一个是不是就多了几条线
第一视角
好看呗，碳纤维质感+那一抹红色简直是绝搭而且以前跟棺材板一样，早期的皮肤最不缺就是好贴纸
贴纸枪
他们喜欢那个碳纤维纹路吧！以前cs money上5刀淘到的货，用半年就不用丢库存吃灰好几年以后卖了。
主要是还是搭贴纸，我感觉这碳纤维手感是很好
算是不错的贴纸枪，有好贴更好看。 贴纸选择多 搭配简单。
碳纤维枪身＋纯黑护木这质感墨岩碰瓷不了可惜锁磨损
感觉颜值不如精英之作
我觉得红线和卡特尔做贴纸枪都挺好，但卡特尔用的人挺少，我俩都买了一把
红线这皮肤，等你玩腻了花里胡哨的皮肤以后，就会追求简约大气耐看的皮肤了，红线就会慢慢的进入你的视线。
没玩过是这样的，新手时期我也觉得墨岩不吃磨损，黑的很完美，但是入手红线之后，二者完全没有共性，红线很好看，墨岩纯黑
价格炒上去自然就有人觉得好看了，略磨红线要是一直和可燃冰一个价还会有这么多人觉得好看吗
一般就是一般，所谓碳纤维我说白了还是涂装皮
用得最久的就是红线，4连天禄陪了我好几年
宗教AK，问就是自用玩家的终点
你多用几个ak，后面自然觉得红线好用，你大比分ak都没用过，你当然体会不到了
效果还行，贴纸枪多是单纯出的早。
明星哥用的多，高价贴纸贴的多
没有什么别的，就是低调红黑配色+碳纤维纹路的简单组合杀招，对于吃简约轻奢这一套的人来说简直不可阻挡，虽然都是黑色主打，但红线的纹理和墨岩的纯黑色一比多了一份高级感，最后怎么说红线也是元老级皮肤了，你觉得比不过后来者是正常的
轨道用过，亮一点就好了，暗暗的看着有点脏
不喜欢没必要强求自己，我还觉得印花集m4不好看呢
我也不懂 但是就是喜欢
1还有质感 2以后拉了  不过确实好赔贴纸
玩200h游戏就懂了
没有比红线更显瘦的AK了，手感好
我感觉确实手感好，我自己有把四连蓝玫瑰火神和四连爪痕红线，但我感觉还是红线更耐玩
哪有这么多喜欢素皮简约风的 这枪热度现在已经断档级别了 纯粹就是一开始有些职业哥爱用然后就一直跟风
手感不输红的枪你说呢
都说碳纤维，可是游戏里看这个碳纤维的质感很拉胯啊。。。像现实里的那些很假的碳纤维图案贴纸
贴纸枪就是先小康红线然后富哥火蛇，这2把枪没高价贴纸基本不用玩
简约美，不繁杂，而且可以挑贴纸，不过枪身上的碳纤维纹路不如go时期的好看但是依旧很顶
因为出得早，和棺材板一样这些都是早期贴纸的消耗地，然后早期贴纸抄上去了，再加上红线属于不丑的那一类，所以导致的，同时期的蓝色棺材板你看看呢
红线，墨盐，火蛇三大宗教枪说啥呢
这很正常啊，没有哪个皮肤所有人都喜欢。只能说有些皮肤喜欢的人多，有些喜欢的人少
花里胡哨的ak玩起来手感不行
挺喜欢红线的。
红线干净，而且很多贴纸都挺搭的
别人爱玩什么玩什么，你管的有点宽
红线真的耐看，ak就野荷没玩过，感觉红线是最好看的
碳纤维+红线条勾勒本身就是简约风的优秀作品。你拿墨言来说多少有点尬黑了，同样磨损没贴纸两枪皮丢地上前几次谁会捡墨言
红线墨言？这俩质感都不一样有什么可比性，我说白了墨言倒是显得更廉价
因为好帖多吧 我也挺喜欢红线的
审美这种东西个人有个人的看法 也有跟风的  我个人是挺喜欢卡特尔和荒野反叛这两把 估计喜欢荒野反叛的是真的少
中规中矩还可以的枪，我个人评价是不咋好看但用的不容易腻
就是喜欢啊，黑红配色+碳纤维质感，都是我喜欢的元素。再加上可以diy那么多贴纸，用了这么多年也没腻过。你可以不喜欢红线，也没必要把它贬的一文不值，审美这东西没有高低对错
有人愿意买单就行了我个人也比较喜欢这款，大家审美有差异很正常没必要统一的，我反而觉得火神我是欣赏不来，不管别人咋说感觉都那样审美这种东西纯主观
这个是什么软件啊
老枪好贴纸多
价格高自然有人说好看，比如合纵，现在酒精都一万，你看还有人说丑吗
因为在很多人眼里就是好看，比赛里红线和火蛇出场率低过吗？这两个皮肤每隔一段时间就有人发帖吐槽也算是喜闻乐见了
轨道这枪暗的要命，能和红线比我真怀疑你有没有玩过相应的枪皮了说到这里lz觉得红线没轨道好看的话，我也认同，刚好我手里有一把轨道，还是四连闪盾，便宜卖给各位欣赏了
当年红线就是专门的贴纸板子，比层压板好，相当于现在的墨岩。当时17年我买的4连15卡托也才70多应该是
反正比卡特尔好看
质感啊
搭贴纸吧 贴纸才是灵魂
碳纤维有纹理比墨岩纯黑强太多了
你想骂就直接骂
萝卜青菜各有所爱，你发个帖子光找认同挺没意思的
纹理比墨岩好多了墨岩太素了像是贴图没加载出来似的，本身就是墨岩基础上做加法，+纹理和+红线，我现在用钢铁三角洲也算是墨岩plus
碳纤维比墨岩好看
AK47红线出自2014年初“凤凰大行动武器箱”，历史悠久，是早期CSGO著名皮肤之一，碳纤维+红线条的简约风格，低调奢华有内涵，积攒了一大批粉丝，广受玩家喜爱。百搭，手感好，适合贴贴纸。
碳纤维+红线 贴近看挺有质感的 做红色贴纸的底子不错 但是玩久了也就那样 红色系还得是血腥 最高的山
你看到的这些高价贴，贴的时候都不高价
因为设计的好，所以有人喜欢
你基本什么饰品都玩了都会开始玩和服和超导体配红线了，没有为什么，就是比较搭
我之前和你一样，觉得没啥看头，还不如可燃冰，等我玩上才知道真香，很耐看，我感觉红线和血腥运动都好看，不过红线简约更耐看
反正比4连泰坦卡特尔好
因为和我的和服最搭
我就服游戏里一个玩家拿着红线骂我** 还问我见过红线没
黑皮质感算很好的品，缺点是吃磨损。导致喜欢的人多但又不是最优选
不知道，但我用红线的时候很有感觉，换成传承经常被一脚踹死不过我打的港服竞技+朋友低信用状态，这个b沟槽的害人
你自己不喜欢就不喜欢呗 发出来让喜欢的给你审美摆回来？
跟红线什么关系，是碳纤维纹路，看着很舒服
红线白看不腻啊 而且出的早好多老贴纸
我更喜欢墨岩
附议，有些价格很高的我也不知道为啥，感觉也不咋好看啊
百元皮里最好看的一把 裸枪和贴纸都好看 而且存世量大价格还稳定 贴纸枪价格好看还便宜
不如血腥
红色凸起跟龙鳞一样
因为niko用
我自己的红线 很久前买的 手感很好玩不腻
质感挺好的 墨言轨道我感觉都比红线差点意思
感觉还不如血腥，可能是我玩的晚没有什么情怀加持一直到退坑也没感觉红线好在哪
红线的定位相当于雷克萨斯
之前是百元皮，后面拉起来性价比不高了
卡特尔浮雕皮不适合贴贴纸，对于喜欢简约风格枪皮的红线基本算最佳选择了。火神吃磨损太贵，墨岩档子太低没有细节，红线极限酒精玩起来就很舒服了，我去年200出头能买到极限酒精的，今年只能买底价了。
go特喜欢这枪，现在越来越清晰了，也不喜欢了
红线都宗教枪上了吗，到底是谁在自嗨啊
不如燃喷一根
这枪年代久远和棺材板系列差不多一个年代。在贴纸底子里，找不到比红线更好的了 。
我比较喜欢传承，燃喷，火神。红线我觉得还行，最让我不理解的是野菏，个人审美完全get不到，而且觉得非常难看
碳纤维和贴纸
质感手感没得说，刚玩我也纳闷这东西好看在哪里，后来捡了一把四连faze红线，才明白这东西为什么这么多人喜欢，手感没话说的
出的早而已啊
玩了快10年，真就没买过红线。。。。纹路我看着好难受
看你是什么时候买的了，这枪以前没炒起来真的是穷哥们首选了，还有很多好看的贴纸货
就喜欢红线卡特尔这些素的，传承血腥运动想玩了每周零元租就行了
那时候不懂，10块买的崭新沙金M4，100买的酒精红线，5年过去了，M4已经1000多，红线也200多了，因为喜欢红线，40块就把M4卖了",https://tieba.baidu.com/p/10272375744,206,红线这枪好看在哪？那么多自用？
"2300 出 可小刀  极限久经  感兴趣的来呗
有人吗？
有人喜欢吗
来人来人可议价",https://tieba.baidu.com/p/10276114628,3,出一把玫瑰红线
"想撤了，亏不少
早撤早cd，这可不是小钱啊，而且越往后涨的越高
等几天看是不是真的下架了
速度撤，速度封30天
少赚就是亏是吧不过这波肉眼可见有人撤回，又要像10月底11月初越撤越锁仓，锁住流动性左脚踩右脚起飞了
不撤当圣人？没的是棍母，拿的是真钱
撤完要是改回来才是最搞的
撤回吧
等6天再撤呗，反正买家担风险
大大方方撤
3k不少了，观望几天要是没改就撤了
我前几天2550卖的，懒得撤了
7000了",https://tieba.baidu.com/p/10302555629,27,没招了，刚卖说晚一点接回来就搞这事
"本人现在用的还是几年前的笔记本（1650ti）,之前一直勉勉强强能玩一玩，最近发现帧数只有30左右，卡的不得了，从进大厅就卡，卸了过段时间重装就好了，但笔记本关机重启后又变回30帧，这怎么回事啊，难道只能换电脑了吗？
驱动更新了吗
别怕，我这也是好几年的游戏本了",https://tieba.baidu.com/p/10302468705,5,游戏卡顿！！！
"我想自己用
磨损是0.17
去uu或者buff买 比游戏里面买便宜
你可以下载第三方平台。这都可以略磨了
不用纠结，新手直接去平台买
从游戏里购买的是人民的枪，是向人民的V社用劳动成果换取的，你到市场上买的都是肮脏的资本枪
买了吧，买不了吃亏，买不了上当，G胖还送你个首次使用者的奖励，别问我怎么知道的",https://tieba.baidu.com/p/10309726201,11,大佬们，没刚买了优先账户，开了个这个，可以买吗？
"一直摆着这个价格 今天早上被买走了
23年高点买的吗
整整3年啊 这三年知道我怎么过的吗 我不管跌倒了最低的780元我都忍着没卖
恭喜 roll
跌到800的时候 应该加仓的
卖飞了，这把枪现在随便对标合众
你是一点都不贪，看来是给套怕了
真下架了最少短期卖飞3000到5000+
不亏就好 还玩爽了
这是真自用的
一坤年
我最高点买了2把，然后一把亏几百的时候就卖了，捏到现在是真狠，不过我800买的好几把拉力也套了2年了不知道啥时候解套
7000了已经",https://tieba.baidu.com/p/10302604599,30,刚刚出就买了这枪 套了我 3 年 终于跑了
"下架收藏包稳定不变的情况下，大概各个磨损价格多少，能对标哪个收藏品。收藏包和崭新荷鲁斯镇楼
大家快来讨论
楼主之前2k卖了一把，不知道猴年马月才能接回来
众所周知下架第一天的价格往往是近期最低点
至少比合纵要高
12号买了把略磨，现在一直担心uu那边撤回
38000一把崭新吧，你要问我为什么，因为我有
比合纵强
看好就买呗我有几千收藏包
下架了？离谱
这个好看，打比赛的时候好多职业用，炒起来我也能理解
会不会和九头金蛇差不多呀 或者低一些
这玩意量和cmyk差不多
当时亏本卖了，现在上车机会都没有了！
八毛钱一天租出去了
我还有一个疑问，为啥v🐍突然下架，他要整个获取最后时间不得挣的更多，
9000出了一把略微磨损8299刚出的时候就因为颜值买了
大概黄金藤蔓吧，虽然沙2还在，但阿努比斯这种新鲜的地图一般不会再回来了，除非是那几张熟悉的老图
2-3w
这玩意下架了？
卧槽，早上没看，卖了一大堆，我说怎么这么好卖
v社点火了
收藏品下架都是涨的，追第一批cd都能赚
不是回来了嘛
阿努比斯下架了？我记得以前吧里不是有个人说阿努比斯永不下架的乐子吗
九头金蛇
长期下来肯定涨得比cmyk狙贵，多一级难出，而且真的有颜值，有自用群体接
看来这次g胖的游艇真缺油了，连公告都懒得发了
20买了一点点阿努比斯箱子，感觉像bug，不太敢多买。而且估计20的价格也会维持很久再往上拉一点点
哈哈哈哈，我就是没赚钱的命，之前买了一百多个全卖了
咆哮之下吧
买了个荷鲁斯下级来9打1出了赚3000，没出亏200，现在啥都没干拉这么高
woc居然下架了，我终于解套了！
4800买的崭新用了半年到现在
阿努比斯下架了？
虽然我买不起，但是我确实觉得这次燃的至少是好看的，比合纵咆哮都好看
从上架到今天下架，正正好好是138周的时间。或许早就计划好了，只不过嘴都很严实
上号一看我的尼罗河沃土涨了九十多，卖了打算加点钱换印花集玩了
绝对不可能是bug，首先v社会提前告诉的是武库里面两个和大行动，这两个都是获取途径可靠的有限（刷星机器人在更新前后都会封一波），如果直购预告下架预告？什么贷款卖房和大量物品涌入steam市场上架。最后结果就是收藏包成巴黎胶囊，steam市场还给压崩溃
说下架几年了，一直不下，就没咋关注，以为真要常驻，结果真下架了，悔不当初啊
前两天两千卖了一把久经沙 一直在想要不要撤回",https://tieba.baidu.com/p/10301979624,106,理性讨论阿努比斯包包
"你怎么知道我在2025.12.16号预购了PRAGMATA豪华版？
美国的动漫头像，日本的游戏，日本的动漫图片，你还是中国人吗，啊
我还以为进错吧了
玩CS的导余额老手买游戏是比一般人便宜30%左右
这啥游戏",https://tieba.baidu.com/p/10306550322,8,你怎么知道的？
"buff前3排名 20号早上8点可出 有哥们想要收吗
出出出",https://tieba.baidu.com/p/10309961032,1,出超低磨损MP9-首冲拿铁
"自己去点个饰品上架下就明白了，谁会去设置还价那玩意啊？不都是填个价格就丢出去的？玻璃心这都能破防就别发出来让人评论啊！还拉黑真的是给我乐完了
我也会还价还个手续费的价 十几块二十块 但是别人不接受我也觉得正常 不会像这个人一样破防了
讨口子一个 东还价西还价就想赚差价 别人不同意要了他的命
这能破防我是真想不到的
这把血爪四连设置了可以还价，那我还个二十块，人家也很爽快
全是大刀 穷就别买
招笑穷b
只敢拉黑诶这种人
悠悠还价好像不能关？昨天卖了个枯焦基本纯黑色的骷髅匕首挂了个底价还一堆砍价的找不着咋关还价
几百的我一般不还价，看上就买了，这种和求购价格差不多，快上千的会还价个手续费一二十意思一下，聊好直接就买，卖的人也舒服直接出货，我买的也舒服，跟求购要是价格差不多的话，卖家凭什么不丢求购，有不还价的如果皮肤确实不错，我也会买，反正就是意思一下罢了
来咬你喽
我说句暗黑点的事情，我几十万级别的导购，我压根没开过还价，东西也没说卖不出去过
一帮玩可燃冰的还***了
只会拉黑破防玻璃心的，这种秉性的狗，大🔥看到记得绕路
以为发出来好让一群人网暴我？不好意思，你们被我网暴了
拉黑别人让人没法评论，现在有又说不去你帖子评论，哈哈哈哈哈，不行了，我先乐会，还是那句话玻璃心就别发贴，又接受不了别人评论又要发帖炫耀，没人类了
你们两个之间确实有人急了
好久没见这么野的go了，楼主是不是看不到我和它的，好像被屏蔽了
沟槽的贴吧，发的全被屏蔽了
有些贴纸要算价格的比例我看不懂，23年以前我看别人的金骷髅头这些4张算3.5张的价格。我也没懂为什么算这么高。一般超过1.5张我都不看了
穷到开始应激了
好久没见过这么纯的傻狗了
别骂了送你了还不行吗
没钱就找个班上
哎哟我笑死了😂😂😂😂😂咋这么有活
急不可耐这一块
不接受还价就不买呗，人家是自用的或者有更高的出价不想卖不是很正常
那很吝啬了
难绷在这个贴子一直巡逻
怎么倒🐶开始互咬了
好久没见过这么纯的也够了追着帖子里的人咬
笑死我了🤣
哥们买把7w的宝石500都不让刀
诶呦我巡回猎犬
还价不成的情况多了去了，急成这样只能说太太太太太低等了
纯的像串子
还有巡视领地投降了
666的东西你直接砍人家一百块  砍20块估计还会发  你砍100块  人家钱不是钱呀
给不给还随便，最nt的是买个百战砍个零头都要卡半天的玩意
猎犬持续在帖子内巡视领地这一块，畏惧了
你加点油争取在年终总结时上go吧的top榜
反正我不会特意去关，总有正常人会来刀，不过屠龙我就直接改价，自己舒服就好
“穷区爱yy”
不是，我看你这个大迪兄怎么在楼里乱咬人啊，真给我看笑了
兄弟来和我一起ROLL龙狙! 复制消息 $11 ￥eP9dZuLi￥ 打开【IGXE】！
唐完了说是
惊天野狗巡视领地疯狂乱咬人
本来没感觉，这哥们儿挨个喷确实像条疯狗
社会上这种挠贪才多呢，绕着走就行了，理他干嘛
我从来都是买整数，最多砍5毛
我比较好说话
保胎技术太好了
砍一次价涨5块来点饥饿营销
支持大迪哥！给个手套武器箱看看实力
哪来的野沟三把烂红线也能叫唤了
红线买命哥
我评论过大迪哥两个帖子，第一个红线为啥那么多人买，然后大迪哥说喜欢卡特尔第二个好像是渐变寄售事件，所以这次我没看清楚，三天两头又吵起来了
招笑穷b
支持大迪哥！给个手套武器箱看看实力
这不屠龙刀么，砍人家百分之5，百分之16
蚌埠住了，你们这么多人被我一个人网暴了，看到这句笑死我了
一帮臭00仔骂人都不会
好久没遇到这么有意思的帖子了CS吧欣欣向荣
把这条野狗和它的小号@一下@大迪@无情迪
这b玩意急风开始乱咬了
买命哥怎么又夹着尾巴把我拉黑了
1200刀到1000太狠了吧
楼主是会训犬的，一直不拉黑，看他自己表演，赛博潘宏这一块
赛博潘宏
杠塞弟弟你拉黑我，我不能拉黑你？让我看你单边输出？不可能的，弟弟永远是弟弟，跪着
你也知道是溢价东西你砍人家底价。没错，我是傻冒，你是真聪明
赛博潘宏训犬这块
可怜的野狗已经被大伙训得神志不清了哈哈哈哈看到你那么急我就放心了
癫的没边
你游买命哥都是这种货色吗
屠龙刀赚钱哥，自己被大刀的时候又是另外一番嘴脸了
马上2026了还在用2070S打游的厂狗是这样的
你哥从不开还价
怎么他还在挽尊省点力气换个号玩贴吧得了，这都得成吧宠了
原本买命哥大号被关小黑屋后老老实实夹着尾巴装死就好了，结果非得开个小号来继续挨训真是绝世好犬啊，这种又急又坏又蠢的品种真的稀有，被我训得都神志不清了还要嘴硬讨训，大伙别给它玩死了
真的是骂你都觉得在欺负你乖狗狗把我逗得太开心了好久没见过这么纯的品种了，等我下次不爽了再来训你我知道你一定能看到这条的
一想到屏幕后面有条又气又急的野犬在挠屏幕我就想笑啊太好玩了
不用脑子活着是真轻松。
之前这b买了把4连titan卡特尔说红线路边一条比不了一点，然后转手就买把红线，什么玩意
如同一条野狗在巡视自己的领地，并疯狂撕咬楼里每一个人
哈哈哈哈哈
换号来咬人了说是
烂红线还想买我命你也是幻想上了
精神病齐聚了属于是，咋这么多小号
不然呢，你的命的也就只配一把红线了
你以为你的明有多贵，别搞笑
实则吧里一大票穷玩意几块钱都会抠
惊天穷β烨种
这个顶儿个档，哥都给尼闹麻了，看你主页那一堆4399你改装上了，穷鬼都喜欢😢别人穷是什么，人越缺什么就会越叫什么
野狗又急得对屏幕哈气了好好玩
缸塞B+闹麻了
有一说一，还价很正常，但是还价失败出来挂贴吧就不正常
你这赛博潘宏没训好，在你这一层层的找路人主页帖去回，还自己删，糖到没边了，闲的蛋疼或者说根本就没有
牛魔的，lz你帖子的野✓到处乱咬啊
几百块不够我uber打个车的钱，穷b买牛魔的饰品装逼呢
大迪？小鸡！
这么大的刀有人愿意同意吗
太野了，还没结束啊
狂野，震撼亚洲
礼问多大刀才算大？
叶✓又换小号了",https://tieba.baidu.com/p/10291099864,289,以为发出来大火会支持你？乐完了
"遇到两个追着我扔炸弹的队友，每把吃手榴弹、闪光弹，本来顺风的局被坑输了。下一把又匹配到这两个➗ ，吓得我直接退出游戏不打了，结果就冷却我两个小时。举报没有用的吗？这样子干扰队友还能继续打？完美平台不管的吗？
没办法，5e开绝对单排，瘤子组排的偏多
退出干啥啊？反正这局赢不了了只要不挂机想干啥就干啥啊",https://tieba.baidu.com/p/10309873293,3,打排位的时候遇到上一把恶意干扰我的队友怎么办？
"也难怪图二绿龙一泻千里，俗话说，比赛的时候最忌讳的就是donk这种行为，历届top级的选手，还没见过哪个中场对着队友甩脸色发脾气的，这已经不是谁强谁有理了，就算你再强，你也不能这么做，这是最基本的职业道德问题，如果是其他选手中场这么做，现在已经不知道被骂成什么样子了，这已经不是谁强谁有理了，就算你再强，你也不能这么做，更何况11比5被翻盘，你donk自己也有很大的责任，有什么脸去发脾气霸凌队友呢，请问图中的情况，11比5的时候，donk17个人头，12比12的时候，donk22个人头，7个回合你只杀5个，但凡这7个回合你发挥一把，都拿下比赛了
森破有话说
我勒个逗，喷完尼又来喷驴了
小丑🤡，看你发的贴各种找牛角尖的机会来喷，也是个铁憨憨
有的是人想和donk打
是啊，这么不讲职业道德的赶紧踢了
楼主啊楼主，不如米线山一根的东西，赛事吧被封了来这当小丑了？
这才哪到哪，大森直接扔银牌还没说话呢，不过你说得对，快t了这种暴脾气小孩
不如米线山
太年轻
确实，绿龙快把donk踢了吧ip:沙特
图露露 没木木
盗版图露露，都没有游戏领域大神
感觉，不如。。。米线山
拉倒吧，我森跟sdy打的时候气个半死照样谁都喷，你能说他也没职业素养吗
你看过几年比赛
亲🪵打窝你是会做生意的
最好的职业道德就是打好比赛
我要是donk 你要是我的队友 我已经漕泥捞吗了
我去tll 好久没见你串了
森破还有更衣室决斗呢
大哥7回合3eco怎么杀人家凭借3把长枪局一把强起局杀7个已经很nb了，eco换人就是胜利但绿龙甚至没换人。
赛点局红温去中路送，被一脚踢死可太经典了，
图露露没木木
你是否在找电子哥电子哥是真发脾气骂人 s1mple在液体也是真的喷人
donk的责任就是没杀3个
换你你不红？
呵呵，那三个认真打早赢了，大马路下包被翻换你你不破防
什么易拉罐 没见过森？
你这逻辑妥妥的绑架啊。那七个回合是donk爆发一把就赢了。你要么看看前面十几回合donk少打一个是不是早输了？什么naotan逻辑？？
七回合杀五个也能喷，干脆一个人杀完得了呗，要啥队友啊
你是觉得7个回合杀5个太少了，杀15个是正常发挥杀25个才配赢是吧
真没有吗，森电一回合打完直接左右开弓骂
你老冯没了
lz怕是没玩过CS，职业之所以厉害不只是个人原因，团队，战术，执行力，临场决策缺一不可，我要是donk能忍住不在屏幕前干他们就烧高香去吧，乐子
所以mxx在的时候还有人可以安慰donk，给donk当绿叶，mxx走了，绿龙战术都变了
donk真没责任 有几波没等队友 不过人实力摆在这里 突破都是他 你还能说什么呢
都是坐牢，DoK来天路吧，拯救CNCS
压力驴的来了，这把怎么看都不是驴的问题
打比赛不想赢才是缺乏职业道德
又不是所有人都是载物那种脾气，不如说竞技游戏就是要有火气，就是要想赢才对，载物的脾气好对于个人魅力而言是优点，但对于和其他选手同台竞技来说绝对是缺陷
队友这么区，换simple已经出👊🏻了，换推斯特贼贼也得开宫
666fw压力大哥
换成老猪直接一拳呼你脸上了
那你不知道足球如果有队友拖后腿这种事情休息室已经干起来了。
笑了，是我直接关电脑了，和一帮🐷有什么好打的？
队友犯病老猪可是当场就上压力，脾气上来教练也得挨喷
你说得对
没有DONK绿龙都不能入围，更何谈半决赛了！所以没毛病，donk最不道德的就是不改带着这几个蛆进半决赛！
我就问你：大马路上放包不能喷？简单爆弹都能扔警家去是人？全场杀的没个教练多是人？背身FAMMS一梭子打不死人是人？尼玛开局都能忘记买枪 是人呀？？？？？
我只能说他这样一搞，图二必输，所有人都有负担了，战绩不好的更是心态爆炸了。
理解不提倡
虽然喷队友确实不对，但这种情况还是挺常见的，森电这俩老喷子连大b哥都喷过，怎么就成了只有donk干了？
沙子，还要Donk怎么发挥
原来是图露露，失敬失敬，今天又放飞了几个老冯？
真密码难绷，没直接摆烂就不错了，陪着巨婴玩又当爹又当妈，不能把把5杀就是洞最根本的问题是吧
nt，我要是donk我得让队友知道什么叫推斯特洞洞
我tm要是donk早把键盘嵌几个唇笔的脸上了
只怪donk不能把把五杀
那就把小驴踢了换队伍，绿龙再找一个人美美大家庭不就行了
太没职业道德了，快踢了把他赶去别的队打
还得是shabi图露露，你TM是不是有病呀。天天找喷
这是真冰还是串子，有点哈人了
老猪来能一拳轰在你那猪脸上
确实没有职业道德，这都没把队友当场打死，说明他根本不热爱这个游戏，只是赚钱罢了
就是就是，赶紧t了
哪来赛博宠物
那怎么不见队友对donk说:你不打有的是人打，然后把donk宫了呢？
别串了
这队友比吉祥三宝和玄冥二老都过分
给🐷，大超那波cs下包，鼠标甩大超脸上了",https://tieba.baidu.com/p/10300173803,102,donk图一打完对着队友发脾气是否缺乏职业道德
"不算头奖但也满足了，成本7k5净利9k
上头直接血亏六千",https://tieba.baidu.com/p/10309970924,1,出货了
区间低价减十块,https://tieba.baidu.com/p/10309971058,0,出自由之手蝴蝶刀
这两天玩游戏天天结束的时候死机，每次我都是直接重启，今天等了会跳了个这个,https://tieba.baidu.com/p/10309979043,0,老哥们这个是什么情况
"各位觉得荷鲁斯能拉到什么地步，现在手里有把略磨我的想法是略磨能到1.5左右，崭新差不多3？d到时候直接一卖换把黄金藤蔓耍耍
在往上我觉得不现实了，除非有人入场跟竹子那么搞
同时感谢上周的老板，估计是退坑把东西都底价处理了，没撤回
管他呢 涨就完了 美洲豹都10000
wf说荷鲁斯崭新看2
合纵就别碰瓷了，一个100星兑换的，后续荷鲁斯肯定会高于合纵，产量摆在这里
荷鲁斯存世量在这放着，肯定能超过合纵，只是时间问题，要洗盘，做好长期捏着的打算吧
这边感觉起码比合纵强吧，达到藤蔓太夸张了，而且藤蔓的量也比荷鲁斯少一倍左右吧，3 1.5有点高了感觉，竹子那种太搞了，崭新可能2.几出头 1w上下吧略膜
随便聊聊水水经验都是自用玩家，亏了赚了我都是买定离手，只是属于头一遭赶上前后脚
明年牛市肯定上3总不能一直震荡阴跌
纯自用，荷鲁斯上周买的，把4皇冠火蛇卖了，本来打算换个藤蔓玩玩的这是鼠鼠的库存，没穷到啥也不是，但富哥们也看不上，不上不下属于
沟槽的v社，他不下架我没这么多心思出来现在属于突然捡钱，开始心痒了
有公告绝版的话我看能对标咆哮，现在这几天不发公告也不知道是个什么情况
以后包拉到10w一把，因为绝版了啊
这市场是情绪市场，导购市场，跟需求供给其实没有特别强的关系。典型例子，存世量10000把的赤红新星，横盘稳定7K炒到3W
这么说吧，坤哥两年半的沉淀，现在到了什么地步？荷鲁斯也经历了一坤年的沉淀，所以坤哥的现在=荷鲁斯的将来
2w5到3w之间吧，波塞冬那个丑样子都能拉那么高，荷鲁斯肯定也可以的
绝版了直接对标波塞冬合纵吧
贴吧反买，都在看好，那还不明白么
反正再差再差也不至于比合纵低吧而且怎么说也是六级全磨损收藏品，所有六级全磨损收藏品，除去紧迫危机（太丑，流通太低）以外现在就他价格最低，肯定有高度的
这枪颜值高
收藏包太多了，价格肯定比不了黄金藤蔓，但是也不会太低
至少不可能低于合纵
快删了，别让导购看到
没那么高顶多2上下吧，不过这量少加上外观质感不错估计勉强到3
收藏包下架那刻，马上扫了7把久经，发了3把，前两天撤了1把。均价2600，爽歪歪
直线拉升的都是韭菜盘
崭新我觉得38000，你要问我为啥，因为我真有
反正和普通玩家没啥关系，富哥和倒狗互相倒货就完事了
看时间，市场不死10年后破10
看明年市场，市场燃那3w随便做",https://tieba.baidu.com/p/10309195863,39,理性预测一下
"可以放置在地上，有人踩了相当于吃了个满雷，可以跳过，也肉眼很容易看到那种，会有人买么
edd是吧
再出emp投掷道具吧，顺便再出个阔剑，顺便再出个摔炮，摔炮可以带两个，碰撞到地面墙壁就爆炸。
会防守方太好用了
再出个蛊刺道具，放置在地上，踩到就会持续扣血必须手动拔掉
太阴了
ropz哭死
跳过很没意思了，最起码是用枪打爆",https://tieba.baidu.com/p/10309557590,9,出个小型地雷道具会有什么影响
"鼠鼠得了神经性耳鸣，医生建议不要戴耳机了，可鼠鼠还是想打cscs音量设置可不可以把枪械声音关掉，只听脚步和队友麦啊
买个监听音响呗，听脚步还是没问题的。",https://tieba.baidu.com/p/10309738258,1,关于音量设置
"cs手游掏道具瞄半天被人拉出来跑打王朝吗
对峙2，请
竞技游戏搓玻璃就是笑话
逼得我都玩cf手游了，CFM最近被氪佬骂惨了，不过对于我这种白嫖玩家还是很好玩的
那我一定要用电脑模拟器玩CS手游
buff,悠悠还不够你玩的吗
有steamlink，玩去吧
手机玩fps游戏是真难受
LOL有手游DOTA也没有啊
出手游引流你以为对普通玩家是好事吗
不如直接换腾讯代理出国服，首充6元送可燃冰
有啊 uu buff ig c5 不是都能玩吗
那会是什么样的地狱手感一直无法理解手机玩FPS游戏， 第一人称视角更无法想象
没人觉得瓦做得不赖嘛？居然手游和端游画质和质感一样你cs出手游能和端游质感一样吗？
对峙2
手游tick太低了，不习惯的
出鸡毛，fps手游都是蝽狗虱，纯主观不客观
buff不是有吗
uu buff 不是手游吗
fps搓玻璃不觉得很搞吗？不如等vr再成熟些弄到vr上
他们出手游版是方便圈钱，cs又不在乎这个
buff,悠悠还不够你玩，那再加个C5和eco
饰品软件都玩不明白还想玩手游（bushi）
端游都没人玩，还出手游
有几个能做到随便米垃圾搓玻璃vip跳b小的",https://tieba.baidu.com/p/10308842605,38,什么时候出手游版啊，无畏契约都有手游，cs居然没有，太离谱了吧
"这个太爽了我去，8u推荐的没错刀型太好看了
悄悄告诉你，你挑的这个磨损区间刀背肯定会有一点掉漆建议换个极限酒精区间挑个完全无磨的
我感觉折叠的监视好拉夸
没拿过蝴蝶不要谈毕业
除了爪子和蝴蝶，我用的最多就是折叠，这个打awp好，
快进到是爪子还是蝴蝶
这个磨损刀掉漆
两天后：8u们这刀不太行啊，很快就玩腻了换什么好，预算1500左右。
快进到刀怎转
传说折叠像香蕉
没玩上三幻神就绝对谈不上毕业，总会想换的，快进到刀怎转
折叠不到七天就后悔，无聊的要命，传说磨损高更是相当难受
除了打狙好点，太轻了
我去，这刀现在都白菜价了
确实好看，再配个欧米茄什么的
入门款，你会越换越贵的，我当年入门款是P4的多普勒折叠，溢价买的csgo时期的星空折叠，后来还是玩到爪子蝴蝶上去了",https://tieba.baidu.com/p/10294089478,31,刀皮毕业了
"不过我没啥收藏品，刀手套，我觉得暂时应该也到v社预期了吧，拉倒吧希望别搞我。上午用笔记本没接显示器打着玩，感觉接没接显示器，开个fps模式，磨损好了好多，，三把刀换着玩应该也不会太腻，
明天更新圣诞节大活动5年老兵任选一把刀  10年老兵任选一副手套
好紧张，看了会吧更紧张了
全新武库闪亮登场，40⭐⭐即可抽取随机金皮百分百中刀套，圣诞收藏品限时上架，探员返场市场直售，一波打沉市场
有没有老哥知道，一般早上几点更新
明天铁定更新的，马上也要圣诞节了，不过今天殒命大厦是真的吓人啊，我才买了饰品不要啊",https://tieba.baidu.com/p/10309347581,14,纪念一下封仓，希望明儿别再给我来个大的
偏向紫罗兰系列，可以摆摊看看,https://tieba.baidu.com/p/10309773887,0,2.5-4k收一把三幻神
"求购到了一把印花集上面有个挂件，我记得这个可以直接拆下来卖啊
忘记而已，或者懒
是可以啊，求购一直有人送钱的
因为拆卸器用完的花，再买要花7块钱，与其再花花7块，不如当折损卖你了，又不是几百块的挂件
几块钱的没必要，超过10块你再考虑
周常掉落有几率掉
血赚，挂件拆卸器可以升级掉
7 天
挂件拆了枪有cd吗",https://tieba.baidu.com/p/10308329865,13,不懂就问，别人丢给我的枪挂件是可以拆出来卖的吧？
小蜜蜂能赢绿龙，肯定是团队比绿龙更强但是zwyoo不一定有donk强ropz没来之前，小蜜蜂被faze淘汰ropz来了直接8冠王朝并且Zwyoo亲自给ropz打电话邀请这比库里给杜兰特打电话还过分因为赢者邀请败者加入是赏识败者邀请赢者加入，就是抱团+拆队毁掉一个对手所以小蜜蜂强，我们承认王朝但是Zwyoo也确实抱团了，这点不要否认以后选goat肯定得票不高的大家心里都有一杆秤毕竟这也是为什么小蜜蜂和载粉丝不多的核心原因,https://tieba.baidu.com/p/10309777197,0,小蜜蜂肯定算抱团的，毫无争议
"刚打完游戏心血来潮想开点箱子，买了21个梦魇，结果最后一发出了金，还是伽马，之前炼金出了俩，这回开箱出了，太爽了
21箱一金一红一粉俩紫，可惜是暗金的伽马，要便宜一点，不过也很满足了
至于炼金，练了6炉，出了5炉蝴蝶，其中两把伽马，现在开箱也出了，感谢cs让我吃的饱饱的
兄弟们人呢，都睡了？
坏kaiq
话说开箱出伽马的概率可比炼金低太多了
？炼金能6出5蝴蝶，诗人握持。
roll么
还有6炉5蝴蝶也是真的，炸的一炉出的是猎杀者匕首，之前三炉蝴蝶可以看我之前帖子
真的欧啊，我的出货都是炸了十几炉出来的
ak继续炼了 1打4绿宝石在等你
666
心理委员呢，我刚才上个帖子说他来治疗我抑郁症来了，你是来让我抑郁的吧
我开一万箱都不可能出
欧皇光环说是
什么超能力啊，心血来潮说是
兄弟坏出
受不了了 我开的最好的是紫
谁问你了
又想骗我去开箱
恭喜roll吗？
好出兄弟",https://tieba.baidu.com/p/10291933179,51,这回是开箱出伽马哈哈哈，突如其来的惊喜
"鼠鼠是学生，今天周三打箱子掉了一个这个，来个好心人把它接回家吧，但不是我说，这箱子开两次出两次了
第一把是400买的，当时小赚2k
buff上同磨也只要2600
没余额别开啊
这玩意能退款的慌什么
倒余额买这不就赚四百多了
纯幽默，你余额至少8折朝下才赚一点点
亏钱啊，刷了当给cs做个贡献
uu磨损比你低的才2300
创世箱就是个失败品
除非v社下架创世箱子不然这ak不值钱
没余额这玩意根本不值得开
这垃圾箱子我昨天开了 35 个没出一次红
有一种爱叫做放手
狗都不买
你要买不如直接上buff买 磨损更低还便宜
别买，你啥都不买就亏2块，你买了亏500都打不住
你只有倒余额买才能挣，这价格跟现在uu上的价格一模一样，你余额倒几折就是挣多少，手里要是没枪能卖余额那没招，这个箱子只适合你能立刻倒出来余额的人来开，不然出货你买不起还是挣不到手
没6折余额有啥好开的
开箱子追求的是以小博大，这个箱子根本没有这个机制，你还没明白吗？
没大额余额赚不到，我上次开了那个暗金m4，价格太逆天了直接放弃了
刚来谁是 kg
我之前开了可燃冰127，BUFF上只卖92",https://tieba.baidu.com/p/10266330371,39,😭鼠鼠我不行了
"内幕消息勿外传
大的要来了
右边那个认识，左边两个不认识",https://tieba.baidu.com/p/10309759695,2,预言明天武库更新
"一天时间让你两相遇
有的玩了
一个可以炼渐变蝴蝶，一个可以打个浅坟
这在当时是一坨看都嫌的大粪啊现在怎么会，怎么会
次时代贴全息四连niko挺不错的，很久以前搞过一把
羡慕我本来也想整这么一套，现在更偏爱蓝色系的双守护者只可惜一直没等到价格合适的好贴纸
别看见tt就往上扑，纯牢，只有14跟15卡托的tt才有溢价资本",https://tieba.baidu.com/p/10269194958,13,2328K拿下CT毕业套
"好贴纸，比底价便宜，欢迎大家来捡漏
局内很亮，价格实惠",https://tieba.baidu.com/p/10308884460,1,急售一把ak
"视频来自：百度贴吧
不开枪就好了steam改名：防弹衣以后帮队友挡子弹就好了
驱动更新了吗
如果是A卡可以试试老驱动，我很久之前6650xt用新驱动也是这样，用2451老驱动就没事
去设置把帧率显示打开看看怎么个事。cs2吃CPU，你这种开枪情况大概率是CPU有问题（不一定是硬件上的问题）
a卡吗，把最低频率拉上去
ace干的，是不是下腾讯游戏了，好多多被说扫盘卡顿
可能是你驱动太新了 驱动降下来
BV1Kb421Y77J看这个视频，试试回退驱动。我n卡当时为了玩黑神话更新了，回去打cs就卡得要死，后来回退就好了
ace反作弊先卸载 后面要玩重新下载回来就完事了
看下有没有n卡里面有没有限制帧率，
再装一个，这个扔了
你有没有开全屏，如果是那个什么无边框全屏就是会卡的
可以换9800x3D cpu  然后显卡 1060都够用了
开任务管理器看看后台有没有edge浏览器挂着
可以把鼠标回报率调到1000试一下
有没有装豆包，装了豆包开了他的那个悬浮球是会这样的
输入法问题，切换英语输入法就行
我也有这个问题
看下后台挂了什么，应该是软件之间冲突了
cs设置视频里面，有个y什么的英文，把这个关了试试
什么CPU显卡，英特尔CPU的话记得在游戏设置开启仅性能内核
感觉是输入法的问题，切成英文输入法试试
装个gamepp监控一下双u的情况
把腾讯那个逼反作弊给卸载了
先从换个鼠标开始尝试吧
500回收♻
鼠标轮询率调低试试
会是内存条的问题么 内存条是2666频率的 或者cpu
鼠标重新开关试一下
同样的问题，没找到原因，但我确实有腾讯反作弊！目前是换了块硬盘，彻底重做了一次系统，所有数据全删除。已解决
勾使cs我7945hx4060昨天打小镇1080p非全高画质后台全关的情况下卡成稳定六十几帧
矿卡炸了导致的
重新做个系统试试
电脑管理员名称改英文，游戏路径不要有中文，
我的电脑也是玩3A轻松松，但是只要玩CS2就会偶尔突然电脑黑屏重启，还会掉帧。
可以不开人机局去试一下，现在CS2的人机是本地演算的，我之前的电脑就出现过人机局卡的要死（只有个位数帧），但正常玩一点不卡(100帧＋)
我也是这样，不过只有乱斗这样，不过我几乎不打乱斗
系统问题
电脑管理员账号id改成英文
看着像驱动问题，重装驱动试试看？
已经弄好了 蟹蟹大家 好像是因为n卡设置的问题 现在已经解决了
怎么解决的楼主
那就别开枪， 替队友存钱发枪 挡子弹 吸引火力
卸载，这b游戏优化等一辈子
鼠标回报率调1k
内存条咧？
是不是开过三角洲
买到矿卡了
楼主怎么解决的",https://tieba.baidu.com/p/9825270319,100,刚装的新机 cs2一开枪就卡顿 跑3dmark烤鸡跟其他游戏都正常 就唯独cs2一开枪就卡
"之前帖子删了 实在顶不住压力 嘲讽的太多了
来让我盘点一下昨天看到的乐子 没上车的都在说这肯定是bug  v社马上修复😆 v社以往大行动下架会提前告诉你吗 是不是没上车所以很急眼荷鲁斯怎么就起飞了呢
买纪念品出的掉吗吠物玩意
很多人认知真的不行 贴吧都在唱衰荷鲁斯永远不下架 那我就要贴吧反向买 你与本荷鲁斯之王只有6把荷鲁斯吗？ 我还有2.2接近2.3w个纪念包 所以贴吧懂哥太多了 游戏都不玩就来谈论市场？😆
嘴臭的拉黑 楼上那个people不会游戏都不玩就来倒货吧 让你懂完了
不可能的事情确确实实发生了，自从合金以后V社干什么事我都不会觉得意外了，包括这次突然下架阿努比斯
荷鲁斯2000多的时候我就说是最好看的m4，吊打咆哮，换来的确实吧u无尽的嘲讽
666
我有点印象，你好像是地图轮换后入的，当时我说5万干点啥不好， 买没下架的收藏品， 真让你得吃了
我不是来炫富啥的 只是针对楼上那个上来就嘴臭的simple 大家理性讨论 你有素质我肯定回应你礼貌素质 有些人上来就****直接拉黑
纪念品你不喜欢有人喜欢 反正我也是得吃 不相信还有2.3个包的这是库存组建哈 纪念品我又不着急出
上来自称自用玩家 喷倒狗 嘴臭的 游戏我比你更认真在对待 喜欢饰品跟热爱cs本质一点不冲突 这赛季优先又是打满拿全红牌子。 自由市场胜负盈亏自负 看别人亏钱不要去嘲讽当然赚钱也不要去妒忌眼红拿什么自用玩家说事
不是导购活该你挣
你说你有2.3w个包？***的，我的荷鲁斯想跑了
老哥不玩cs正准备倒余额，行情站看到阿努比斯收藏包第一，但我看他是突然涨起来的，这是怎么回事啊
你无敌了，游戏打的好就算了竟然还有钱
有一说一荷鲁斯就算不下架飞起来我都觉得合理，因为确实颜值在，但合纵能飞这么高我是没理解的
阿努比斯的故事告诉我们，成功的投资既要有充足的资金，也要有足够的耐心，更要有强大的抗压能力
下架了吗？
荷鲁斯看到什么位置
没毛，荷鲁斯确实好看
之前荷鲁斯没下架我觉得颜色太土黄了，现在看有股帝皇的暗沉气息
怪不得挖一晚上坟了，快两年前的帖子都顶起来
囤热潮 启动阿努比斯收藏包我就囤了4个组件
捏的住就是赢，就算这次是bug也迟早会下架，你又不急等就完事了呗
贴吧是这样的，唐人居多，串着玩就完事了。
荷鲁斯算比较好看的了，不过这波你是真幸运啊
说实话，感觉不如皇帝
纪念品和这个没关系吧，个人更喜欢破浪狂飙
商城直售纪念包在这个之前还有其他先例吗
我的荷鲁斯是自己花钱改的名:  荷鲁斯之眼笑看日本灭亡
之前帖子删了 实在顶不住压力 嘲讽的太多了【图片】
多数人都说好看，但我觉得荷鲁斯又丑又呆，个人审美就是不喜欢荷鲁斯
荷鲁斯是真的帅，质感好图案设计又好的枪真没几把
涨到十万都无所谓，丑的一批，和咆哮坐一桌
明天周四我这边的消息是马上给你上架
荷鲁斯怎么下架了
之前五合一的时候我就说了30号新政策落地只会补涨，根本没人信，贴吧这群人对交易可以说一无所知
阿努比斯都能起飞，23巴黎还有得救吗？
兄弟来和我一起ROLL龙狙! 复制消息 $11 ￥8juhZbwe￥ 打开【IGXE】！
呃呃，靠运气赚来的钱也会因为运气亏回去
牛逼荷鲁斯颜值一直在线原来价格不太合适我10月30号入了一吧略膜准备一直自用来着没想到还有这出
不错，我也很吃荷鲁斯的颜值，之前买a4的时候就感觉荷鲁斯颜值比较能打
这人也是也够一条，
那个傲世simple，****，天天在这装逼，嘴臭，库存没几个，以为自己很有钱，然后骂别人穷比，我发库存了，就跑路不敢回。眼熟他好几次了。
这把枪确实好看
荷鲁斯从go用到2，不过前段时间缺钱换品就出了，用也用腻了，没赚到一半的钱还能接受吧，毕竟才一把，不是出了几十把这种
吓我一跳，以为我哥们来贴吧了
楼主roll一把
我一直看好荷鲁斯之王，帝皇只配坐马桶
这市场没救了
一直觉着挺好看的，上个月刚买了一把，这一下就飞了
我寻思纪念品不是纪念包吗？每年不是都有吗？
好看的东西起飞真的只需要一个契机
这枪本身也挺好看的
荷鲁斯本来就是咆哮之下最好看的 m4，一直都喜欢，合纵那个垃圾颜值被炒上去也是逆天
我怎么觉得颜值上黑妹最好看，有一样认为的吗
这不就看运气么，不过贴吧喜欢乱分析的确实多
守得云开见月明了 囤了3400个收藏包 885个阿努比斯纪念包
纪念品就是垃圾，我也也有2组建纪念包，不能说赚不到钱，就是很难受，基本上日售2个，运气好点5个，纪念品幅盈特别高，虽然最后卖出肯定能赚但是这个回报率完全不如普通的，当然富哥买一把自用绝对没毛
不如咆哮除非楼主给我一把
下架绝版了？
2.3w个包进出组件不把人都点麻了有啥好方法么
我玩的算早吗
9k出了一把略微磨损的吃了口汤
赚了几块钱狂的不行
兄弟这钱该你挣。我就对我自己说一句人挣不到认知以外的钱。当时略磨喧嚣杀戮200我真想屯100个了，没敢
巴黎纪念包价格依然低迷
加油👏，支持下
牛逼啊
说真的荷鲁斯真帅吧，我觉得是 a4 里面前三好看的，也没啥好嫉妒羡慕的，毕竟有这个勇气才能赚到这钱，不眼红，真心觉得 lz 很有魄力
普通酒精荷鲁斯最后稳定大概多少💰啊，很喜欢这个皮肤可惜涨价了，想看看以后能不能搞一把
我去年1330买的酒精自用，今天一看咋5700了，吓人
这周升级任务怎么又是殒命大厦？周四什么改动啊？不会不能第三方交易吧？",https://tieba.baidu.com/p/10305876060,226,荷鲁斯下架了 质疑荷鲁斯之王的现在出来走两步我看看😆
"现在的红炼金概率跟buff所显示的不一致，正确概率是你所塞进去的武器占几分，就是多大概率出这个武器产物，之后在随中的收藏品中的金色产物随机，buff概率3%被0.31%连打四炉，望周知
无图言屌
真没懂你说的啥意思
比如普通10合1  现在不是只看上级产物数量吗  1个就是10% 上级产物有3个平摊就是3.33%
红炼金的话是只看你塞了几个下级  1把就是20% 2把40%  最后才是产物随机分配  不看产物数量的
他的意思大概是比如a和b都有蝴蝶刀，cde没有，那蝴蝶刀也不是在五个材料归属的范围内双倍概率而是从abcde中选出一个再从其中挑选金皮，且金皮的概率和其他材料没有关系的意思吧
buff模拟没问题啊，现在只看占比不看上级数量
你这才几个样本？我五合一手套还连炸三炉裹手，连出两个森林呢？你能说炼手套必出裹手吗，还有我真没看懂你在说什么规则有问题
确实是这样啊，你觉得概率不对的，可能是因为两个不同的箱子有共同的产物，所以叠加之后某个产物的概率更高
是啊 现在早就是老的炼金法了
样本量太少
下级数量平分总概率，产物数量再平分
把你炼金的steam记录发一下，光在这说大伙也没太明白你意思，图发一下不就一目了然了吗
意思就是现在炼金不能像以前一样用辅料的多上级来平摊主料的合成概率了   现在是优先结算各种下级材料的供给数量  得出结果  1把就20%   跟合出来的刀皮概率没关次  百分比只是让你看的
智力不行就不要炼金了",https://tieba.baidu.com/p/10309382887,50,炼金避雷贴
"自用买了把怪b，谁知道这几天拉升荷鲁斯连带怪b也拉升了，结果最后一天cd直接给我撤回了，出的时候求爷爷告奶奶，一涨变脸的真快真是应了那局，涨了卖家撤回，跌了买家认命
现在买个饰品都还担惊受怕的，生怕哪次又给撤回了，真是无语了
25号亏了上w都没撤回，就当是氪进去了。而且昧良心撤回了要么换号，要么封平台。换号就没勋章了封一个平台就不能比价捡漏了，觉得不划算。应该是没玩多久那些新号才会选择撤回
自用玩家撤回最恨了，稍微有点交易量的都不会撤回
怪b也没涨多少啊",https://tieba.baidu.com/p/10309583942,4,我服了，这还怎么玩
"有没有人有不要的枪可以送我几个么，我可以拿箱子和你换，3个梦魔，2个反冲，两个千瓦 玩了两个月还是用的原皮！
换的私",https://tieba.baidu.com/p/10304139147,6,有没有人有不要的枪可以送我几个么，我可以拿箱子和你换
"看了大家的反外挂方案，我个人认为，最简单，最省钱，只有一个口诀“一人，一号，一局，一扫脸”，字面意思，很简单，展开说说，就是保持现有的反作弊强度，也保证日后升级反作弊技术的前提下，增加扫脸这一步骤，而且是每一局，或者说放宽松点，扫脸一次，给2个小时通行证，但是肯定会触犯一大些人的利益，这里不详细说明，但这是最有效，最简单的方法了，炸鱼还能避免，一举三得，在考虑长远一点，既然扫脸了，一人一号了，就应该放宽封禁时长，从3650天，改为两年给你一次被封禁解开的机会，次数不叠加，但主页永远会挂上开挂次数，这样我们还可以新增一些东西，比如全扫脸对局什么的，国内肯定可以，我也相信大家，真正的绿玩，为了能正常的玩，肯定会支持的，国外的政策，看样子是不行，但是总有国外游戏厂商会有能力实现，我感觉如果有那天了，不敢保证会100%绿色，但85%是有了，开挂的成本将会成指数倍的增长。（乌托邦言论，本就充满幻想色彩，各位朋友们轻点喷）
现在也得有85%以上的绿色吧？没有那根本玩不了了
1、多数人没有摄像头，2、侵犯隐私权，国外分分钟被告……
反外挂单纯是个性价比问题，平台要的只是名声和玩家数，可不是所谓的干净环境，要是成本付出得不到足够回报，谁干啊
很简单立法就行  开挂 制作外挂犯罪 你看韩国 为啥pubg反作弊烂？ 因为在韩国开挂做挂违法。
其实一人一号就已经隔绝大部分炸鱼 开挂了。
直接绑定实名支付宝，把信用系统绑定，作弊直接扣信用
符合厂商利益吗？人家是赚钱的，不是给你搞公平环境的
你可以看看我以往的发帖，我比你更能幻想，在民科吧。
扫脸？以前有平台还要扫身份证呢，知道的是玩cs，不知道的还以为网贷呢
开直接枪毙
不如直接把这些开挂的，检测异常的，往一块凑，让它们玩去",https://tieba.baidu.com/p/10304106517,31,对于现在FPS反作弊的看法和新方案的幻想
"如题，暑假入坑买了优先之后跟着刷了两把，会不会被封呀
有大量五杀和平局会有概率追责
有概率，而且还不小。不过怕不刷刷不怕",https://tieba.baidu.com/p/10309034549,4,竞技刷分会被封吗？
"最近入了一个玩，切个十来次能出一次特殊切，到底比锯齿牛在哪了我请问了
一般  主要是其他也不咋样吧
矮个里面挑高个，把普通切删掉能晋升幻神
屎 锯齿改了监视后肯定排这个上面
如果一直按f挺好滴
检视手套露的多
骷髅当然在三幻神下面了，普通不删一直在下面，刀型好看也救不了
因为好看
半斤八两，三幻神之下都不太行。
锯齿太塑料了转也难受
真不如锯齿一根
因为其它的也半斤八两，三幻神牛的地方在于能征服90%的人的胃口，别的刀只能说萝卜青菜各有所爱，要怪就怪v社为什么别的刀不是下毒就是敷衍，对我来说骷髅挺舒服的，普切大多数人说恶心但是在我眼里跟熊刀一样，特切跟刀型都是t0级神中神，没钱的时候骷髅是我的首选，锯齿打狙太难受而且更新后转刀概率提高了想检视刀面结果给我一只转
骷髅的普通切刀有一种很干的感觉，他是横刀面推出来的，像急停一样，有一种稳重的感觉，所以我选锯齿而且现在锯齿比骷髅贵，下层刀皮价格最能说明自用选择
不如求生匕首
骷髅监视太恶心了，转刀检视要一直按着才行普通检视屎一样，三幻神下面还得是短剑锯齿刀形不好看
刀型好看
怎么不配，三幻神下第一刀
炒作的，骷髅锯齿刺刀一档差不多
锯齿＞短剑＞折叠＞骷髅＞猎杀＞鲍伊
纯刀型好看而已，他和锯齿我感觉就是1个对子，锯齿切刀更好一点，像骷髅我感觉刀型更好
目前三幻神下边基本也在排御三家，骷髅、锯齿、短剑/刺刀/流浪。是的，众所周知，御三家有五个不过已经很不错了，至少和锯齿俩已经是保五争四了，不用像老六现在还在时刻保持质疑。然后那个B普切，确实是看得人没脾气，因为是另一个系列御三家（熊刀、系绳、求生）的同款普切。而那三位也是特殊切刀还行，但是栽在这个祖传普切上，V社肯定觉得这普切做得老有意思了，一传传三代作为竞争对手的锯齿，切刀被形容像雨刮，然后有人不喜欢检视转的声音，甚至有人就直接不喜欢检视转。不过这个因素占比反而很小，因为真不喜欢的自己会去换爪子的。毕竟检视转圈圈反而是锯齿的特色嘛。刀型上骷髅市场认可度不低的，刀身刀柄一体成型，刀柄也能吃到涂装覆盖，和弯刀类似，适合展示高端材质的涂装。锯齿则要被爪子比较，爪子刀型是很圆润的那种，锯齿就偏细长。所以这俩其实从刀型到手感差别都挺大的，但因为外形相近，锯齿直接吃到三幻神之一爪子的压力会更多一些。那如你所见，这种肯定会有一个比高低的心理在里边的
感觉ct对完枪换位置的时候切出来转圈还真不错
喜欢锯齿多一些，骷髅短剑流浪一个档，
大部分时间都是肌无力切刀，玩两把力竭了直接
这刀两极分化太严重，我自用很喜欢主要是因为特切就跟抽奖一样，偶尔切一下很爽，普切就跟恶灵的苦无一样，有Apex那种感觉
要轮切刀，我觉得都不如短剑
一直不理解，普通切刀哪个不是一坨？为何揪着骷髅不放？就因为骷髅特殊切刀太优秀了吗？
锯齿和爪刀都能碰一碰，骷髅也就和熊刀碰一碰吧
三幻神之下第一个这个主观性太强了，没法评价，你觉得是第一就是第一，他觉得是屎就是屎
普通切刀肌无力太败坏手感
看价格就行了，锯齿基本都比骷髅贵
短剑和锯齿在三幻神下独一档
普切唐的不行就不说了，他那个刀面看多了也不适应，得不停换着涂装用，还得挑好看的，也就偶尔能转刀了
你真买了，就达到目的了。买了骷髅的人timing比别人多十倍
不如短剑
因为锯齿切刀也不咋地，太拖而且总感觉切刀动画帧率特低，骷髅普通切刀切一半切枪其实很顺，只是落下来那段太拖。
我个人游玩体验来说，锯齿和刺刀这种墨迹的动画来说，也就比牛子猎杀这种高一档，纯纯乐色。骷髅的手感确实是仅次于三幻神的，尤其是打狙，流畅度和爪子不分上下。普通动画，直接把手抬起来切刀，干净利落。根本不需要那个特殊转圈动画。这玩意腰斩后白菜价op现在才2k多。我1200时候买的玩爽了。
骷髅锯齿刺刀就是三幻神下面的一档呀，满足蝴蝶爪子M9的一些特征学生党预算不足可以买这一档的玩
4比3锯齿看不全
只有我觉得不如烫手吗
普通切刀太拉胯了，那么大个刀面笨笨的提出来
凑合吧 都一般 骷髅也算三幻神下面还可以的",https://tieba.baidu.com/p/10297525385,54,骷髅真能在三幻神下面吗？配吗？
"退游了兄弟们
还是那句话，永远不要心存侥幸，宁可一打九，不肯九打一。
不要心存侥幸，湖怪鸟一打九事件还历历在目呢能百分之百真别贪
炼金仙人
还好没塞那个
亏了多少
亏了多少兄弟
小猪猪是什么
一打九成功了不应该高兴吗
这种钱不兴挣啊，得连续成功多少次才能弥补这一次啊
想不通怎能有人去9打1。我宁愿打9手1打9都不会去打一把9打1 省那几个钱。你1打9有概率能出那个1。   9打1 一样能出那个1
让我想起了之前那个9打1的人才
没事至少不是血腥运动
感谢兄弟为cmyk价格的前进扫掉部分障碍
又消耗9把cmyk下级，还是好人多
世界上又少了0.9把cmyk
别激动，给你看个🤡
大半夜笑出声
捏住荷鲁斯迟早有一天下架
你要是塞九把垃圾进去，这炉血赚
已经想到我大后天一打九出崭新星尘拱廊了
牛逼啊，一打九出荷鲁斯
1打9出荷鲁斯之眼了，恭喜恭喜
你跟那个加一个目皆转睛的是兄弟吧
...都决定合成了就不要搞9打1了，要么多掺点假，要么就别掺了
荷鲁斯到时候会下架的
你这还不如九把打三炉
法玛斯九杀回放吗，有意思
恭喜roll吗
一打九成功了。
哈哈哈哈哈哈
感谢兄弟，cmk大狙又少一把，导购又能拉了。
我穿越了？
谢谢xd
一打九出了 好出xd 好出
roll吗
说明你是小猪猪啊🐷
没事的，期待荷鲁斯
这游戏一打九真的有毒，经常出
喜欢九打一，老实了吧九打一就不该叫炼金
图片里不是说了吗，小猪猪
小猪猪
一打九成了
命悬一线，天台相见
一打九都被你出了 害得是你
炼金带师
捏住等绝版
@澳皇
@ 澳皇
你这id不得一把新星从头玩到尾……
炼金也想赚米吗
看我贴子，21年的三连1打9
想好点，当你失败了，另一个炼金佬1打九成功了
头像是tt吗
恭喜要roll的
笑死我了
崭新的吗？那留着吧，荷鲁斯还是有机会超CMYK的
雷神之锤 湖怪鸟 血腥运动
恭喜你啊，一打九成功了
现在呢
666
还在吗
兄弟现在有何感想
楼主宝贝还在吗。jpg
这不是1打9成功了
兄弟现在呢！
不会卖了吧
现在上W了
肯定是当捏不住的FW了
现在呢现在呢？
兄弟兄弟荷鲁斯飞了
楼主不说话了你们还杀人诛心
好消息荷鲁斯涨起来啦
兄弟别退，荷鲁斯起飞了",https://tieba.baidu.com/p/10135012088,140,为什么为什么为什么
"xdm决赛圈了，帮忙看看选哪个
最早也要等这周五下午入
信我就是蝴蝶刀。
暗金和略磨，只玩牢货吗，有点意思
我感觉效果最好的就是m9，看你喜欢呗，大理石不推荐
m9伽马买崭新
买个高端蝴蝶，在买个弟弟爪子，换着玩不腻，爪子个人感觉不吃涂装
自动化爪子加黑鸭蝴蝶",https://tieba.baidu.com/p/10309361133,15,求饰品推荐
"出方 bo1.45
您好 算多少钱",https://tieba.baidu.com/p/10299261666,2,99.2色t1爪
收一组,https://tieba.baidu.com/p/10309824422,0,有吗收一组
"老哥们，cs手套皮肤所有模版什么网站可以看
同问，顶一下",https://tieba.baidu.com/p/10308117217,2,请问哪里可以先定一款皮肤后查看所有模版？
"本人主打fps游戏，也会玩玩联盟或者下棋，小手抓握，预算200左右，目前在用g304 缺点是太重，长时间抓握不舒服，想要换一款轻点体验更好的鼠标，挑的头晕眼花实在是没招了，特此向大佬们求助。同时我还有一个问题，都说狗屁王2是万金油模具适合我小手抓握吗？感谢大佬们#九冠王朝!小蜜蜂Major捧杯##数据怪物donk,三项登顶杀穿了##绿龙惨败小蜜蜂,donk红温爆哭##饰品价异常涨跌你怎么看#
蝰蛇v3
我以前用g102，用gpw感觉很大，现在用的是仿毒蝰mini模具的国产鼠标
我这有个闲置的塞洛斯V6要考虑一下吗
双飞燕，双飞燕的血手幽灵系列，网吧同款，便宜好用。甚至可以去闲鱼上淘个二手的
可以试试atk f1
买国产的
现在性能都大差不差了，可以去次好一点的网吧多体验点模具，然后国产买个差不多的
gpw不适合小手 看看国产长度在119左右或以下的
毒蝰V3X",https://tieba.baidu.com/p/10304920810,26,求助外设大佬
"注:非带货挂件，仅对倒余额分享个人经验。现在新规后倒垃圾贴纸已经成过去了，不过还有别的路，推荐一个我最近一直在用的，就是倒新武库挂件新武库挂件的求购和实际出售价格差很多，挂高价完全卖的掉，我挂的1.68，实测1个晚上一共成交约200个，第二天晚上剩的100多个也在早上卖完了。图1余额已经用了100多买游戏了。半夜成交较多，基本一觉睡醒就卖光了。而且现在挂件价格很稳定，第三方平台价格和steam市场价格基本和我7天前看的一样。再次提醒:非带货挂件不限定这一个挂件，其他挂件同理，这个挂件我求购拿的，一个0.87，到手差不多58折余额。
收到🫡，开囤
收到，加仓🫡
收到 加仓
挺不错的呢
以前倒其他垃圾饰品和高价值饰品的时候也发现了，能售出的价格比底价确实差不多少，就是卖的可能有点慢，这挂件也是可以的感谢分享(っ´ω｀)
因为武库的主要产出方只有国内的工作室，而这些工作室直接卖账号，最后只会走国内交易平台。老外的自用需求得不到满足，所以武库一直是倒余额的好选项，包括贴纸挂件和淡蓝材料。
请所有准备倒余额的要注意，19号之前一定要清空，10号之后就不再推荐继续入了，因为19号就要开始冬促，到时候余额比例会可见的比较差，想倒的尽量就这两天买，之后就等到冬秋结束之后再倒
因为是大洋那边人买的，你的半夜他们是白天。你这属于海外贸易。
低价就是这样，求购和卖得出去的在售价差别很大，求购压低只是导购为了吸货，但是真自用直接就买了。特别是炼金材料更是这样，瘾上来了直接买哪里等得及求购
会不会看到这贴的这些人，大量购买后折扣变成8-9折
mark
太麻烦，一个才一块多
巴黎胶囊也还能倒，我每次都是买了丢steam求购，也能稳拿7折余额
武库打星星的不是黑卢吗
好，整点试试
太麻烦了
这边手续费不是有最小手续费吗？你导这个会不会影响啊
所以你现在是空狗
这里面推荐哪个啊 想倒800余额买游戏
我倒的蛇噬，咋还有八天的黄盾啊，过八天能卖掉吗
奥斯丁 navi金贴 。有76折。我导了2000了。还好卖
有人带带吗刚毕业
乌克兰LZ还有推荐不，被汇率整数出售搞的头大_(:з」∠)_
我都用箱子的",https://tieba.baidu.com/p/10281254850,55,steam倒余额新建议
"感觉买酒精也能吃到肉，崭新价格是不是太虚高了
8k7刚买的0.03的，准备贴四连可爱捏
蹲个8200的崭新，只要不是什么逆天打击这个价格是差不多的
这是我的怪B
怪b磨损在酒精0.24开始掉弹匣漆极限略磨亮度就掉一点点，漆是99%新，无溢价就贵100酒精就是只拿模板不看亮度，酒精往下就是纯学生买着玩了。
我买了1把崭新10把酒精
买，一年之内亏一半也不会割肉的价位，收藏品波动还是蛮大的。如果是我我买崭新，量少好拉升
买崭新略磨都行
买就买崭新，高磨都是吃补涨
想要吃肉就跟崭新，酒精跟略磨自用居多喝不到多少汤的
最近会跌，别入坑
吃到了
我买的极限略磨等以后上8k",https://tieba.baidu.com/p/10305782551,20,想入怪b，一边自己玩一边囤着等下架，买什么磨损？
"刚刚还了一个Op  但卖家拒绝了有没有还价成功的来说一下 多少合适不够我再加
它再把你的卖了还要手续费吧可能，反正我饰品还价没成功过
有手续费的",https://tieba.baidu.com/p/10309469120,2,吧福以物换物还价 要算手续费吗？
"在三角洲偶遇巅峰智力大佬，两位一个说跑打比急停有含金量，一位说一个工作室的刷箱子假号占了cs百分之十日活，拼劲全力无法绷住本来写的，绷不住了被拉黑了，大家来劈🫘一下好 就算你说的是真的，那么10%的用户都是电脑控制的，也就是你所谓的自动流水线，也就是说我如果玩官匹竞技，每一把10人平均有一个人是机器人？如果是这样的话互联网上那么多用户为什么没有反应？v社的手啥时候伸到国内了还能禁止这类消息？再说了，打箱子的前提是你要花103买优先账户，每一个机子都是100r，7万台就是700万，你拿这个钱投给v社他自己能不知道？再退一步，打箱子需要有游戏参与度，你的意思是你的自动程序能让他看起来像是积极游戏？注意哦，你需要有正常的战绩才能拿箱子进度哦，你有这技术直接卖g赚的不比这个多？先把你的steam游戏管家卸了装个正版steam再说吧，箱子是什么不知道在这里乱发tb真闹麻了#饰品价异常涨跌你怎么看#
完整智商发言
我只能说，我希望这个是串子，不然人类物种多样性将以意想不到的形式被证实。
更 绷不住了
粥这游戏有一堆真正意义上的小学生，你跟他们讲道理
玩家数量很大程度上由操作难度下限决定
废话什么，让他去凌晨新年广场，反正两边都号称自己游戏是最强瞄准",https://tieba.baidu.com/p/10309597838,8,tb智力平均值真闹麻了
"能否推荐一把10元钱以内的ak枪皮
再加点买个交叉渐变
不打AK，直接冲锋枪乱扫
免费租都有传承
崭新橄榄迷踪，略磨迷踪秘境
加十块买精英之作吧
现在卖东西都不能马上收到钱了啊
妈的时代真是变了，我记得刚入坑的时候研究的是十块钱配一套主战
看看我的灰变迷彩，贴纸就几分钱，枪一块左右
狩猎网格配贴纸
找个1-200的ak皮肤。租300天，大概租金10块吧
久经交叉渐变或者寒翠，十块出头
去社区服 搭配个绿色系手套 配上6块钱不到的橄榄迷彩就是神
干烂迷彩
不花钱掉落的网格
原皮其实挺好用的
混沌点阵  租30天 1.5
高磨土栽竹
安全网？
10块钱买个枪套玩玩下面的枪得了
原皮贴四张贴纸，绝对好用，这是我以前自己贴的，偶尔还拿出来用
酒精寒翠11元
加点换墨岩
周周免费租
免费租能玩绝大部分ak了
精英之作
买几毛几块的便宜皮肤不如直接用原皮，原皮就很好看
橄榄迷彩其实挺好看的
免费租吧，ak这玩意适合换着玩
久经精英之作，不过我建议你再攒点钱，到30这个价位选择就比较多了，久经可燃冰和墨岩，我从22年100块库存到现在7000块库存换了很多枪，但他俩一直在，多刷刷你甚至可以买到带全息印花的版本，我觉得挺耐用的
灰变迷彩
精英之作
酒精寒翠
10块买份拼好饭，剩下0元可以在悠悠和c5的免费租里花
以前巴洛克之紫是真有性价比，低调奢华
不如原皮配几张几分钱的贴纸
承受不了市场就直接免费租
每周免费组传承
精英之作
久经精英之作，破损迷踪秘境，战痕寒翠也还行
狩猎网格
钢铁三角洲
贵了，十块钱够配所有枪的皮了
灰变迷彩",https://tieba.baidu.com/p/10302561509,59,能否推荐一把10元钱以内的ak枪皮
"最难打的分段。什么妖魔鬼怪都有
完美d+到c",https://tieba.baidu.com/p/10309815556,2,萌新刚满100小时官匹优先8000分，大概什么水平？
"刷dy刷到个骗子，看我会会他
都这种程度了，已经锁定骗子了，看看要骗我啥
这byd还蝴蝶刀上了
byd瘤子成这样还蝴蝶刀，估计蝴蝶都战痕累累了
淡季贴吧，打个脚县
哈哈哈GO吧还有这种帖子啊我以为只有孙哮喘吧能看到拷打贴
无事献殷勤，非奸即盗
666爪子刀都来了，太假了
依旧紫色心情起手，所以紫色别在那断了
依旧牢王donk
666叛徒都来了后来输入法发现端倪，ropz你果然是
晒个库存，给生死狙击都炸出来了，估计是哪来的ai搜答案
怎么还不端上来?
gkd
？gkd
搞上了?
人呢该不会跑路了吧
你让他发点腿照过来
快马加编
早八睡醒了
后面问了一些地址，上学之类的问题，我就糊弄过去了，然后我又拉到cs上了
nm骗子还不主动点
又被骗了
燕国的地图这么长？
gkd
所以他们得目的是啥？骗你买饰品，还是去菠菜开箱子？
快进到为我的战队投一票
快更，你冯福的，生产队的驴都不敢这么歇
我也被骗子加过，我知道是骗子，我就直接看看匹，结果就没有任何回应了，哈哈
不想更就丨
你不能跟他约会去了吧
就是骗子，别信
不是骗子，快上
没后续了
那tm是我打瓦舍友抖音号伪装的，此贴完结
发了一次被删了，打瓦是这样的
他想投你
我完美也遇到过，就说找搭子一起打，不过我没搭理他
闹斯特麻麻
说话就像男的
让舍友来评论区亮个相啊
我就说感觉说话像男的
安师大我的梦中情校啊我不是骗子哥你能不能带带我
晚上睡觉别屁股朝上
为什么你的骗子这么有耐心，我的不是问我要资源，就是喊我滚的
蝴蝶刀看成蝴蝶13还有救吗
看完不知道到底要骗啥
你也想当肥仔叹气唉唉了是吧",https://tieba.baidu.com/p/10303594014,113,战地记者报道
"6666很有趣啊
这蛆王我不能当得让兄弟们来当
除了沙鹰，都是我爱玩的枪
鸟狙还是太超模了
你们是来争第二的吗
我也想玩
111
这都什么枪
好像挺好玩的
哈哈哈",https://tieba.baidu.com/p/10306919361,11,有没有五排一起打的，来打比赛，官匹。
"dnok的队友顶多是菜，每天跟我组排的人就是为了恶心人而生的。每个回合都是我们死完了发现他在地图的另一侧儒，看他儒半分钟最后被缴。钱满了是死都不愿意发枪的，要他发他就说我凭什么要给你发枪。还经常什么都不起等队友出去对枪往后面一卡，把队友卡死了美美捡队友枪去保。还巴不得队友早点死，每次对面前压麦就坏了然后看队友被偷个串烧，完了嘲讽队友菜。见到人是不敢开枪的，不是莫名其妙原地跳就是扭头就跑。当他面拆包也不敢打，问他为什么不打他就说那我死了怎么办。这几天又超进化了每把都带包躲起来，然后等队友打进包点再出去送包。还有其他细节我就不多说了。我现在每天都要经历这一轮回，让他全甲上天，他也完全不在乎下把继续害人，完了还觉得自己多伟大，我已经完全没辙了。
是现实里的朋友吗 不跟他玩不就是了
兄弟少熬夜打吧，晚上神人多，之前半夜打官匹连着遇到一个人两把，ct把把全甲沙鹰前压b1
不想和他玩就不和他排呗，非要跟他排是为什么
这你还要一起玩吗 锻炼抗压能力吗
我朋友也这样，天天惦记玩大狙，经常队友起AK他掏个双枪存4000，不突破只后方补安全枪，完了还要说队友送完了让他打残局怎么打的赢
游戏这个东西你不要在意 多想法子提升自己好了队友 不可控的 呵呵一笑防止乳腺增生
你是有什么把柄在他手上吗非得和他一起玩，永久下放不行么
我已经想开了，和现实朋友组排就无所谓了，段位上去后5排打的人都强，有个吊车尾的朋友经常被打得2-15的，我完美都把分给组排掉完了。
你是欠了他多少钱？要带他major夺冠么？这种反社会人格不绝交那你当宝揣着，哪天生活不如意了给你来个大的，那只能怪自己的选择
你和他玩是为了锻炼自己心态吗
受着呗😋你没长嘴不会拒绝是吗
只要假设在和瓦学弟对线就行了捏，就会捧你游环境好，段位含金量高了😄
你有把柄在他手上吗
你的遥控器在他手上吗这么惯着他
没把把usp存钱起大狙算好的了
这种人不直接进行一个宫斯特监监？
他是你跌你给他这样供着？
别跟他玩啊。这纯报复社会，欺负你是好人的。下回不跟他组了，这玩个jb
为啥要和这神人玩",https://tieba.baidu.com/p/10307397528,29,一直在感慨donk牢，突然发现他再牢能有我牢吗
"不是哥们，我都快毕业十年了，怎么现在高中的厕所还没有门啊，你麻麻滴还是无掩体干拉，有一说一这真是没把学生当人吧，一点尊严也没有属于是
今天遛狗时看到的，就在我们家背后，这所学校还新修了图书馆，你麻麻滴就没钱修厕所是吧
神tm无掩体干拉
问就是没钱
这不来一波爆弹？
多生点孩子，人还是不够，发展的不够快，发展快好了，明年给你们盖大厕所
发错吧了
我现在都条件反射了，在学校水不怎么喝，所以也不经常去厕所撒C，到了家立马就有感觉了，直奔厕所开闸放水
适合真人cs
有个毛病，隔壁有人能看到我的话，我包尿不出尿出来也要酝酿很久，一直在心里安抚自己尿出来，这种厕所上不了一点
想起来那张在厕所摆pos的图片
大学不也一样
一群人在厕所集合爆弹
我初中厕所本来有门，不到一个学期被拆了了，门板都不见了，最后变成全无遮挡的了
这是真无掩体干拉
确实挺变态了
当下课铃响起时，孩子你最好赶紧擦干净屁股
你个还有挡板，我上高中时连挡板都没有，一览无余
学生没有人权",https://tieba.baidu.com/p/10303309650,22,兄弟们咱就是说
"图放二楼了
一般快截止了就有人出价了
都是最后五分钟才有人竞价的，慢慢等吧
我靠红宝石走急售，万一被人捡漏了你发货吗？
这刀红宝石太牢了
弯刀红宝石不太好卖吧",https://tieba.baidu.com/p/10309277815,12,急售为什么没人出价啊
"以沙二ct方为例：开局是3A1中1b的防守站位，你是第一身位抢A大的人，到A门后对面没有出，这时在沙地对狙的队友被狙死了，报点中路很多，帮你丢道具和补枪的人一个回斜坡看A小，另一个在ct架出中门的过点。你这边只听到匪家方向有一把狙，然后中路匪口方向有至少两个人的脚步声，这时在ct的队友说对面给ct夹b烟了，主b的队友在狙位直架，说b通还没看到人，这个时候是该往A门外摸，还是静步回A点和队友集合呢？我看职业比赛这种情况，要么是主b的摸出去，要么是A门的摸出去，但是在天梯这种思路还适合吗，摸出去其实很容易被对面断A门的断掉(因为我进攻少打多就是负责断A门，在黄车后断了无数个压出去想找中路屁股的ct)，与其被断掉是否回包点和队友集合交叉火力更好呢？请各位发表高见
我到是经常前压白给
看你主不主A了。你觉得你是主A，就不要摸，保住A大。让所有队友往中路和B点靠。这样如果对手来打A，你还有个支点可以打。你不主A，让平台的主A，那你就推出去，解放中路，这样大家一下子就能把B点和中路包住。至于你会不会被抓，看对手习惯，如果发现对手确实有个自由人，那出门就小心点，没自由人就随便看看，被抓一次再小心点。
这个情况太复杂了，要看对面情况吧。如果对面打警喜欢前压，那么打匪大概率会架屁股。
守a大，b没了，不是a大的问题
单人不推，要推跟队友一起推a小
肯定不摸啊，封了ct烟也不一定夹b打。你一摸a大丢了这回合直接结束。首先你要理解，劣势前压通常是无奈之举，也就是说，本来要输了，啥也不干是直接等死，前压是极限求生，通常这种情况，应该主b前压，目的是为了保b通打回防，但是你队友中路对狙死了，主b还是狙，emmm两把狙不应该这么打，如果b点狙位直架的是步枪，那他就该前压。你在a大应该不动，因为对面未必打b，应该是你俩守a的队友推a小或者ct双架/炸烟，这样即使t假打b真打a，你们也可以a大a小同时回防。劣势前压核心只有一点，那就是当成回防打，想想如果在肯定要打回防的局面下，你应该怎么做，你的队友又应该怎么做。
组排的话，我会放A大静步到箱子叫上斜坡的队友和我一起顶A小，或者就是让B的顶出去，也可能让B的人把B放了站双中。如果是单排的话，我会在A大拐角那里架A门，我不会顶也不会放，归根到底A门有人的概率太高了，要顶也是顶B通，顶A小能打出其不意
你能鲨仁你就回
明确出中门了，我会摸出去，不然的话，焊死a门。如果打a小。队友掉的很快的话，我会在a门按兵不动，等着b点回防的队友上a小打包夹
中路跟对面交上火了才能摸，他如果没炸烟手段，你摸大概率被断
永远不会前压，我又不是大哥，做好本职工作就行了，宁愿什么也不做，也不愿犯错老实说大部分局你不犯错就已经超过至少60%的人了
我个人比较激进，我会出A门偷屁股，当然也会有人出来挡，能杀就赚，白给就报很多人。
大部分情况下A门不要做前顶，对方只是封了ct烟，没有确定有没有进中门，还是有可能打A小的，如果确定对方已经进了中门是可以尝试摸出去，否则还是收缩到A点准备打回防更稳妥，B点的队友可以尝试前顶B2解放一侧，你和队友报团清A小，不过实际情况也要根据对方的习惯调整
如果匪口两个，匪家一把狙，ct烟封了大概率是XBOX那位置封的，也就是中路大概率有三个人，然后还有一个人位置不明，大概率在b2断人的，因为匪家大狙能顺带看一眼A大有没有摸。那肯定摸不了A大，你要ct队友听中门有没有脚步多不多判断，说实话真中夹B只能看B包点队友能换几个人了，毕竟你们站位相当于3A了
先说你举的例子，你这种情况不该摸，你一死a斜坡的队友不成小丑了，左右不是人然后中期反推一共有两边和中间的单摸、抱团推和反清一共九种选择，用来应对对面的静默、道具施压和爆弹（另一边单边爆弹视作你这一边的道具施压）三种接触情况。单边单摸适合应对道具施压和爆弹这两种情况，其中应对爆弹的单摸是自救措施，寻求1v1对枪机会和回防空间；应对道具施压的单摸则是博弈性质，需要综合考量队友位置、道具情况、对手习惯等等因素，总的来说队友位置与你无联动、缺道具、对手喜欢施压后直接提速的情况推荐单摸。
但拿你举例的情况来说，比如第一次遇到就不摸，死保A门，如果中门确定出了打起来了就摸，这把如果有人还在断，我就知道对面有个专门断后的，后续看ID没掉的话，基本就不会再去摸了。这局如果中门队友没杀人或者B点没接2个，就喊队友保枪了。后续看对面如果喜欢直接夹B，就让队友退两边懦守，或者顶小道清下去。
摸的时候跟队友说一声，就这么简单，队友会玩会调整站位的
摸不了一点，有道具就拿道具拖，没道具就躲一换一位置等信息回防了。职业比赛敢摸出去是因为战术需要信息，天梯路人摸出去没人还好说，有人被打了破点容易被人骂然后背锅
除非是a包点队友全没了只剩你一个人在a大才往外摸，不摸就被前后夹击。或者队友拿到信息确定没人断再摸",https://tieba.baidu.com/p/10306326693,20,有个问题，少打多的时候你单人守一个位置到底该不该摸
,https://tieba.baidu.com/p/10307224087,0,紫色套真好看
,https://tieba.baidu.com/p/10307055644,0,手套箱里的丑皮
,https://tieba.baidu.com/p/10309891610,0,csstat练枪图有个功能想不起来怎么开，万能8u有没有懂的？
,https://tieba.baidu.com/p/10309892556,0,布达佩斯major
,https://tieba.baidu.com/p/10302470083,0,两年7个月！你们知道这里面的辛酸吗！
,https://tieba.baidu.com/p/10306958523,0,我发求购总有人要比我多➕10块？啥意思
"不玻璃心
帅的没毛
丑的要死
和我一样玩了刀型最后还是m9所有的皮肤包括宝石最后还是淬火
还行，至少不脏就不会难看到哪里去
3w登记一下
20w出吗？出的话当我没说
正面挺干净的底价捡的么？
自己喜欢比什么都强
我去我有一把一模一样的模版的破损 底价买的
发刀吗，发就帅，不发就丑了
挺干净的
一直欣赏不来淬火
什么模板看着不错
登记一下
m9的淬火太路边了，这种大刀面根本找不到很干净还蓝多的
帮我登记一下
自己喜欢的东西又何必再问他人呢
底价砍500我要了
买淬火就准备好牢吧我以前买过一个金刺刀，牢麻了
底价捡的如何
抛开价格，手感，没我这个好看",https://tieba.baidu.com/p/10305863062,0,大伙评价一下
,https://tieba.baidu.com/p/10299044027,0,求助求助求助
,https://tieba.baidu.com/p/10306942573,0,老哥们，血腥运动ak怎么一直跌啊？
,https://tieba.baidu.com/p/10308596306,0,这俩啥情况啊
,https://tieba.baidu.com/p/10303806947,0,有点太戏剧化了 ，最强的人在一个二线队
,https://tieba.baidu.com/p/10281514156,0,冷知识科普：
"夜行衣老虎大猎套印警告，看你自己喜欢，素的还是挺好配的
钴蓝骷髅
夜行衣
那可太多了，基本上可以算是百搭
烟雾弹
欧米伽
西装革履
黑压不用买手套，配原皮就挺好看的
之前搞来配超导体挺不错的
便宜的烟雾弹贵一点夜行衣
烟雾弹，而且买暗金干嘛
烟雾弹
黑压原版手套挺不错的，ct那个袖子搭配什么违和的要死，小心烟雾弹和西装还行，
夜行衣
这玩意不相当于百搭了
雪豹，王蛇
配钴蓝挺好看
实力不够就烟雾弹挺好的
一线特工
王蛇，夜行衣
钴蓝或者夜行衣
我说实话原皮也够用了
夜行衣雪豹王蛇
西装，夜行衣
或者你买个手模不错的探员，还能省一笔
老虎，雪豹这种，有对比度好看些，黑压蝴蝶塑料感比较强，手套鲜艳点比较合适
夜行衣",https://tieba.baidu.com/p/10307084714,0,黑压配啥手套啊兄弟们
,https://tieba.baidu.com/p/10309828072,0,想买个久经麦子
content,link,reply_num,title
"我在ecoSteam上炼金，材料都是平台上买的，为什么练出来之后还有6天CD，有没有佬出来解答一下
掺了有CD的货吧，你看看库存历史记录对不对。之前也看到过有人说有bug，无cd合了有CD的
你的购买记录只有9个，盲猜你掺了一个自己开箱的
谢谢解答，刚刚看了一下库存记录，确实在之前开到过一把法玛斯，应该是掺里面了",https://tieba.baidu.com/p/10309314288,4,这是出bug了吗
"我昨天看还是2.7，刚才一看直接3.4了，到底是谁在买
这玩意比他贵的只有潘树超了
说实话深红涨起来以后我感觉好像是比树篱迷宫好看一点，名字也好听，深红一听就很有神秘力量的味道，不像树篱一听就感觉农民乡下味很重，越看越喜欢
你不是导购关注这些东西干嘛 反正你也不会买 涨跌和你有什么关系
你看他那成交量就懂了
buff上这都快扫光了
底价和服黑不溜秋的，感觉不如满红织物有性价比啊
这个价格已经非常危险了
他那在售数跟树潘导对比一下就知道了   高度控盘   别追就行了
快进到超越导子
说白了，这深红织物和满红和服有什么区别，才卖35000已经是很便宜了好吧
就前几天深红还是2.5的时候吧里有人发帖说没人买，评论区里面都是附和市场泡沫啥的，我就提了一嘴“只要吧里全是唱衰，那这个品就还会涨”，结果好家伙全是喷我的。
不会是下一个黑蛋吧
cy一下
马上要崩啦
收到，已入十双，坐等冲到十万
如果终点是月球，那么在马里亚纳海沟上车还是在珠穆朗玛峰上车都是一样的。
拉的这么快看来准备走了
因为是cs最大导购河南商会的新项目
大项目
steam上买了在这买有说法嘛
没意义，你把货扫完当然可以随便定价，关键是没人买
我有3w4，不用薄荷、和服、迈阿密，我就爱用深红织物
你要是有张没人卖的老贴纸也能随便定10w
导购撤在售拉升价格骗求购的，看看有没有傻子求购。
求购一撤，立刻恐慌
无敌蛋
还不上车？马上燃哭你
说实话月色织物涨起来以后我感觉好像是比超导体好看一点，比超导体蓝，还不吃三角手腕磨损，名字也好听，月色一听就很有诗意，不像超导体一听就感觉工业味很重，越看越喜欢突然发现原来织物比和服还好看，那细致的织线裁缝感，还有全红的手背，比和服高大上了不知道多少倍
没人接盘只能一直虚涨
别推了，绯红列赞又涨了
这喷不了，这是真左手倒右手
左手倒右手罢了
到底是哪些人在买这些东西？导购赚的到底是谁的钱，我真的好奇，之前炒ak的狩猎网格也是，公认的史也燃
扫完那些垃圾随便定价  3.4亿都行 等沙沟接盘
这玩意我玩的时候才四千块而且没人要有指甲缝
只有笨蛋会买
涨到10w也是狗市，和野荷一样
低了，应该百万起步
cs版易中天这一块
逆天了
臭区一条这个手套
无限看高深红织物最少4w，大家先买我的，我满红比t1和服还满
这是真左手倒右手了
能骗到人花三万买这个那这个钱也该导购挣
跟dnf一样，抬高价然后找接盘侠，过段时间接盘侠意识上当了，来贴吧卖惨",https://tieba.baidu.com/p/10297281769,46,这玩意居然还能涨这么多
"平民玩家只能等等了
铁树枝自用玩家原贴，挺有意思的，还有经典两面派
等五年市场冷却
哈哈，我前几年53入的树枝捏了这么久终于能出货了
人民的V社：创世终端是最伟大的发明
我们go的闪光弹还没涨价，大家可以先屯一下，几年前我加仓sg553现在账户里都几十亿原石了，闪光弹估计还有的涨，赶紧加仓吧，大学生实在不行撸点小带什么的，财富自由指日可待
不看他的帖子，习惯性背闪
什么意思，这个是要用人民币买的饰品，还是类似CS游戏内起的枪啊
看帖子意思这树枝就类似于投掷物，也不是花钱买的吧
53买的套了多少年了，终于可以出货了
去年玩死锁玩着玩着一个常用装备卖翻倍了
还有被钓的",https://tieba.baidu.com/p/10308963144,12,不是人民的v社吗？怎么隔壁树枝都要涨价
"跟死斗机器人有什么区别
每周都有些傻狗，对于正常玩家相当于每周ban一张图",https://tieba.baidu.com/p/10309462419,2,大厦刷分真是4000+了好吧
"竞技阿努比斯这张图是默认刷分的吗？为啥进去一堆人就说刷刷刷的，不刷还要被踢，反驳两句还要被骂急，还让我别排这张图，合着就不刷分就不能玩阿努比斯吗
据我观察都是正常打打不过的叫的最欢，美其名曰省时间一周就刷个任务才为了箱子打官匹就为了个几块钱的箱子
避开周常任务要打的图
没遇到
碰到周任务了吧
每周任务的图就别点了，一帮死冯的刷分🐶，全是库存为零的傻卵在那喊，有库存的傻🐶小白屁都不懂就跟着刷，坐等俩月以后《为什么我的账号被封了》
周经贴，下次遇到这种直接退了，免得事后还担心v🐍秋后算账
有刷分的我都会先问候对面的家人，以比较极端的言语来挑起对立从而杜绝刷分的发生。
不是老三张别玩，恶心自己也恶心队友
没遇到过
周日常
别去国服打，去国际服，这种刷分行为之前v社早就重拳出击过了，老老实实当绿玩屁事少一堆
那次打办公室队友说刷我直接说刷尼冯皮，他连个屁都不敢放。
为什么每周都会有这样的贴子很难理解吗，别人完全不在乎要不要“玩”，这些人大部分是不怎么碰官匹的，就是做任务打箱子，如果不是箱子他们都不想开游戏，别人就是想求快，打完立马下线，这周任务是阿努比斯，那人不就是多吗，很多人路都不认识，就为了刷箱和任务，就算9人配合你，别人走不来路不会报点怎么玩，你选阿努比斯还想认真来一把不是故意赤石吗
我一般会说我不想刷但是也没兴趣阻拦你们，把我踢了吧我方便开下一把
就算是吧里说的可燃冰套餐也是钱啊，库存几十万的富哥不怕封穷哥们也跟了，一堆库里音乐盒都没有的还在喊不刷就别开图的
原来12-12那种刷箱子会封吗我每周都会被路人带着刷几次
想正常打别开周常图，或者等周常不是这个图的时候开，正常来说没周常没人刷的，有周常刷就刷吧，反正也没见过有人被封的
周任务的图吧
之前打train队友也是上来就说刷 还是国际服对面三四个老外他一直发中文说刷 被老外打死了一直打中文骂 一点开主页又是经典库存三四个游戏的
只是这个周任务是阿努比斯，下周任务地图进去也是一样有人叫刷
碰到过好几次了，但每次我都是组排打的直接拒绝，然后每次那个说刷的都是最菜垫底的
一般假装老外不理 ，除非四个队友赞同
只要有人打字说刷，我直接开骂，其实很多时候其他人都不是很想刷的，只要你开头就骂那个人，其他人就不会说刷了他们也不想当出头鸟被骂，遇上组队的算倒霉，直接开摆或者退游戏
希腊奶，上次队友喊刷直接当听不见
刷和不刷，都可以当墙头草。如果2刷2不刷，你就正常玩。如果有3个要刷的，就没办法了，这种情况就是这仨人正常打是拿不了分的，要么原地站着求踢，要么跟着速度结束…这游戏没有什么竞技真理，就是少数服从多数，不会看情况还爱发表意见，被拱出去很正常。出了社会，你会发现根本没人在乎你的处境公平不公平，只在乎你会不会影响到他的利益，我屁话多了，你担待一下…
一般游戏里有一个人反对，我就主张认真打，没人反对我就顺从一起刷",https://tieba.baidu.com/p/10296808634,27,不刷分就被踢
自用生锈的锯齿刀 磨损不错 2000上下出了，诚信卖家，可走平台。,https://tieba.baidu.com/p/10309488447,1,出一把小小刀
"理性讨论本人肥美，感觉好慌一直拿亚军不会寒王走了吧，感觉这支faze正在变好啊
很简单，先得出他可能去的队伍，再对比faze和意向队伍今年的成绩，再考虑阵容，我觉得大概率不会走，总监才刚回来，现在磨合好一点明年开冲
应该不会走，寒王这次采访感觉挺平和的
frozen之前不是说大表🐷离开的话他也不打了吗？我觉得这几兄弟现在心态都挺平和的吧，应该能再打一年
其实faze就差了个ropz
应该不会离开大表哥吧，而且也没有好的下家。
寒王自己肯定不会走，但是话也不能说绝，曾经总监也是不愿意走的，管理层一直不和他谈续约，还不是无奈走了
也是个大赛软脚虾 闹麻了
faze有大表哥 有总监 小将发挥整体也挺好的短板也就broky 何况faze也在来回换人磨合 今年换了一批人了 rain也下放了 frozen没道理出走吧总监发挥好的时候也是top1水准呢
为啥我觉得寒王不太稳定。。偶尔亮眼 大部分时间平庸，没有以前ropz的兜底能力
监哥明年都27了，还能c的动吗
按去年上海的采访，大表哥不走他不走，但毕竟一年时间过去也不好说，如果不走就是之前放弃蜜蜂和现在放弃navi陪大表哥绑死的感觉",https://tieba.baidu.com/p/10308647456,12,寒王休赛期离开的概率有多大？
"完美b＋水准，转瓦定了个黑铁，自认一次定位一般般，但控枪可以，去玩瓦被各种颗秒，技能也玩不好就会玩个奶妈，回防每次都没辙，被冲点就是各种闪光糊在眼睛上，有时候人都没看到就没血了，玩死斗人都没走出来就被秒杀了，还有急停每次都会习惯按一下反方向键，一开枪就想压枪，感叹这游戏真是不适合我，有没有吧u跟我一样的，让我心里好受点
熟悉技能，再跑图，然后练爆头线，看自己适合什么位置
上上上
黄金s打瓦快200h没上过铂金如何呢
不至于吧，我完美5e都是a，去瓦炸个黄金还是没啥问题的，打铂金就汗流浃背了，主要是老不会打掉闪，对面协同高了就难打了
瓦点头收益太高了
你要抛弃CS认知去玩，一次定位，摆射，二次定位。那吊游戏哪怕外面锣鼓喧天了，天王老子来了，世界末日了，也是点小头。车枪球游戏本来就带有一种暴力释放的天性，唯独瓦相当反直觉，极其缺乏爽点，所以拳头聪明的把击杀声效特效这种带来爽点反馈的划成价值售卖。我跟一批从没打过cs的打了小两年瓦，最后所有人跑来cs了，都缓过味儿来了，吊劲没有。瓦开始走下坡路也是如此。
b+很高吗，跟人机的区别是？
有这么夸张吗，打瓦死斗看对面段位超凡神话感觉也没说的这么夸张啊，不过确定基本都是打头秒的正面，可能你只是开枪习惯要多改一下别老想压枪，习惯摆射就行
go罕见
完美b+是这样的
串子吗,我c+,瓦也黄金啊
完美现在的b+不是以前的c+吗
瓦一个是道具好丢导致道具的下限很高，新手最好先熟悉一下所有人物的技能，另一个是没法压枪，非常吃定位，并且急停也跟cs不一样，不要用cs的思路去玩
有，刚玩的时候匹配玩了局火男，被队友狂上压力
金s去年打了大半年上神话
c+水平说甚至可能还在玩野牛内格夫，没什么定位能力去瓦当然是路边
得先熟悉技能和地图，学习瓦特有的主流摆设点头枪法
完美s 1.2rt 黄金
镇楼图我越看越歪，是我想错了吗
两个游戏本身逻辑就不一样，你是被早期那些一台电脑装不了两个游戏的孝子洗脑了，当新游戏玩，学习另一种游戏方式，很快就能上分
cs打头是奖励，瓦不打头是惩罚。反正我瓦也挺菜的，但是玩着太没劲了也不在乎了
瓦黄金全是炸鱼的
能黑铁也是神人了，瓦这种游戏掉到黑铁很难出来了，现在炸鱼太多
正常，瓦不就是点小球",https://tieba.baidu.com/p/10308227406,25,cs转瓦新手被虐
"预算一千三四左右，想整一把红色系刀玩玩（主玩狙），目前收藏的有略磨自动化折叠刀，略磨屠夫海豹短刀，略磨屠夫/深红之网熊刀
牙签 深红之网
我很喜欢的自动化折叠
猎杀者匕首自动化切枪丝滑
打狙就短剑、折叠了吧。
狗腿刀
杀猪自动化，别笑，打狙手感确实很好
短剑或者折叠
杀猪刀多普勒p2，一千就能拿下
杀猪刀自动化或者p2多普勒，手感超棒
自动化折叠这个价位打狙基本上最优选了
红网刺刀
折叠应该不错
烫手刀
自动化折叠吧
打狙都推荐折叠和短剑，我个人更喜欢短剑",https://tieba.baidu.com/p/10306614323,16,有什么刀适合打狙？预算一千三四左右
content,link,reply_num,title
如果我在对阵绿龙的时候没把对到donk有100%的胜率，其余时间都是二线水准，有进一线队并拿下major的可能吗,https://tieba.baidu.com/p/10309348740,1,观布雷德十五勇士有感
"武库不是还在呢么怎么就启动了
因为肯定会不在的，只是时间问题，你不能等它不在了再买吧。
炒更新前的下架预期呢 明天不更新就跌回来了
赌明天更新下架
拉升出货的，太多人囤一仓库游乐园了，积压已久，十月份的人都还没解套。真下架了很多人就会砸了落袋",https://tieba.baidu.com/p/10308591910,5,怪兽在b什么情况
"有没有品味
无敌了
热乎的
太对了
这名字已经闻到味了
可惜不是外表生锈",https://tieba.baidu.com/p/10300701712,6,这个改名怎么样
"挑战一下最像的自造咆哮，楼主因为买不起二西莫夫不知道和老虎精英搭什么a4，遂自造了这把，还是暗金咆哮
挺不错的
可以的 暗金咆哮！全场尖叫
更性价比一点变频器
说实话丑爆了
橙色撞浅蓝色，加仓反冲精英
再给大家看看我的其他搭配
挺唬人的
@柏木英理
说实话挺好看的，帮我制一把
这是真好看，贴纸教程有吗
你的怎么这么红
贴纸叫啥啊，能给截个图发楼下不
最像的一集
如图，贴纸需要以下系列，我会挂在buff上供大家监视，去找酒精暗金杀意大名，0.18磨损的就可以找到
我也有一把
确实好看，楼主我成本加5块你卖给我得了
不错的，支持
我说一个，龙王！我也是老虎精英
别说还真不错
你这个真的像帅
不错的如果没有咆哮这把枪，你贴成这样也是颜值很高的
怎么贴的呀，求教学
有创意
插眼等教学
二西ak手感纯破烂
直接搜的贴纸和枪
直接买一把就好了，自制咆哮都贴烂大街了
二西m4不是挺般配吗
这个帅吗铁汁
和我的比，差点",https://tieba.baidu.com/p/10286683667,31,标题五个字
"三千别买紫罗兰特别吃磨损你买了玩几天就想换了
加点上极限酒精或者略磨
这个价格你砍几个估计就给你了
你能接受烂刀角？
酒精的话你还不如下午四点自己蹲个磨损好一点的，不过酒精爪子成色也没差多少就是了
我有但我0.18磨损不会丢求购
加十块就可以了",https://tieba.baidu.com/p/10307003784,7,太想玩了，快丢给我
"兄弟们，这个收藏品里面的A1，渐变大狙，还有蓝莓樱桃留意一下，我不让你们买，只是说留意而已，别喷我。#饰品价异常涨跌你怎么看#
你不让我买，我偏要买
都涨多少了还留意
收到 已加仓
收到 已加仓
收到，马上砸盘
收到，马上砸盘
收到，已满仓
涨完了叫关注吗
CD已经转好，等待拉升
谢谢你，素不相识还带我吃米，加
没毛，一大堆人冲雷击，雷击比渐变狙好的基本面在哪？人家做盘的也不蠢
套牢了 加不动
里面有实际做盘价值的就一个澜麟，散户太多拉不上去，看看隔壁伊卡怎么飞的，其他收藏品涨了一圈回来结果澜麟这个fw变成cncs收藏品价值洼地了，现在还鼓吹着要一起上车一起拉，而且major期间饰品一般走低，现在来宣传那不是给散户埋伏，那是让庄家埋伏散户出货呢
15楼经典的贴吧反买出现了
存世量太大涨不了多少
经典让人追
买不了一点导购囤好准备拉伸了来贴吧吆喝撒子接盘了？
好枪兄弟
这个系列收藏品全是日本人
贴吧这群人就存量存量的说事，事实是狗屁不通在那指指点点，澜鳞这玩意跟赤红绑定赤红涨它就涨存量在多也没伽马蝴蝶多，情绪市场导狗只需要点燃情绪就行了
后续必上1w，在这种情绪市场存量就是个笑话，导狗只需要拉赤红新星再开几个号每天都挂着排名3.4.5求购就行了完全可以把盘子控到死
又要引流有不敢光明正大👍🏻
这个绝版量少，拉伸资金也不会需要很多，一声吆喝就破万的事。能听你们话的都是不开游戏的，不会去看东西好坏。反而去拉渐变大狙一组的，量大，自用党还多，两极分化严重，喜欢的早就买了，不喜欢的一直说丑也不会入
我以为是刚出的时候您说这个
贴吧反买，这个定律  还在否，澜磷这玩意  量蛮大的，赤红量小好控   这个就…
fn57挺好看的，无奈太贵了
fn57没必要吧，这玩意太好炼了
价格已经很高了，渐变只有崭新和略磨，价格不可能高。按照出货的概率，各个磨损的概率乘以相对应的价格，很多收藏品价格还没渐变大狙高。
为啥儿子比爹贵
别忘了还有远古收藏品，能不能吃上肉就看你们了
指点江山的请亮库存
要不先带你那空仓狗浮木进场先呗
收到，已经抛了
收到了，马上观望
你知道我牢了几年吗
为什么不看看美杜莎炼金下级直接价格倒挂控死了
留意下荷鲁斯
兄弟们，笑死我啦，叫你们不信我",https://tieba.baidu.com/p/10294583115,39,兄弟们，还能信我一次嘛？
"uusm715好价好价
印花都没刮都是100%
有没有游戏内截图
cd已到",https://tieba.baidu.com/p/10308752636,4,出出出货家人们
"两周前买了个22的预售，想炼金玩玩，结果今天CD到了我瞅一眼发现涨了十几块，这是为啥，这玩意磨损这么高也不好看呐，都快赶上酒精价格了
26 件在售，
都说炼金了，肯定第一时间被扫了
武库下架预期
幽独下架一个月，武库要更新了呗
阿努比斯下架引发的炒预期，明年武库还有更新，就看是下哪一个了，下游乐园就炒他，下狩猎就炒另一个",https://tieba.baidu.com/p/10308878993,6,这玩意咋涨起来了
"如题，除了地图以外几乎完全不变，道具系统，经济系统，枪械分类，急停射击手感都还原csgo，128tick，风格也是写实派，几乎就是csgo的翻新版，皮肤和刀具和cs一样的风格，不浮夸，官方直售，售价参考瓦，这样能否给v社一些压力。
那你等着吃官司吧
不用模拟，csgo泄露过源代码，19年漏的，结果就是没有卵用
你现在也能玩csgo啊？皮肤刀具依旧是csgo的效果，你甚至可以diy别的游戏刀具和枪皮，而且输免费的买都不用买，依旧可以128tick，手感还是原版csgo，你说的这些目前在cs社区服依旧可以玩啊，你在b站上搜如何重玩csgo也有版本回退教程。事实就是目前cs2就是主流，即使玩家依旧可以玩到原味的csgo的情况下，cs2的在线数量依旧保持在日峰值150w左右。所以想让玩家给v社上压力纯属是痴心妄想罢了。
猜你想搜，对峙2
你是说CF嘛
现在也有csgo社区服，甚至皮肤刀具***
不能赚钱导饰品，路边一条罢了
你玩社区服不就行了
本身cs就打磨很多年才到手感巅峰。cs2更新几年了还不是一坨
要画风好看不如玩cod
全饰品随便玩的社区服有的是，对v社造成什么压力了吗
你不会以为做一个cs很容易吧
不能交易路边一条
参考对峙2
有一个玩家重制版cs1.6死于胎中，v社不让出
那为什么不去打社区服，而且cs不是免费游戏吗
csol2
没社区基础有卵用
直购不如去玩瓦
说实话瓦就是，仿制cs的基础上降低了道具的使用门槛和画面配置，要是真出了个完全仿制的肯定是路边一条无人在意
你是否正在寻找对峙2
那我为什么不去玩steam创意工坊或社区服呢
社区服只需要买个会员就能任选饰品了，比你这个还便宜
没沙二我玩个🥚
cs的社区服不一直这样？皮肤随便用，角色也可以随便改，有啥用吗
不用，直接把旧的csgo搬出来，cs2自然会一败涂地
你的cs没有社区服么？
没人会去玩的 不是游戏一样甚至游戏做的比cs2更好就能取代了 必须要有强有力额外的附加值去冲击才行 你这种情况如果腾讯当初不搞什么瓦的国区 而是把cf魔改一下变成跟cs2几乎一样的cfhd依靠强社交属性和引流能力玩家基数加持才有可能对v社造成巨大冲击
那没有v的把控，外挂横行，惨目人都
没有大厂背书日活就是一关
最近在玩生死狙击，感觉打小学生欢乐多了
有没有可能，你做不出亮点，我能玩CS为什么要玩你的仿制品？大逃杀游戏热潮那几年同类型游戏多了去了，怎么现在就这么几个了？
cs的玩法其实早就过时了，不过很多玩家都是对这个游戏有一定的投入成本（道具练习，枪法练习，皮肤投入等等）保持用户粘性，以及靠cs这个大ip和优先每周掉落吸引新玩家，你新出的游戏还搞这种老旧的设计，先不说能不能干的过cs，你看steam让你上架不
那不如直接玩蛋拐算了，开个经典武器比这还原汁原味
那不就社区服吗？
社区服?反外挂做好才行
玩对峙二不也一样",https://tieba.baidu.com/p/10303117055,38,如果出一个完全仿制cs的游戏会怎么样？
摆摊自由爪985,https://tieba.baidu.com/p/10309368734,1,出摆摊zsbd
"都是入的极限磨损  下次换 估计就是上潘子前几天想买个酒精的荷鲁斯之眼 昨天刚开始拉  a4也用得少  就先不入了
极限酒精也能有这么干净的迈阿密吗？看来没必要入略磨了
好干净的库存，可以爽玩了
真封的住嘛
屠杀者会掉漆，怎么不上个崭新
这个麦真不错
这么简洁吗 小枪不上个皮肤玩玩
可惜了兄弟",https://tieba.baidu.com/p/10249757643,8,年前清的仓   这次大更新 准备封仓了
"很接近啊
我看这职业也喜欢玩沙二啊
远古遗迹下架？
nuke我看的挺多的 还以为nuke会前三
原来职业也不喜欢这张图，官匹我最不想的就是选到这张图。我比赛看得少，好像就上帝一直打这张图，还有哪个队打？
沙二比赛看起来确实没意思",https://tieba.baidu.com/p/10308590695,6,布达佩斯major地图登场总数
"然后赛季场次是我的三分之一，分数和我一样
这游戏如果队友加载界面没有枪法s的，那么你可能得带一下了，rat不到一队友有两个以上，建议直接开演，这把已经有结论了",https://tieba.baidu.com/p/10309383515,2,打完一把不得劲，出去查成分惊讶发现队友0.9rat
"快去抄底
怎么发货是你啊",https://tieba.baidu.com/p/10309353670,2,富士山已经塌了
"到时候抽一把刀
四打一蝴蝶刀红宝石镇楼
祝好运另外求roll
伽码炉
大气老板
老板大气
必出好吧roll我
老板祝欧
预祝成功
祝老板出伽玛
群友祝老板发财
求roll
111，qaq群友
鬼鬼 四打一红宝石
好开老板
+3😎
真有实力
111选我选我
有实力的
祝出求roll
祝出宝石刀！
出个宝石刀不是爽飞了
祝出，cy
roll我
祝出，脑公roll我
祝出roll我
666，插眼等后续
冲冲冲
老板牛逼，祝出大货
插眼等后续
CY，祝出，抽我
roll我
roll
666
老板大气
抽我，老板
老板大气
nb！
lz呢？吃穿吃麻吃炸吃晕了嘛
老板大气
收藏一手
抽抽抽
老板大气
我看你抽到红宝石，我也收了一炉20号就可以合了，希望也能和你一样出红宝石
祝再出一把宝石  出了roll我炉渣
出出出
roll我必出
老板坏炼",https://tieba.baidu.com/p/10306519185,48,收官最后10炉，7天后开
"这个游戏有时候遇到一些不爽的队友，我也从来不会说，只是默默地把语音关掉，一个人玩游戏。我玩的低分局，我觉得抢A大一定是警好抢。遇到不去抢A大的队友，我也装蠢，往别的地方跑。还有一些有钱不买长枪，起沙鹰的，或者起把鸟狙打不到人的，有这种队友，我就默默的买起了电击枪。还有经典的，玩警使劲冲，玩匪门都不敢出。我就主打入乡随俗。队友喜欢冲，我就使劲冲。队友不敢冲，我就电击枪钓鱼。总之队友怎么玩，我就怎么玩。玩警把把起野牛，玩匪把把起吹风机，也能打第一的分段。
话说 大家怎么看警第一身位不抢a大的行为
认同，我爱中出。我有时候都中出杀到b门外了，b洞里的还不出来。",https://tieba.baidu.com/p/10308898833,3,个人冲B，杀了一圈，从中路杀回来，队友还在匪口架枪。
"视频来自：百度贴吧
蓝车不搜，有点感觉育苗都是装样子
A门和蓝车都没搜
是挂捏，没人的时候就假装育苗一下，实则通透得很
只能说疑罪从无，我也感觉很像，但是没有100%证据就不能说是
铁挂 玩过育苗挑战就知道A门不是这么出的
客观来说锤不死，个人感情来说smgb
像，特别是这种没人的时候切刀跑，还原皮刀检视的
他都隔着墙在瞄人了，你还搁这问我们是不是挂A门打掉一个人晃一下大坑跟厕所就挪开压根排不干净，在A大敢切刀直接上平台一点不担心蓝车跟平台有人蹲，就好像一切搜点不是为自己搜的而是做样子给队友看。快下完包的时候就隔着矮箱在瞄人了更是不演，装都装不明白
出A门打死一个后不搜门拐角，不看蓝箱不看侧墙不看大坑，往A平台走切刀不看平台一箱，不搜蓝车，不看电梯位然后直接瞄着梯箱上面的人，一打五谁给他的信息
没刀没手套，还特别猛的，说是挂大部分冤枉不了
搜点预瞄很奇怪都算小问题了，第二个压枪那个准心抖动是人类吗，看着像跟软件抢控制权。
这么过a大是吧
不止透 还有🔒
最后来个不知所谓的道具，挂✓最喜欢给自己加戏了
铁透，隔墙看到了就假模假样搜下点，没人就切刀乱跑出a大不搜蓝车的
不能完全石锤，但看a门那个预瞄概率非常大，谁家好人这么预瞄的 给个80-90%概率是开子
没啥问题啊我感觉，什么搜不搜蓝车的，一打五本来就是要赌一赌的，一个个点搜过去包都来不及下，何况不知道场外有什么信息，队友说中路三四个什么的，只有过警家那波有一点可疑吧，锤不了
铁透，坑位不搜
说不是透的说明根本玩不明白沙二这张图
看哪哪有人，身位也防的死死的，正常打timing不会这么好，打成中立以下
有烟不封过点，a大还切刀跑了一段，众神之父赐予你视野
a门倒还好，残局杀一个就该赌没人，从到a大就不对劲了，没人就切刀有人就正好掏枪
除了从a大上a平台这段路走的有点通透。。别的地方看不太出来。得看全局表现
头线架的很稳，确实省了很多育苗，但这是1v5，可能本着放手一搏的心态打的吧，不能捶死是挂。
一直很好奇，就原皮刀子到底有什么好检视的？？？
大坑不搜蓝车不搜，没人就套刀，除非队友信息给全了不然默认挂得了
a 大敢这么上？切刀走一半了快遇见人了开始预瞄了
难辨，我如果打1v5我也不会去刻意搜一些点了，1v5对面大概率也奔放着打了，出来a门那块，别的都挺正常的，而且你们1v5会蹲在蓝车？
路由器雷达根本锤不了
铁透啊    哪有人预哪   没人直接切刀跑    太通透了
没人架就切刀，a大直接切刀走真6，知道包点没人架是吧
下堡镜头跟着人走
下包的时候，盯着a小的下，还不是挂
锤不到100%，但是游戏里遇到了100%举报
都隔墙瞄头了
这育苗跟没有一样
队友都说了看包点，说明没信息的，铁透
杀第一个装模作样有个人架他早死八百年了
一眼透
对面5个都开了，头都往准星靠了
挂，只看前面就感觉有问题了，a门杀了直接上a大，要么一个一个育苗警家小道过去 再回头看看屁股这种慢打搞成1v1，要么直接抢回防时间丢警家烟上平台，这视频打法就是通透没逻辑的就是瞄那哪有人
挂，过A斜看沙地往B门方向看，下完包直接起身打A小，1V2的时候跟A大对完换子弹起身给箱子上的爆头，换正常人我只能想到运气好和炸鱼苗
蓝车大坑都不搜，感觉很bt啊
铁透，一堆点不排，信息不可能全
如果你问我的话、我答你是
铁透，不用看了
只要架的地方就有人，完全没有任何破绽
第一波就锁头上了
铁透，但是听会演戏
开头都露肩膀了，装没看见
绝对开了，就出a门的时候装装样子
我说白了第一个人绝对看到了 这能继续正常搜点我吃 低分局就是挂
虽然pac了，但a大出得确实没问题。打完第一个25秒1v4怎么可能去管大坑和车位，肯定赌了瞄着平台就上了啊
大坑和蓝车倒是看一眼啊！有烟到是封下过点啊！有火到是扔a小再下包啊！你特么是timing的神啊！
这杀第二个人都抖成帕金森了 福🪵在天上帮忙都压不住的fvv
只能说不确定，同段位所有1v5都是运气加对面有漏洞，ct1v5除了a小两个人其他都各打各的，后面回访也是，t这个视角又合理也有不合理的，一个片段就说是不是挂有点那啥了，要我说我前几天强运隔门被闪鸟狙了对面两个头我更像挂一点
我感觉不像，运气成分多点。老玩家都会判断队友死的位置，至于切刀很正常，不拼时间等对方回过神根本没机会
最后一个人的时候 这货铁挂壁
初生中的典型
90%透，第一个和最后一个的timing都很怪，第一个人像又要演又很急着想打死这个人，装模作样预瞄两下其他地方，最后一个人的timing是真的好，伊戈达拉真好人过警家，看到没人那后面一路瞄到电梯位就合理了，但这个timing本身就有点怪
这演的有点蠢了开局a大透到左边站个人就已经肉眼可见的急不可耐了，但是还是控制住自己假装先瞄了一波空气
已经PAC，大快人心
他怎么知道没人的地方没人
除了A门那段其他都正常
杀A小第一个来的人是瞬间定位的，甚至是提前枪，这点很可疑
铁挂，从斜坡下来的时候不去看警家，人家全程没露脚步，直接去看电梯位，父母也在天上帮他报点
这肯定是啊
这个意识过a大门缝没看到人我是不信的
为啥还要讨论开没开，不应该讨论演没演吗？
铁挂，a门打人后不带搜点
一路掏着刀子上a大已经说明问题了
抬走，除了第一个还能解释 铁挂
哪有人下包视角不离人的
m4掉了，这个人
准心跟着人走
正常你出a门就遇到敌人，你搜不搜a坑，a大打掉人你第一时间看不看警家，小道回人在中路已经报点的情况下，中路都没说话，你看警家多还是小道多。
带包上a平台直接切刀，铁挂
别说什么1v5蓝车不搜没问题，你大脚步跑着过去，也得贴左预瞄着过去啊，这是肯定没人了才会有这种动作，顺带看一眼根本不费时间的。
看他打最后一个还是可以锤的
很难说，有时候时间不够了有些点位我也不搜
铁挂逼
透，直接举报，门后不是这样搜的
玩不起开挂
演都不演的通透
育苗半天沙一个，然后提刀，不知道的还以为是对面只剩一个人
A大拿刀冲是吧，信他这辈子有了
我想说开个透视玩的有意思吗？还得装着，多累？不知道为什么那么多作弊的
第一个杀了赌a大1个人到正常，是我没时间了我也会认为就1个，有烟不封个警家就姑且当他忘了吧。上平台的动作真的很变态，还有18秒又不是还有8秒，提着刀就往平台走，一点也不怕包点藏一个啊。杀最后一个人的时候也很哈人，看到他去警家，然后警家才搜一半准星就已经往上抬去看梯箱了
确实通透了点，后面俩还好前面仨有点假
100%开了
段位应该不高 装的一点都不自然
没打起来的时候装模作样瞄一下 后面打起来下意识全程准星跟着人  没演好
那么多点没搜一路前冲，不是挂是什么
前面可以洗运气好，最后两个人头铁挂
残局出A门近点直接不搜，然后直接提刀上A大，这不是透啥是透
你们在干嘛？a门出来都漏身位漏枪管了也不打，知道人在哪还一个个站大马路上，枪也不开的?是没买子弹吗？
基本上是了，纯找人打
通透世界
太通透了
A大切刀出是吧
虽然我感觉对面也不适人但确实嫌疑挺大
这不是透是什么？装模做样打完A门外直接大脚步跑过去杀人
他是挂我去泡汤
大坑不搜蓝车不搜。切刀上包点。对枪还能洗洗。因为都露过声音。但搜点真的是有很大问题。
看完觉得奇怪疑点多就对了，这种100%桂犬
身法一坨，枪法屎，职业意识，挂无疑
挂壁，因为我开挂也这么玩
A门这个出发有问题除非有人给他报门左边 蓝车不搜倒没什么但是连着平台箱不烧火就有问题了 最后斜坡烧火第一时间预瞄也有问题
第一波出a门一眼假，最后一波，也挺假的
开挂都差点被反杀
肯定开了啊 你看他下包的时候瞄着前面那个人在动
第一个人就有问题好吧，明明在a门里能看到一小部分那个ct的身子，但是他装作没看到，假装的都是透
装模作样
掏刀不正常
残局不搜点
外挂，通透的一
疑罪从无，残局a门杀一个，我也会倾向于认为每个人都单走，所以不搜点。蓝车相当于a大，一般是狙架，步枪架的话也该架点补a大枪。a小大脚步不多说。但是后续就是有嫌疑了，不过我锤不死。答案是我肯定是举报按烂
太敢赌了吧这，A门拉出去后门后，大坑，蓝车都不排点
常规点位
一样挂，装模作样给队友看
进A门小心翼翼，杀一个后无所畏惧，这一点很奇怪。起码大坑和蓝车要看一看的，鉴定为透
直接切刀再预瞄，孤儿一个
除了第三个其它看不出，，，我昨晚也是一个1V5残局4杀，，，回头看视频开了X光看自己视角也有很多是对着墙育苗的，，，
低分鉴挂闹麻了，是挂我就吃肯德基
铁挂啊这是那有这样出A门的
有点通透了
是挂我吃kfc
11月份，我遇到过，绝对的神中神，绝对的天才少年，但是在对面我们被打的只拿了1分，也叫这个名字，好像对面五个全是挂逼，我承认我是中老年人，但也不至于只拿了1分，后面我们五个人拿野牛前压被对面一个爆头全灭，你告诉我不是挂，人没到枪就已经打过来了
出A门打死一个，不知道右边或者大坑还有没人，你不搜至少架一下吧
控枪稳的有点吓人
下包的时候，视角就差完全看包点进的人了。越是透，越是会装
一打五残局，不看大坑，不看蓝车，不封过点直接过。铁挂呀
这要是没掉人5杀还有洗的可能性，这都1v5了你赌ct不报团？切个刀这么走，纯他老冯子天上报的点
大坑不搜蓝车不搜蓝箱不搜平台非预瞄位拉出去就是头闹麻了
就是g蓝车也不看，育苗漏洞百出
还有手上有烟，不给个ct烟就很可疑了
这里看到人一点反应没有，真没问题吗？
真nb，和着a门大坑让他填了是吧，这ct敢直接走过去
不搜a们不搜蓝车有烟不给过点连看都不看两眼
通透世界
蓝车有人怎么办?警家有人怎么办？",https://tieba.baidu.com/p/9946661187,142,这波1V5怎么说？是不是有点通透？是不是开了？
"约克夏卡0.14，对应随便玩玩/芝诺悖论卡0.098，阿尔卑斯底价太高了不考虑，磨损要求不算严格，还算好收热辐射噬裂卡0.01-0.015之间，对应砷化污染玫瑰蜂巢0.01255，赤色潮汐珊红花讯0.01875，霞坠0.017，这个就有点难收了由于热处理可以炼金有磨损溢价，实际上期望应该还能高个七八块钱
保本率挺高的，就是挣不了啥钱
如果换成银白石英，那么期望会高很多（算上热处理磨损溢价的话），但是亏了就亏大的
辅料换成热潮的模拟结果，成效也还不错，热处理，初升之樱，破浪者，控制都有磨损溢价，整体期望应该能到100多。成本不算高，盈亏都不算多，可以打着玩
最大的问题就是能不能跑的过cd了
之前炼了一堆这个炉子，都按当时的底价卖了，也是倒在黎明前了
已阅，苏珊
改成7/3炉后主料更难收了，而且成本提高以后炸炉损失也变大了。现在最大的问题是武库材料涨太多了，之前这个磨损的材料8块就能拿下，现在得11，12了，而且还有跌价的风险",https://tieba.baidu.com/p/10309002923,8,这个炉子如何
"有了解这位职业选手的吗，我是一点印象没有，辛辛苦苦了打了几天打出来的职业模板
绿叶的主狙
jks那个队的
罗马尼亚的丹麦雇佣兵
热咖喱还不有名吗，他打了有一会了，又帅又强（至少二线内）",https://tieba.baidu.com/p/10309241196,5,标题五个字
"听说贴吧的大佬多，在这里也发发看。新组装的电脑，CPU是AMD R5 5600，显卡RTX5050，玩CSGO时遇到了画面问题。不锁帧的情况下帧数能稳定在200-300帧，按理说这个帧数搭配我的240Hz高刷显示器应该很流畅，但实际玩起来画面撕裂感特别强，手感很别扭。我试过开启游戏内垂直同步，同时也打开了显示器的sync功能，开启后撕裂情况会稍微缓解，但并没有彻底解决，不开的话撕裂会更严重。有没有懂行的朋友给支个招，怎么才能彻底消除撕裂，让画面更顺滑？
图吧老哥懂一点
流畅？你平时200帧，这游戏丢烟丢火帧数爆降，交火估计就120 140帧了，低这么多不撕裂才怪了，建议显示器锁144刷新率试试，要不然关掉没用特效
你是不是对5600的水平有点高估了，全低特效也就200-300帧数吧，你稍微拉高点特效肯定卡啊
我今年把5600换了9800，这个游戏1k状态下对cpu，内存条的要求比显卡高。
我也最近开始感觉画面有锯齿闪烁折腾半天没解决
附游戏帧数和配置图",https://tieba.baidu.com/p/10308323327,7,新配的主机 玩CS2画面不流畅
"问问大佬们
咋好意思问的。。这白都贴你脸上了哥
有的，建议挂2w等人砍
没有，因为酒精太多了。而且酒精毛皮白花花的，关节还有刮痕磨损，模板都不是主要考虑的了
区间底价",https://tieba.baidu.com/p/10309225545,5,有溢价吗？炼金刚出
"阿努比斯箱子下架，关overpass什么事啊，这也跟着起飞？刚卖了几个玩具想买就涨？
阿努比斯可以下架，通行证为什么不可以
说起来通行证三把最可能下架的是哪个，除了灵缇都搞了一把
我昨天余额刚到cd想买就发现飞上去了
有可能突然下架，但突然下架不太可能
荷鲁斯下架就翻倍，怪b也就2倍荷鲁斯存量，都在埋伏怪b了
过个两月不下架。又出来疯狂抛售
迟早的事
一把自用，绝对不亏
炒预期了
可能有内部消息
@间桐樱：什么叫怪兽在B涨价了？
这波是有下架预期的全涨了，估计能涨一个星期左右，如果下个星期不更新就会冷下来，大概率是4月初武库下架，最近可以做做t，t飞的可能还是非常低的
只有我觉得这把枪很丑吗
这玩意早晚会下架涨价的
不会是被我买了吧
一下架又得冲一波
无所谓，等哪年阿努比斯回归了在搞",https://tieba.baidu.com/p/10305902289,18,布什戈闷儿
"因为你没有看其他磨损
红多是炼金炼的
每个红炼金卡的磨损都不一样，蒸汽波好炼
总的还真是三倍
可能有人用来炼金???不过不会吧
应该是炼金吧，画廊金是什么来着，那个尼泊尔吗，因为画廊赶在合金之前下架了  所以没什么人拿他炼刀，印花集和法玛斯就不一样了，拿去合骷髅红宝石，1000变五万呢",https://tieba.baidu.com/p/10308466635,6,为什么热潮开箱量是画廊三倍印花集只有1.4w把
,https://tieba.baidu.com/p/10271219678,0,日常水经验
"哎呀 曾经也是羡慕吧u的黑箱子，偶尔在楼下评论开箱子还是卖箱子...真轮到自己时真的会很纠结哈哈哈哈哈哈
前边忘了，后边忘了，中间也忘了
xd，你要知道，这可能是你仅有的一次开黑箱的机会，以后不知道要多久才能补偿现在的自己，几百块真的比人生的体验重要吗，干就完了
还是那句话，600富不了，17穷不了
人稿土钻
肯定卖 不用想 做人还是实际一点好
看自己吧，就算开里面东西也值点钱还不错呢，卖了也可以～
卖了买五苦  等新皮肤开
今天, 你在那些比家还要熟悉的地方打完一场酣畅淋漓的比赛，然后打开了那个箱子……七天后你就开着揽胜衣锦还乡，老叔让你坐在饭局中央 没见过面的表嫂知道你不吃葱姜 唠着家常打开了茅台原箱 鸡是刚放血的鱼是野的 你掏出的红包没一个是干瘪的 长辈们举杯还要看你无微的表情 希望你能把表妹的工作摆平 毕竟从小就看你行 饭局过后表嫂穿着睡衣走错了包厢 迫不及待为你打开花丛中央 对你说 都是自己人不用紧张 表哥看见偷偷的为你们关上门窗 事情过后大侄的学业已妥妥当当 表妹的工作也顺理成章 只因你今天做了一个正确的 选择.
还是那句话700富不了17穷不了，开了这箱，七天后你开着吉利帝豪衣锦还乡，老叔让你坐在饭局中央，没见过面的表嫂知道你不吃葱姜，唠着家常，打开了茅台原箱。鸡是刚放血的，鱼是野的，你掏出的红包没一个是干瘪的，长辈们举杯还要看你无微的表情 ，希望你能把表妹的工作摆平，毕竟从小就看你行。饭局过后表嫂穿着睡衣走错了包厢 ，迫不及待为你打开花丛中央，对你说：都是自己人不用紧张，表哥看见偷偷的为你们关上门窗。事情过后，大侄的学业已妥妥当当，表妹的工作也顺理成章。而这一切都源于你今天的一个正确决定
2077年你住在夜之城绀碧大厦最高档的总统套房，酒杯里装的是1882年的拉菲，出门开的是夜之城普通老百姓穷尽一生也买不起的最新款雷菲尔德石中剑，杰克和V为你打下手，大街小巷里都在传荒板三郎的哪个私生子来夜之城了，可是只有你自己知道这一切都来源于一款名字叫CS2的游戏，这时杰克问你“我说老朝啊你当年是怎么用17块赢到100亿美元的？”你的思绪随着杰克的问题一下子被扯回了2025年1月23日，那天你像往常一样打开了CCS开始打箱子，2个小时后你打开商城发现掉落的竟然是价值700块钱的反恐精英武器箱，你毅然决然的打开了它但是里面竟然藏着价值30万的崭新淬火661，1分钟后你的队友看着你的淬火AK都在猜测你是哪路的大商，7天后你以顶级的价格将661交易了出去，15天后你从小米4s店提走了一辆最新款的su7，这时你看了你卡里还剩下冷冰冰的8万决定开几个古堡纪念箱碰碰运气，但是缘分来了挡也挡不住连着10箱都是崭新0.0001的顶级龙狙，就这样雪球越滚越大就连大洋彼岸的夜之城也在讲述你的传奇故事……
十年后美国缉毒局dea在美墨边境抓住了你如今的情况都取决于十年前的一个操作新人入坑的你看着大伙的开箱视频你也有了试一试的想法马上买了十个反冲武器箱什么都没出你决定搏一搏随着钱不断的流逝你发现你已经把生活费全部氪了出去你在犹豫要不要加价的时候就在这时你的朋友发来了他一发开出了尼泊尔刀的截图你终于不再犹豫直接把能借的全借了这就是你的故事编故事能力还不错嘛缉毒局的队长这么说道你似乎误会了什么我不是因为没钱才来的相反我正是因为太有钱了才能来这里什么!!!紧接着连续几声枪响倒地的人不是你的帮派而是dea的人麦克你抢错货了这批货是我们cia的你原来是!!!麦克震惊的喊到原来那天只剩最后一个箱子的时候你已经把遗言留好了然而最后一个箱子开出了纪念龙狙你的私信多了一堆是的这是一份礼物各大导狗都在联系你，然而你看都不看一眼你用这笔钱来到了美国机缘巧合下你认识了西班牙裔cia员工肖黑兹斯.尼亚你选择与他合作帮助cia的人在墨西哥卖草药至于那把纪念龙狙剩下的钱你用来创立了墨西哥最大黑帮，青龙帮，哥伦比亚，罗马尼亚，墨西哥，美国本土，各大黑帮见了你都得敬你三分，而这一切都源于你十年前的一个操作，但这真的对吗，曾经你最讨厌的事如今却是你现在最赚钱的工作，你回想起自己父亲的工作，不经思考也许那晚我不应该开箱但现在已经没有回头路了，如今母亲病逝父亲与你断绝血缘关系，妹妹联系不上，你点了一根烟随后与肖黑兹斯告别，驾驶兰博基尼回到了现在你在墨西哥的家，却已经回不到曾经过去的家了
贡多拉在亚得里亚海温和的晚风中慵懒地游荡，看着一片片红色与白色的砖瓦构成的图画，你想，2042年的水城盛景与小时候在cs2中所看到的并没有什么两样。你缓缓走下船去，两位机械女仆一左一右拥簇着你跨越这座不夜的城市上无形的分界线。刚才乘船赏景的静谧逐渐被喧嚣取代，但你对这种景象已经司空见惯，因为今天的喧嚣正是为了对你致以最大的敬意。“感谢先生在全球海平面上升加剧、欧洲诸多象征着人类曾经最伟大的艺术瑰宝的历史名城告急的情况下对威尼斯本地的商旅文化产业进行投资，并坚定支持文化遗产的迁移工作。我谨代表全威尼斯、全欧洲以及全人类，对您的无私举动表示感谢。”总督宫今夜灯火通明，置身这里、为浪花般的欢呼所拥，你仿佛回到了几百年前，附身在一位高贵的哈布斯堡贵族身上，沐浴着这里令人震撼的风光。这时，一位记者突然发问：“先生，二十年前您还是一个民不见经传的人，您是如何做到一夜暴富，并变成全球闻名的大企业家呢？您又是为什么对世界上的一部分文化遗产如此热爱，以至于重金投资它们的保护呢？不仅威尼斯，您还在阿拉伯沙漠中的两片废弃城区、洛杉矶城郊的小镇、切尔诺贝利、阿兹特克遗址和阿努比斯神殿留下了如此壮举，请问这有什么不为人知的原因吗？”你的思绪飘回2024年，那时，你在那些比家还要熟悉的地方打完一场酣畅淋漓的比赛，然后打开了那个箱子……
开啊，稳赚不赔
试试吧，以后就不会遗憾了
是我的话出黑箱绝对开，普通箱才会卖
黑箱子无脑开，不留遗憾
你都发贴吧还不开，你让兄弟们看什么?
别开了，说什么661的概率还是太低了，上一个听劝的也只是开出了崭新雷击，哥们真怕你开上911了
前面忘了，中间忘了，661
人镐土钻不过如果是我的话，大概会卖了再买几个便宜的回来开
开，反正只是赚多赚少的问题
一般箱子比钥匙贵的，我们都建议开
怎么开都是赚，要是不开肯定有遗憾
出个蓝也是100多，够吃一顿了
卖了可以买把刀或者买个手套了
不缺钱就开了玩玩
开开开，多赚少赚的问题而已。一张免费的必中的彩票。
开就赚，不开也赚，反正赚麻了
我已急哭
这个开了也没问题，反正至少赚一百，不开就求稳多赚个几百
开了吗
我这周掉了个手套武器箱，美美吃两百
前面忘了，中间忘了，后面忘了，总之开了。
楼主开了个暗金MP7
反正你开了也是赚，少赚多赚的问题而已
火锅和保底KFC的区别",https://tieba.baidu.com/p/10300529501,37,楼主一直在幻想，但今天真的掉了黑箱子
"二哥，仅次于咆哮
绝对的A4一哥，综合地位仅次于咆哮，而颜值则是A4第一,如果不是这几年直售箱的存在，早就逼近咆哮了
箱子货还一哥想钱想疯了吧
现在这个情况，合纵波塞冬荷鲁斯真要自用肯定买荷鲁斯了
二哥，可惜没捏着24那天丢求购了
我有一把，价格追上藤蔓之前不考虑卖，颜值无出其右
原地干拉？
颜值顶级，价格看有没有人炒，导购选品又不看外观，散户拿得多了上限就不高了
官方还没说下架呢，今天周一，也不是正常更新日期，现在追涨的真是神人，人家庄家直接把库存砸完，涨的多就撤回，反正绝版，要是确定是bug，又上架了，买家又撤回不了，反正我不相信下架，坐等追涨🐶空中飞人
荷鲁斯路边一条，不如合纵半根，22年崭新合纵我661块买的；我兄弟当年2w买的崭新荷鲁斯，还没回本呢。再说图案，合纵黑金配色，枪身有黄金拼多多图案，非常好看；荷鲁斯画了个鸟，还不如狮鹫好看。
要不是波塞冬量太少了流动性太差，轮不到荷鲁斯当大哥
感觉用的人少 不知道几哥
一哥们儿 荷鲁斯挺好看的
真正的一哥。咆哮这种特殊情况不能算。
一坨，不下架都没人玩，一追涨都觉得好看了是吧
颜值来讲夯，地位来讲估计波塞冬之下吧
合纵这种直接兑换的都能上2，荷鲁斯还是箱子货不好出呢但我亏损最大化了，早知道上周买两把了，自用玩家这波血亏
我个人：咆哮因为绝版排第一，波塞冬排第二，荷鲁斯第三
二哥吧，存世量还得看炼金术士，不过炼金规则变严苛了，对顶级红皮拉伸是有利因素
这个颜值总没人说什么跟着价格走吧，个人心中a4最帅
a个寄吧，官方都没发更新公告，大概率错误下架，参考之前的10周年胶囊，不知道这次要飞多少人
肯定二哥啊，已经建仓了
看导购愿不愿意做盘吧，愿意的话就是一哥
3000多时候买了两把，1600卖了一把，还有一把…
合纵真不咋样，除去稀有和其他特殊原因，荷鲁斯历史第一m4没问题的，设计感给足了
狂飙目前的存世量是多少？有数据嘛？
只能是二哥，咆哮唯一违禁级肯定是一哥，菠菜东和合纵都是五级又都差一档，在新的6级收藏品A4出之前二哥位置还是很稳的。不过这个枪自用玩家太多了，导🐶拉升阻力会大很多，所以稳定后的价格方面可能比不过那两个
丑比，不如破浪
颜值稳进a4 top3，还是这么难开的六级红，没绝版预期前一样是抢手货
不下架依托下架了就是咆哮之下第一人
1111，不过没买就是了
波塞冬涨到快3捏不住卖了换了一把荷鲁斯，个人觉得新出的皮新引擎加持更好看，还便宜，6000价位的时候6500溢价买的
首先你得有庄去埋伏做盘，这种突然下架有的是时间去洗，短期别想着爆燃，么可能得
我的评价是至少比合众好
能不能封了啊，这不纯给导购们炒热度吗
比合纵好看太多，都用过
那么多箱子  还不停产出纪念品的    怎么敢做梦的   萌新慎重",https://tieba.baidu.com/p/10302544342,37,理智讨论，荷鲁斯会是A4收藏品几哥？
"想整点低磨小玩具一看溢价六七倍，低磨爱好者天塌了
有的和炼金挂钩了吧
基本都是炼金的",https://tieba.baidu.com/p/10309390709,3,现在低磨枪皮溢价也太高了吧
"这个故事可谓是一波三折。最开始武库200星想着搬砖的，结果中途武库更新了新的贴纸和挂件，花了45颗心去换了（这45颗星差不多是把成本赚回来），还剩155顆。接着就是重复了三个月的打路程，(我是每周把箱子任务打了就跑了，基本上不怎么打官匹）终于就在上周末打完155颗星。本人已在今晚之前做过无数次纠结，想着到底是开还是拿这些星来搬砖（总155这个数字可真不好，什么都不能一次性直接开完，除了一颗星，一个的贴纸）。结果看到现在的热潮，只有4块7，我搬砖就拿个成本多一点，我图啥？毅然决然选择开冲。首先是开门紫，是就此直接收手，还是依旧开冲?又经过一番心理纠结，开门紫就是好运，继续开冲！然后就在开了52顆星接下来开就要下100时出现了红，怪兽在B！此时lz我内心已经乐麻了，现在收手?只犹豫了一下，依然选择继续冲锋。接下来全是蓝，就只有一个紫，最后只剩下三颗星，无法开枪皮。三颗就三颗吧，就随便选了一个挂件。(这个棉花糖很好看诶，自己有一个印花集沙鹰就选他了）最后的最后，绝杀！居然真的出了。最终一个酒精怪兽在B，一个红色棉花糖（小布）两个酒精紫都是30多块，其他全是蓝。总共算下来一共差不多2800，而成本却400不到。爽爽爽
好运玩得开心啊
总结一句 楼主牛z昨天短了5cm
凭什么我380星就4个紫
同样的时间，同样的纠结，灵缇开了100星啥都没有，跑去开怪兽就出了
wcnd为什么我2000星都没红
意思是开星星的时候得慢一点，挣扎一点，左右脑互搏一点？",https://tieba.baidu.com/p/10303920232,7,我宣布，12月15日今日今夜是赌狗之夜
"想参考下怎么搭配的
四连抓痕，伟大无需多言
血腥运动贴红色的确定好看吗
想换燃喷了
两个字:无敌
本身就很好看了，如果不是为了买传家宝的话我觉得不用贴最好看
四连nv，四连ropz
之前社区收的
曾经拥有过。
23faze效果无敌
火车离站无敌
目前打算这么贴cd还没到用网站模拟的会有一些便宜误差，用的23巴黎pain全息总造价在五十上下
个人觉得血腥最帅的贴纸搭配，可惜这一套要小一千了
四连小R
四连爱心
四连全息爪
用了快三年了 贴的15dh的闪亮贴纸 cs2效果更好看一点
faze clan
手套配的警告
红配绿，赛……
抓痕或者火车都行
简简单单五连爪
还想要一把三连ropz闪亮粉盾，不过没钱了
我的大地球
必须四连抓痕",https://tieba.baidu.com/p/10093631407,25,看看大家血腥运动贴纸
"我喜欢她
电锯人我没看过，刷到过片段，这个角色我记得死了吧，被🐴骑马弄死了
这易拉罐再说什么呢
别的漫画不敢剧透，但是电锯人这个，死老惨了
可惜了 感觉还有油啊
这支舞已经跳了1.6亿遍了，放过蕾塞好不好，求求了",https://tieba.baidu.com/p/10297851950,6,看我今天找到好东西
"都打完了也没见便宜点，还想搞几个开开
蓝天白云
巴黎在那顶着了
上半年的都牢飞了，这玩意现在最大的问题就是没人买，真的要开的都去巴黎了，在售没人压价的压了也没人买
8强的有高光挂件还没做好，谁开现在这几个？
开这些回报率低得可怜 除了红色 其他基本都是亏麻 哪怕崭新也是
等以后出纪念品能炼金就燃起来了
那你全扫下来你当庄不就好了，赚钱的机会都摆在你面前了",https://tieba.baidu.com/p/10306277825,8,怎么感觉没人导这届的箱子，才几百在售？
"预算5000左右，刚刚卖了我的大理石短剑，想换把爪刀或者蝴蝶玩玩，图里四个是挑着比较合适的吧友们推荐一个，有其他的推荐也行，csgo小白入坑不到1年
我也在纠结这个价位。。在考虑 3个爪子传说 酒精蝴蝶蝴蝶破损黑鸭蝴蝶
蝴蝶自由之手吧，现在爪子秒f基本依托，而且酒精传说爪子的刀角也是不能看
酒精传说 战痕自动化
传说和澄澈先pass
大马蝴蝶5000价位无敌
自动化 不吃磨损
渐变蝴蝶和多普勒蝴蝶，伽马爪子和多普勒爪子
传说酒精真看不了一点吧。。略磨都很破，，不过还勉强能用，，酒精真用不下去
黑压蝴蝶别犹豫，传说现在酒精根本看不下去
我去 你看的刀型 都是我最近炼的
刚买了一把崭新澄水蝴蝶刀
黑压爪子，酒精传说玩不了黑压不吃磨损而且这涂装在爪子上面的效果出奇的好
下个月直接买伽马了好吧
黑压蝴蝶或者爪子，或者自动化爪子
黑压蝴蝶或者蓝钢战痕蝴蝶
一线特工更配哦
蝴蝶吧，出得快不卡手，涂装挑你自己喜欢的不是我喜欢的
我的建议是玩爪，蝴蝶太花了，如果真想买的话可以先买个容易出手的试试，能接受蝴蝶手感再换
传说必须上崭新
4390求购到了一把自由之手，0.20磨损，本来想换黑压了，结果今天一醒来有人丢求购了，就算了
什么手套",https://tieba.baidu.com/p/10300318426,22,决赛圈了，有无推荐爪刀和蝴蝶
"模板467，好兄弟们退游急出uusm4100出，这个效果社区服自己可以随意监视，酒精你可以看看有没有比我好的
底价都要3850了，来个识货的好心人收留
顶顶顶
欧米伽还有玄学吗",https://tieba.baidu.com/p/10308333793,4,极品模板欧米伽
"你们怎么搭的
蝴蝶镇楼
双栖+伽马p1绝配
随便配的
准备挑个好表皮的双栖
目前用的这款，想起来截图是以前cs2刚更新的97模板（那个时候双栖磨损比较少）
四连老鼠能便宜点出吗？
可以可以
我在犹豫蝴蝶伽马和渐变，手套也是双栖
usp印花集，老鼠红线已出",https://tieba.baidu.com/p/10306398054,10,饰品搭配+出一些
"看到的话走悠悠私密吧
个人所得税和增值税都分不清的货色，少玩游戏，多读读书吧，别出来丢人",https://tieba.baidu.com/p/10290673099,2,这位兄弟有在贴吧吗
"虽然神来之作挺小众的
跟殒命大厦一样没人啦
不好看啊
纪念包不能炼金虽然我也有大厦纪念包
我玩了10年了，外服，国服加起来见过用神来的不超过10个
劝你别碰，听人劝吃饱饭。
量太少的东西除非很好看，不然你炒高了也没人买
0.01的概率你就开吧
买几个玩玩还可以，21沙二的我从14块囤到现在的28块，买其他的早发财了
这破玩意太丑了，粉色级真闹麻了，被意式拉力吊着打",https://tieba.baidu.com/p/10308637816,10,感觉这个有升值空间，毕竟确定是绝版了
"拼尽全力追了4个赛点才追平，赛后一看对面二哥是个D+三哥是个D，何意味啊？
完美段位哈我们4个唐B组排我们到底惹谁了
谁说fps阶级分明的我们完美D也可以在官匹沙鹰颗3个呢
前两天玩官匹在b跳看被空摘了，出去一看对面完美pac
我昨天打火车手枪局输了第二局也无甲沙鹰颗秒了三。真的是运气枪
就当是对面手热吧，官匹白银局有时还能遇到完美平台B，明显是为了掉落才打官匹的
进去看看是绿色还是非绿官匹有信誉分机制，被举报一两次就给你丢挂池里玩，沙多了就容易碰上炸鱼和挂
神经枪谁都有，分数和段位不一定是真实水平
我打了9年官匹也还是各种到炸鱼的或者超级鱼的局，有时候我要杀30个才能以三四分左右的差距勉强获胜，有时候又是对面能杀三十个
官匹默认科技，我兄弟几个金s去打平均官匹段位双ak的局，被像一条狗一样踩死
官匹都是超人捏
我官匹经常排到0.9的c+在对面杀第一。比我这个A+还高 只能怪队友太唐了送太多了咯
官匹遇到过那种平台是唐比c 但是就是拿第一猛猛杀的 没封禁记录 平台rt也不像是炸鱼的 但官匹就是重拳出击 这还有什么办法",https://tieba.baidu.com/p/10297891971,13,这官匹真的有正常人吗
"打吧死斗半把人都看不见就被一脚踢死
都是偷侧身
不是深夜你看着一个背身挂机的，你靠近或者看见他后，360°转身颗你就已经很好了
你去打国际服人质图死斗那里一把有概率刷出十分钟1600分到1400分的天神人机哥，见识超乎想象的fps
zsh别玩了",https://tieba.baidu.com/p/9901180163,5,服了123
"有没有感兴趣的 最好是走私密 免手续费
私密是啥意思呀？不走平台万一撤回咋办？
底价可以走sm要溢价就算了",https://tieba.baidu.com/p/10309378246,3,0.1111 印花集
"爱跌跌爱涨涨吧
刀都买了 不来一副树篱？
“可御风雪可燃冰”
为什么你这个带点紫色的
309模板的？
好买！
我觉得绿宝石＞p2大于p1＞p3＞p4
p1真的好看
改名，必须改“可御风雪可燃冰”
是真的好看伽玛蝶
好好看
好看呢
可燃冰雪不燃心
牛逼啊",https://tieba.baidu.com/p/10292967524,14,可燃冰蝴蝶刀也是买了
"我这好像突然炸了
难道说 死城之谜要来了吗
末日降临
大的要来了
确实炸了
ok了
难道说？
大更新来咯
炸了，更新了应该
修好了兄弟们，可以上了
更新什么了
大更新
冬季促销吧？
官方嘲讽了属于
末日了
炸了，c4是我放的
等下更新金分解成红牛子刀燃到天际
跑步进场
安装包上传，明天更新
我好友列表死活打不开
今晚大行动，明天起源3",https://tieba.baidu.com/p/10307866866,21,steam炸了吗
"rt 基本都是晚上玩，我5e a+ 有没有完美一起打50把的？开心快乐就好 不要压力低气压
没有吗兄弟们
一起打嘛 b＋ 我有小号
还有兄弟不
来  我还差30把
不是得单排50把才能组排吗？",https://tieba.baidu.com/p/10272805365,6,完美新手号打50把 有没有兄弟一起打？
"让女朋友送你个渐变A1
mac-10有好看的皮肤吗？要用ak换
卖了买渐变mac10吧
你这个吹风机吹出来是子弹还是风
我对象送我的57童话城堡，正好想要他就付了
🦐哥同款，别买，买了天梯不上分
没时间解释了，先开一局
你有女朋友吗，你就给女朋友买吹风机
300这价位很尴尬，没什么好看的吹风机皮肤啊
下午刚刚拿下同区间的底价就看到你这帖子了。。。讲真的对我这把不是特别满意来着，一般
你不知道吹子被削了吗
让她别玩吹子，ak不玩玩吹子，带坏女朋友
买个错觉就可以了，没必要上太好的
四个闪亮吗
太搞了啊吹风机啊
徕芬Fl03 很好用
此贴完结，分手去了
不是，我刚买你就分了吗，那自己吃点好的吧兄弟",https://tieba.baidu.com/p/10305806848,18,有无有接盘的，想给女朋友买个吹风机，马上快跨年了
"我在ecoSteam上炼金，材料都是平台上买的，为什么练出来之后还有6天CD，有没有佬出来解答一下
掺了有CD的货吧，你看看库存历史记录对不对。之前也看到过有人说有bug，无cd合了有CD的
你的购买记录只有9个，盲猜你掺了一个自己开箱的
谢谢解答，刚刚看了一下库存记录，确实在之前开到过一把法玛斯，应该是掺里面了",https://tieba.baidu.com/p/10309314288,4,这是出bug了吗
"我昨天看还是2.7，刚才一看直接3.4了，到底是谁在买
这玩意比他贵的只有潘树超了
说实话深红涨起来以后我感觉好像是比树篱迷宫好看一点，名字也好听，深红一听就很有神秘力量的味道，不像树篱一听就感觉农民乡下味很重，越看越喜欢
你不是导购关注这些东西干嘛 反正你也不会买 涨跌和你有什么关系
你看他那成交量就懂了
buff上这都快扫光了
底价和服黑不溜秋的，感觉不如满红织物有性价比啊
这个价格已经非常危险了
他那在售数跟树潘导对比一下就知道了   高度控盘   别追就行了
快进到超越导子
说白了，这深红织物和满红和服有什么区别，才卖35000已经是很便宜了好吧
就前几天深红还是2.5的时候吧里有人发帖说没人买，评论区里面都是附和市场泡沫啥的，我就提了一嘴“只要吧里全是唱衰，那这个品就还会涨”，结果好家伙全是喷我的。
不会是下一个黑蛋吧
cy一下
马上要崩啦
收到，已入十双，坐等冲到十万
如果终点是月球，那么在马里亚纳海沟上车还是在珠穆朗玛峰上车都是一样的。
拉的这么快看来准备走了
因为是cs最大导购河南商会的新项目
大项目
steam上买了在这买有说法嘛
没意义，你把货扫完当然可以随便定价，关键是没人买
我有3w4，不用薄荷、和服、迈阿密，我就爱用深红织物
你要是有张没人卖的老贴纸也能随便定10w
导购撤在售拉升价格骗求购的，看看有没有傻子求购。
求购一撤，立刻恐慌
无敌蛋
还不上车？马上燃哭你
说实话月色织物涨起来以后我感觉好像是比超导体好看一点，比超导体蓝，还不吃三角手腕磨损，名字也好听，月色一听就很有诗意，不像超导体一听就感觉工业味很重，越看越喜欢突然发现原来织物比和服还好看，那细致的织线裁缝感，还有全红的手背，比和服高大上了不知道多少倍
没人接盘只能一直虚涨
别推了，绯红列赞又涨了
这喷不了，这是真左手倒右手
左手倒右手罢了
到底是哪些人在买这些东西？导购赚的到底是谁的钱，我真的好奇，之前炒ak的狩猎网格也是，公认的史也燃
扫完那些垃圾随便定价  3.4亿都行 等沙沟接盘
这玩意我玩的时候才四千块而且没人要有指甲缝
只有笨蛋会买
涨到10w也是狗市，和野荷一样
低了，应该百万起步
cs版易中天这一块
逆天了
臭区一条这个手套
无限看高深红织物最少4w，大家先买我的，我满红比t1和服还满
这是真左手倒右手了
能骗到人花三万买这个那这个钱也该导购挣
跟dnf一样，抬高价然后找接盘侠，过段时间接盘侠意识上当了，来贴吧卖惨",https://tieba.baidu.com/p/10297281769,46,这玩意居然还能涨这么多
"平民玩家只能等等了
铁树枝自用玩家原贴，挺有意思的，还有经典两面派
等五年市场冷却
哈哈，我前几年53入的树枝捏了这么久终于能出货了
人民的V社：创世终端是最伟大的发明
我们go的闪光弹还没涨价，大家可以先屯一下，几年前我加仓sg553现在账户里都几十亿原石了，闪光弹估计还有的涨，赶紧加仓吧，大学生实在不行撸点小带什么的，财富自由指日可待
不看他的帖子，习惯性背闪
什么意思，这个是要用人民币买的饰品，还是类似CS游戏内起的枪啊
看帖子意思这树枝就类似于投掷物，也不是花钱买的吧
53买的套了多少年了，终于可以出货了
去年玩死锁玩着玩着一个常用装备卖翻倍了
还有被钓的
沙鹰也给你涨$100就老实了",https://tieba.baidu.com/p/10308963144,13,不是人民的v社吗？怎么隔壁树枝都要涨价
"跟死斗机器人有什么区别
每周都有些傻狗，对于正常玩家相当于每周ban一张图",https://tieba.baidu.com/p/10309462419,2,大厦刷分真是4000+了好吧
"竞技阿努比斯这张图是默认刷分的吗？为啥进去一堆人就说刷刷刷的，不刷还要被踢，反驳两句还要被骂急，还让我别排这张图，合着就不刷分就不能玩阿努比斯吗
据我观察都是正常打打不过的叫的最欢，美其名曰省时间一周就刷个任务才为了箱子打官匹就为了个几块钱的箱子
避开周常任务要打的图
没遇到
碰到周任务了吧
每周任务的图就别点了，一帮死冯的刷分🐶，全是库存为零的傻卵在那喊，有库存的傻🐶小白屁都不懂就跟着刷，坐等俩月以后《为什么我的账号被封了》
周经贴，下次遇到这种直接退了，免得事后还担心v🐍秋后算账
有刷分的我都会先问候对面的家人，以比较极端的言语来挑起对立从而杜绝刷分的发生。
不是老三张别玩，恶心自己也恶心队友
没遇到过
周日常
别去国服打，去国际服，这种刷分行为之前v社早就重拳出击过了，老老实实当绿玩屁事少一堆
那次打办公室队友说刷我直接说刷尼冯皮，他连个屁都不敢放。
为什么每周都会有这样的贴子很难理解吗，别人完全不在乎要不要“玩”，这些人大部分是不怎么碰官匹的，就是做任务打箱子，如果不是箱子他们都不想开游戏，别人就是想求快，打完立马下线，这周任务是阿努比斯，那人不就是多吗，很多人路都不认识，就为了刷箱和任务，就算9人配合你，别人走不来路不会报点怎么玩，你选阿努比斯还想认真来一把不是故意赤石吗
我一般会说我不想刷但是也没兴趣阻拦你们，把我踢了吧我方便开下一把
就算是吧里说的可燃冰套餐也是钱啊，库存几十万的富哥不怕封穷哥们也跟了，一堆库里音乐盒都没有的还在喊不刷就别开图的
原来12-12那种刷箱子会封吗我每周都会被路人带着刷几次
想正常打别开周常图，或者等周常不是这个图的时候开，正常来说没周常没人刷的，有周常刷就刷吧，反正也没见过有人被封的
周任务的图吧
之前打train队友也是上来就说刷 还是国际服对面三四个老外他一直发中文说刷 被老外打死了一直打中文骂 一点开主页又是经典库存三四个游戏的
只是这个周任务是阿努比斯，下周任务地图进去也是一样有人叫刷
碰到过好几次了，但每次我都是组排打的直接拒绝，然后每次那个说刷的都是最菜垫底的
一般假装老外不理 ，除非四个队友赞同
只要有人打字说刷，我直接开骂，其实很多时候其他人都不是很想刷的，只要你开头就骂那个人，其他人就不会说刷了他们也不想当出头鸟被骂，遇上组队的算倒霉，直接开摆或者退游戏
希腊奶，上次队友喊刷直接当听不见
刷和不刷，都可以当墙头草。如果2刷2不刷，你就正常玩。如果有3个要刷的，就没办法了，这种情况就是这仨人正常打是拿不了分的，要么原地站着求踢，要么跟着速度结束…这游戏没有什么竞技真理，就是少数服从多数，不会看情况还爱发表意见，被拱出去很正常。出了社会，你会发现根本没人在乎你的处境公平不公平，只在乎你会不会影响到他的利益，我屁话多了，你担待一下…
一般游戏里有一个人反对，我就主张认真打，没人反对我就顺从一起刷",https://tieba.baidu.com/p/10296808634,27,不刷分就被踢
自用生锈的锯齿刀 磨损不错 2000上下出了，诚信卖家，可走平台。,https://tieba.baidu.com/p/10309488447,1,出一把小小刀
"想给ak血腥运动搞个4连，全息 闪亮和金色怎么选？试了下buff预览，看不出太大区别w有没有贴过的告诉下哪个效果更好？
你可以印花搜枪，找到你想贴的进去检视看效果
buff有印花模拟，电脑上也有模拟印花生成皮肤在游戏里面检视的网站，可以试试
选闪亮，这种属于电镀皮吧，这种还是闪亮搭配，像那种游戏里边不亮的选全息好看点，闪耀不做评价",https://tieba.baidu.com/p/10260047482,4,大佬们闪耀全息金怎么选
"5E这个rating机制实在是太利好瘤子和狙击手了，老5E的rating完全只看kd，改版之后嘴上说着更加合理，实际上kd仍然有90％以上的占比A玩家杀了三个满血最后被补掉，rating肯定没有杀了两个残血活到最后的B玩家高；如果A玩家第二回合打了个80滴血后被杀，B玩家一个没杀但是活到了最后，那么两边的差距会被拉的更大好几个放在完美能1.5＋rating的局，5E连1.3都难，完美能1.3的局，5E甚至因为战绩没正会给你负rating，我这个赛季的rws和adr在完美都可以冲冲1.3了，在5E连1.2都难本来以为完美的WE已经是坨大份了，结果发现5E的rating更逆天的没边，一把打下来0作用的队友竟然因为会kd比一样导致rating差不多
这是个好事啊，评分低匹到的坑比队友一般少些
5e是这样的
5e全是唐比。怕死狗，打了2000分给我打吐了
5e只适合打组排
五黑的话无论哪个平台，遇到挂的几率都很大，周末晚上基本把把是挂。我这游戏群100多人，每天凑人五黑，这赛季到现在还没有人能上s，昨天打了三局b+局被对面打的落花流水五个人rating全红，我这边五个人三个历史黄金s和一个历史a+，加我这个最菜的a
啥时候增加个AI评分导师，把善于突破的分出来，善于丢道具的分出来（地图增加个关键道具感应区域，扔对了就增加道具评分），善于狙击的分出来，善于当自由人老六的分出来，然后根据Rating组合到一起。另外我觉得以后应该改成只要上到一个段位就最多扣分扣到该段位的0分，但是不再掉段了，可以自己选择掉段或者重新定级。
完美也差不了多少，伤害高首杀多不如kd高
5e是这样的，纯看kd确实恶心人
你会发现完美玩ct全是前压的，没人守包点的。 匪就是干拉
5e只要你负kd，adr就算110+照样负rating
完美的rat也是只看kd吧，we是合理一点
突破死多点 rating低点其实也没人怪你的 因为大家都理解 最怕那种和队友差3个身位以上的那种突破手 就算杀再多也没用 死了就开始吠 这种是最小丑的
完美神人多 5e神人神
之前打5e，mvp给了我们家垫底
1.6时代突破老登，在5e死活上不了分 直接战局屏蔽糖比队友语音
还有我想问RWS这种上个世纪的评判标准为什么5E还在用，HLTV都更新到RS了，5E还没用上KAST
我60多adr比80ADR队友rating高 这判定直接是逆天
5e玩着比完美爽多了
完美匹配更恶心啊 kd高了匹配的队友是人吗
完美利好冲上去打伤害自爆的瘤子
我110的adr但是战绩15-15给我来了个红rating给我整笑了
5E经常高adr但是rating不如人家补枪低adr高kd的，只能说利好狙击手这种kd高adr低的",https://tieba.baidu.com/p/10298863781,23,突破手最好还是去打完美吧
"cs2的建模枪身一股塑料感，所以我特意挑了个go时期而且枪身没有涂装的ak，贴三个金贴上去做一个传统贴纸枪13年的皮肤老古董了
我个人感觉老模型ak要比新模型手感好，新模型ak准心那里看着好怪，感觉有点细长细长的但是a1新模型要比老模型修长反而好看了
大伙公认的事实了，cs2的ak那个烂护木像水里泡过的，枪身颜色也不如go深
我的😋
留了三把黑压 一个号用一个，手感是真好",https://tieba.baidu.com/p/10306148457,5,go时期的ak建模挺好看
"记得go时期大部分教学博主都提倡不要斜着走路，不过似乎donk让斜急停流行起来了，lz昨天在打tg时不少人说自己通过改键来做斜急停，想问一下大家怎么看？
懒得改了，还是老一套尽量避免斜急停吧，哪怕多走一点路也无所谓了，而且斜急停多了有时候就可能下意识斜拉出去了
什么逻辑不能斜走
怎么舒服怎么来就行
斜拉的速度不快，但正因为移动速度不快，所以斜停蹲反拉降速效果比较明显，反拉也提不起来地速，弹道也是稳的
意思是让你在不可避免要斜着走的时候可以全方向急停主要是donk的随地大小停太bt了
donk怎么走因为他是世界上急停最顶的几个人之一，普通玩家学几把
不要斜着走路原因一是在对方眼里斜比直速度慢，二是斜向急停更麻烦。再来看donk啥情况，donk是职业选手，一这种错误donk不会犯，该横拉的地方donk不会走僵尸步。二的话donk的左手怎么停都停的住。所以你问这个问题是根本没搞懂这个逻辑，教学博主提倡不要斜着走路对一般玩家是绝对没问题的
donk斜着能停住≠斜着走路是对的，是这么个逻辑。斜拉在绝大多数情况下都不是优解
donk的急停一般人学不来，还是别跟他学了吧
老说法流传下来肯定有道理的
你傻啊斜着走，速度被分解了和僵尸步一样
人家是职业，你又不是
人人都说螃蟹步还是有它的道理的，donk的急停真学不来，在别人的视角里他真停过吗
donk的左手摆放跟一般人不一样，人家能斜停是这么玩了好多年了
donk是走路撞人了才斜着急停，能横拉谁愿意斜着出枪位，你一不懂枪位二不会急停学毛线人家斜着急停，那不是打不中人学森破准星地震吗纯搞笑来的
普通人别说斜着走前后急停大多数人都搞不定
能做到稳定斜急停可以这么走你都能稳定做到了，我建议去打职业
我看过教学，斜着走急停按说是停不稳的，前几发飘而且对方视角里慢，正确的做法是最后拉的一段用ad，很多职业的动作拆分一下也是这样的，只是到了看的时候像是斜着走
donk是donk
路都不会走就开始跑了？
其实挺多职业选手的移动键都不是wasd
donk的斜急停是通过长按a/d点按w或者长按w点按a/d平滑搜有枪位优势的点，据我的感觉，长按w并且长按a/d是走45º，长按w点按a/d走的偏前小于45º，而长按a/d点按w是偏左右的，能应对不同点位。
不如学勒布朗詹姆斯
没必要啊，因为你根本打不出donk那种影响力没必要
一般人ad急停练好就够了，ws急停都没多少人练吧，直接蹲都好，wa sd这种双键急停练的人估计更少
看视频说是donk四指急停",https://tieba.baidu.com/p/10305340931,27,关于斜急停
"其实如果按照之前的情况下去，市场依旧会崩盘。1是当时市场上的主流饰品已经炒无可炒了。2是由于市场热度过高以及千百战饰品积压过多，租赁行情已经烂完了。要知道cs市场能做到现在包租公的功劳不可忽视。如果租赁市场彻底崩盘那后果也会非常严重
何意味
何意味
当时的繁荣全是表面的，背后已经是乌云密布了。一但租赁市场彻底崩盘那cs市场完全可能一蹶不振。v社看出了这一点，主动进行了改革
何意味
终于有明白人了，导购趁着那次机会大洗盘，然后继续拉。不然末日前价那么高，已经拉不上去了，怎么低买高卖？
v社和导购是一伙的
涨回来了现在懂完了 那时候抄底啥的被嘲讽成啥了
你在想什么，市场怎么样v社又不关心他又拿不到钱，他只想变法子卖你钥匙和武库，合成也是想让你多开箱子去合成，别幻想这个那个了，市场永远是勇敢者游戏，瞻前顾后啥都没有
以前红也分好的和炉渣 大家不是接受量大的炎龙星使吗 至于另一个好红被炒上千元是导购的问题 18年到去年好看又老的主战也有很多选择了  本身就不应该花钱租这些 三位数自己买 四位数咬咬牙或者找下位去呗 屯着租➕炒赚钱成本还就几百一千一把人人都知道可不踩踏价格
v社只是把末日提前了，v社不更新还是要人为末日的
怎么说
消耗了红减少了后台数据流通增量，其实不失为一种数据库和磁盘存储的降本方法
uu带头在24号砸盘吸货呢，当时库存有红皮的你炼出来看你卖不卖，正好吸够
加仓!
今天都是唱衰的，加仓
现在也就收藏品和一代能看了
别光事后诸葛啊，这么厉害预言预言v🐍后面有什么动作呗
末日不存在的除非这狗蛋游戏没人玩了",https://tieba.baidu.com/p/10287439921,19,五合一更新更像是重新洗盘
"真给我气笑了，还都是底价。
这帮比卖之前就不能改个名字吗
搞得老子没心情了
中文那个蚌住了，翻崭新洋文直接映入眼帘真的蚌埠住了。
你直接带入隔壁老王视角
洋文那把不錯，四捨五入等於別人女友賣你了
改名的都是唐比
中专说唱
蛙趣，还有NTR环节
这种便宜都是礼物，确实有点搞
我一般都买没改名的，然后自己改，哪怕要加几十块钱",https://tieba.baidu.com/p/10307494461,11,半夜睡不着想着换把狙
"大家推荐渐变还是多普勒p4，前两周买了自由之手蝴蝶，感觉有点腻了想换把刀，m9和爪子社区服试了试感觉动作有点单一，玩不了多久
我前几天才把渐变骷髅换了自动化蝴蝶，还是蝴蝶玩的有意思
实战还是刀切出来那一下的手感最重要，骷髅普通切刀纯副作用根本不能算丰富了动作模组
骷髅切f挺好用的 在空中画个圈
多普勒
昨天刚买的多普勒p4，真的帅
玩不久就租吧
必须多普勒
骷髅动作更单一
锯齿不好吗
渐变骷髅帅
我买的就是渐变，比多普勒便宜而且更百搭，而且骷髅的渐变不吃渐变度，底价能买到接近90的
楼主要方吗",https://tieba.baidu.com/p/10300768981,13,5500左右的预算，想买个骷髅匕首
"我一看现价480，预售才450，还是0.1的磨损，以为捡大漏了，想都没想就都下单了。仔细一看，两个平台是同一把。兄弟，我真真不是故意的。
一个C5，一个悠悠。两个平台都上架了。
卖家活该，无需愧疚
必有一个平台吃违约金了
没事，你不吃也有其他人吃
我干过这种事，我预售的薄荷挂两平台，被同一个人大小号买了血亏1500
什么捡钱小秘诀
捡钱了
20问题不大
他自己的问题
你这尾数不对吧，一个2628一个6288？？
这不是两把不一样的枪吗
停停停两把一样的枪买了能赚多少？",https://tieba.baidu.com/p/10122285539,13,兄弟，对不住了
"价钱都差不多 哪个好一些
必然选一哥，树的效果太好了，游戏内很亮
不过看刀吧，红色或者绿色的刀适合树
酒精自用，略磨保值点吧…肯定买潘子
看你洗好了啊
手上伽马P2蝴蝶 极限树 之前玩过极限潘 吃了几千换了树  然后现在挂树上了 就感觉来说 树>潘  我建议有能力上略磨树  我8.9买的极限 当时底价是6.5  现在底价6 极限才7  所以能上略磨就上略磨 在市场不好的情况下 极限就很自用了 而底价有人撑着   略磨潘也可以  个人感觉撞色系比同色好看 这个看个人 可以社区跑跑还有 无灰树要看模板 0.15有时候也会有灰 最近行情不好 极限底价经常有无灰 聊一聊大多都卖
略磨潘
两个都玩过无损的 现在换超导体了",https://tieba.baidu.com/p/10303296018,8,买极限酒精树篱还是略磨潘子啊
"甚至没有一局是负raiting，没有坑过一局队友。印象最深的是一局有个队友2-18，270点总伤害
elo发力了
太c了
被系统判定为牢玩家了
每一把都是二十小局往上你不累吗，我遇到sb队友喜欢单摸，你可以试试
这种局和你c不c已经没关系了
因为爱，爱之深责之切
金c加是c加里面的精英怪？？
我来助你
兄弟好歹你还赢过几局
完美elo是这样 你输的局越c你越牢 必须摆烂当你遇到一个0.5的队友 你c不动就狠狠摆烂到0.65以下 下一把你才有可能排到人类
想要上分，你要么通天带一打三起步，要么垫底混，在中间三个位置肯定是给你安排的明明白白
因为你太c了
找个1.2以上的固排要好打很多，起码上个b~b+不难
Elo
elo是这样的，越认真打队友人类成分越低
你厉害了给你匹配的队友自然就一言难尽了
完美匹配是这样的，你现在是c+上等马，除非你强到能一个人凯瑞整队，不然别指望能靠队友赢
差不多这样能赢，去年国庆帮朋友打的。现在的话，教你个上分方法，打开绝对单排，然后每天最多打2把，输1把就不打了管用，嘎嘎上分
和我一样 我和我一个金s朋友打双排也是一半赢一半输
换5e打一段时间
我遇到队友不会玩的话我直接乱打，把把去前压，不管警还是匪。反正要么我拿首杀要么送首杀，死了就玩手机。
所以普通玩家根本对抗不了elo机制的，不是人均职业打天梯能一拖四，把把给你匹配流口水的真没招
鸡爪流，演两把再去c，能赢的局就划水，势均力敌的就发力，队友bot的局就摆
完美elo机制啊，像我1.1几的rating大部分赢得局我都不是mvp 狠狠混
去5e 完美就是**
为什么队友都带不赢我有时候还要我C
问个问题，为何5e和完美的rating计算方式不一样？5e好像直接是kill/death ，完美的rating计算更包容一些，哪个和比赛一样，更能表现实力？
看我发的帖子新赛季前六把全输，躺也不赢C也不赢，也是臭完美。这两天打了下5e15把七十多胜率
5e感觉10把有2把是这样，完美10把8把都是这样，别杠 ，因为这星期我和朋友打了30把完美和30把5e得出的结论，你敢信都黄金b+了，还有全程静步准星喵地上的？我真以为是脚本机器人
无所谓了，看开点就行了，我朋友打的比我6，战绩也基本上都是绿的，在黄金c+照样两个5连败，现在快掉c+了，之前和我说匹到的队友都不是人类，就不想打了。我完美现在也是6连败，感觉后面还是会输，定级定了个黄金c+，现在快掉到c段了，不过也知道自己很菜，大不了去d段打呗
上赛季50多把金b➕，这赛季70多把了还勉强爬个b守门员，战绩跟你差不多，elo还是太给力了
因为你的rt太高了，平台就会给你匹拟人队友，降一下rt吧
那我无加时杀49个还输了算啥
我去 精英怪
必输的局就摆不要拿无效人头，rating高了就给你匹rating低的来平均rating，这啥比匹配机制
放id ，我看过的demo也有百十来个，低分高rt 百分之95以上都是瘤子
突破手？
再练练？1.3raiting，是牢王。那3.1rating铁定能蹭蹭的上分。  我看Donk就是这么打的，很快就上到TOP1了，准没错的
多跟才🐔玩就可以了，甚至有时候我1.0几的kd能到第一，多跟才🐔玩你的实力能提升很快
完美是这样的排神人队友和对面屏蔽哥基本上寄了
你这算个卵子
你这么强，带带我们怎么了？
看看我这个呢
elo
能者多牢
donk也是这样的
不突破躲后面吃回防？
南蚌，你摆两把试试
Elo了
elo的大手把你当成上等马排给二呗队友了
参考王者荣耀的牢玩家
单排就是闯关游戏，你不上科技，基本不能赢
能者多劳
能者多牢
组排要好赢一点
居然不是饰品贴
牢大胜率，请输入文本
谜底就在谜面上，游戏厂家表面上说elo能带来实力相当的对局，实际上是延长牢玩家的上分时间
被标记成这个段位的精英怪了
A以下不把人全杀完都没法上分
顺风摆逆风摊 均势发力 悟道了你就上去了
我1rt精英b+匹配的队友基本上历史都是a+的，能者多牢
您反映的问题已成立专业调查专班进行调查，调查组人员为：张吉惟、林国瑞、林玟书、林雅南、江奕云
完美匹配机制很狗屎的一点是自动平衡两边rating，一般两边rt差距不超过0.05，你这个大哥一进去，就得给你配一个0.8唐人和一个0.95混子
想赢就不要杀人，猛猛冲刺，让队友补枪
这是换人了，还是状态好，这全是单排
每局大概就这样吧…队友战绩负的
能者多牢
你这种就好好坐牢吧，像我这种rating1.0的才能猛猛上分
因为完美不让你赢
运气差，没事总会有运气好的时候
习惯就好，我输得局道具突破残局都得一手包办，甚至还得拧绳，该你输还是输
上等马是这样的
elo机制:“你这么厉害，带带别人怎么了”
我打国服只要上1基本就能赢，但打的好不如抱大腿抱的好
我还1.37胜率37呢
因为有elo系统给你对面发高手，队友发伪人
你要把你的能力留在核心的处理上，比如说当土匪，你要去打突破，敢于去突破创造机会，而当警察你要去打回防要去给队友兜底，这样的情况下你还能高raiting应该不会这样
因为你遇到了我这种菜鸡吧
想上分你得有效人头，首杀几个？这rt没多高，而且肯定不是很关键
确实离谱，本来开局还杀6-3，越打越崩，对面都上a平了队友还在小道静步摸a大，一点信息拿不到，枪法更离谱，把把残局回防，对面越打越准，见人就秒，后面静步哥还压力起来了，直接摆烂，喜闻乐见了
我b+差一场，直接9连跪。其中五跪里面都是3黑4黑，遇到组排我真的没法
为什么我打不了C局，定级完就金B+，我就喜欢在C段玩~~~~~~~~~
只能说还得练
RWS挺高的，那只能说排到瘤子队友了。完美一直很NT的一点就是它的原创WE系统，纯纯一坨，毫无参考价值。一局游戏里，但凡有3个RWS低于10的队友，这把基本就是刀山局。
看看右边多少突破和大狙击杀图标
放宽心态，团队游戏的胜负不由你一个人决定，真要上分找几个哥们一起，别没事压力自己了
这赛季没救了，下赛季注意点
找个朋友组排会很好打的，平时两人不管是双架还是什么的都能有个小配合，也许就因为某一个小配合引发蝴蝶效应就赢了
这种局1.几不够吧 2.几随便赢
感觉能赢就美美hide啊，感觉势均力敌才发力，打不过就猛送
杀少了，把把杀30+就赢了
官匹感觉也是，把把第一把把输，各种匹配到一整把只杀两三个的，挂机半局的，打一半跑路的，只玩双枪不开麦攒了一万六不发枪的，开局很快就变3打5
看看donk
不是不让你赢，是让有条件的先赢，先赢带动后赢，总后实现共赢！
找人双排。。
越努力越幸运
因为donk全年1.41也在一直输
兄弟来和我一起ROLL龙狙! 复制消息 $11 ￥8juhZbwe￥ 打开【IGXE】！
啊？为啥我的评分机制和你们不一样，我1400分就金c，再赢一把上b了。然后在C+的时候赢一把那个6边形+一条边，但是有一些人就加的很慢只+一点点，所以我上的挺快，赢个几把就上去了
还是水平不够，继续磨砺
C+局这样有机会
一时出不来就一直出不来了
在你这个rt的基准上你的we偏低，你应该不是突破杀人，而是补枪杀人的类型，真正的大哥不是你，而且数据好被系统判定为大哥，所以你和对面的大哥比影响力太低，很难上分
不要去c扔扔道具，除非真难赢在拿人头
完美蓝c+单排没1.5rating难赢的，有的时候接近2.0的rating都赢不了，还是看队友是不是人类更为重要
因为还不够强
其实你在每局开始的时候可以先送两局，我喝的宋就是那种不顾队友位置直接往上冲的那种，看队友能不能兜残局，如果能打残局，那就正常玩，如果打不了，那就当瘤子，这样赢了加分多，输了扣分少
1.35属于在自己分段里能当大哥，但是还没到一个人带赢队伍的实力，1.6往上差不多才能说一己之力改变全局，你这队友不当人没办法了，要么你就当突破这种能改变局势的位置，不然回防2V5啥的杀两个也没办法获胜
我的打法是c一场混一场，然后很好上
数据难看点就行了
那咋了，想想donk",https://tieba.baidu.com/p/10282249752,113,为啥平均1.35的raiting能一直输
"最近打cs时会时不时弹回steam和桌面，但游戏不会关。被这个抓了很多timing了，有没有小老哥懂的
把腾讯QQ，腾讯游戏任何相关的软件都删掉，顺便删除360全家桶。
验证完整性，估计有游戏文件冲突了
我也这样",https://tieba.baidu.com/p/10261562492,4,cs闪退问题
"一开始劣势但后来超过了局势大好，结果有人退了，还有人投降，之后有人乱玩，感觉就像人机，而且故意送，好不容易打到12.11，最后2.0直接投降了，我绝对没按F1,而且还活着。这比赛还下载不了了。
这究竟怎么回事？
官匹比赛",https://tieba.baidu.com/p/10309178615,3,CSGO好诡异的一局
lz喜欢黑红配色感觉可以上个自动化呀(๑>؂<๑）a1感觉印花集也很搭999很好看,https://tieba.baidu.com/p/10308471470,1,审美品味这一块打分1-10
"本人是一个才玩一百多小时的新手，想买个刀皮玩，但是看到这玩意的价格波动太大了，所以想问问这刀正常价位应该是多少啊，目前我就挂了一个550的求购，因为我看求购最高也才570
几十块钱的波动就当租了，实在不行你就花点钱租着玩呗
买酒精的，最高求购直接收
去社区服试试各个刀皮，现在刀的价格都是上下浮动个几十块，还是比较稳定的。
这种弟弟刀可以直接免费租，没必要买了，蹲一蹲应该还能租到op之类的
悠悠租呗，还有券，能换着玩，单一种刀形很快就腻了
谢谢各位建议，我决定刷一下信用分去租着玩
这种垃圾刀直接去uu免费租得了
买酒精 至少卖的时候不用等两三天
直接最破的得了，要不就酒精起步
别买这种牢的 玩久了迟早会换的
要买就买酒精，要不然就租
再加100 我的黑熊王给你
免费租吧 波动几十很正常的 已经算波动最小的了",https://tieba.baidu.com/p/10307097967,14,新手刀皮求助
"拼命卡的磨损是为了保底吗，还是材料不会有溢价
一打九就是赌狗炉，赚不赚钱看命，不过你这个炸完五炉还能炼刀再赌，钱多打着玩追求读博肯定是挺舒服的
还真行 正期望
之前打过类似的，其实也就那样
你都当赌狗了，赌这个，2星使3次时代，32%血亏，10％吃麻，剩下接近保本一打9赌不了一点
法玛斯有磨损溢价吗，有就值得
这种你只打一两炉就别搞了 90%的伽马 ，出AK还得亏个手续费
一打九？豪赌啊
10%的几率换才接近三倍的收益?觉得合算吗？
看看配方
不如5破损热潮，比你这个靠谱多了
9成概率出法玛斯
19没有10炉真没啥必要
磨损卡下来实际成本大概多少？感觉还行啊",https://tieba.baidu.com/p/10304090437,14,这种炉子有必要打吗
"你挂别人之前能不能把自己说的话挑一挑？别人是不是追星饭圈我不知道，你肯定是冠军粉跟风犬《慕强》《非得喜欢一个烂队？》这不就是县长夫人跟风狗吗？谁是冠军我无所谓  明年蛋复出，脚踢donk拳打虾哥，你又成了蛋粉丝了茄子复出带领天禄夺冠，你知道的我一直都是天禄粉丝还有为什么我就质疑了一下你就骂脏话了呢？做贼心虚啊
你的喜欢我管不到，但是你的冠军粉本质是事实
ps：你说对面那个女的饭圈粉，但是你的原文除了一句孩孩孩孩神，我真看不出来哪里像饭圈粉了，甚至难听一点都不像个女的还有，这哥们不管是在贴吧，还是在他那个微信聊天里面，感觉都很急
拉黑开新帖因为这个人嘴太臭了
刚才去看了一下，还只看大型比赛bo3-bo5，他没发现他爹已经三四个赛事八强回家了吗？而且那个聊天记录人家说话好好的，这人一发言就像嘴巴里含shi了一样滂臭，我敢说这人游戏也不咋玩
你的喜欢我管不到，但是你的冠军粉本质是事实
没绷住
认识的ylg里面不少绿脓何小苍蝇双粉的谁输了就换个吹
问就是慕强，实则只知道top1是洞，问就是只看大赛bo3-bo5，实则只看major，还是因为刚决赛改了bo5才说bo3-bo5，问就是哪只队看的不让人难受就看哪只，实则绿龙猎鹰两只神队之前打的怎么样但凡一直看比赛的都知道，一个1图队一个一人队，一个整体上限龙下限区一个今年稳定路边险些被踢出动物园，看猎鹰像看史到底是怎么喜欢上绿龙的，不就tmd上海major的引流g吗
抽烟女哥们来的 没想到你还玩go",https://tieba.baidu.com/p/10289936034,10,什么赛博县长夫人，冠军粉
"阿努比斯纪念宝是因为这届major没有阿努比斯这张图了，但是高光纪念宝这个新东西还在，而且高光纪念包的代码就是普通纪念包的代码拿过来用（毕竟也没有其他地图纪念包直售过）。然而高光纪念包还没有开放兑换，导致普通的纪念包也因此暂时停止售卖，只要等V社程序员把高光纪念包开放兑换了那么普通的阿努比斯纪念包就会重新开放购买
地图都没有怎么换…
服役地图7张里面没有这张图哦
难道不是收藏包吗？
7月移除anubis图就已经暗示下架了
你是只玩饰品不看比赛不玩游戏吗
都移除服役图池了
言之有理
想多了
你玩游戏或者看比赛吗……
叽里咕噜的说啥呢，这图都不在比赛图池里了
这一届还有高光纪念包？
你这个逻辑是没问题，但是结论有问题，如果真的纪念包代码有问题那么下架高光纪念包的时候为什么收藏包没下架，同理上半年高光在做的时候收藏包也没下，所以你这种可能极小概率存在但是不太现实
单纯v社员工屯够了
你今年看比赛有打阿努比斯的吗？
阿努比斯都不在服役。。你在说啥
倒货倒晕了吧
收到，已清仓
放屁，已满仓",https://tieba.baidu.com/p/10306828767,19,有没有一种可能
content,link,reply_num,title
"也没人告诉我印花集铭牌这么丑啊 买的时候看名字还行 后悔了 黄盾到期立马撕掉
怎么都喜欢改这个名，好抽象。反冲改名位置也贼丑，果断七天后撕名牌了
我一直想吐槽这个，贴纸位置都可以自定义了，铭牌居然不给，黑魅a4改个名大姐姐直接变犯罪嫌疑人了
usp铭牌居然在这里我还以为手枪统一在握把上呢
这种生搬硬套狗屁不通的名字真是文盲最爱
这个改名跟可御风雪可燃冰一样让人生理不适
名改的不错",https://tieba.baidu.com/p/10303748407,7,标题五个字
"先选图，再选战队，建议选决赛的
我是觉得除了小镇都可以选
你想选啥选啥 纪念包下架也不一定涨。跟大厦一样半死不活。或者跟黄金ak纪念包一样一飞冲天",https://tieba.baidu.com/p/10308893712,3,major通行证纪念包兑换哪个啊
"自己炼金28开6连炸，eco合炉37或者46开15连炸，最近胶囊200个只有一个垃圾粉
被那个菊花吸走了",https://tieba.baidu.com/p/10308799454,2,请问有比我倒霉的吗
"工作开始攒了一套皮肤，1600小时，s也上过了皮肤也有了很开心，这赛季没怎么打。目前停留在A+。虽然可能过段时间过年还要卖掉拿来补贴生活。但是我现在很开心。祝贺。纪念！
虽然都是战痕，酒精，ak和沙鹰上都是掉漆的痕迹。但是很满足了。什么条件买什么物品！开心咯
不知道在卖掉饰品之前有没有机会把紫罗兰短剑换成紫罗兰m9，价差1500.祈祷！希望！
紫色，紫色，你别搁那断了，我艹
自用玩的开心就好
舒服喵
中登恭喜捏
紫色不赖，不过我更喜欢略磨的黑莲花，久经好像太紫了
你是懂得韵味的哥们
这一套挺不错的，建议把ak换了，撞色更搭其实。
首先恭喜，没有然后
恭喜 我买了一套红的亏了1.8w
她不是我的妹妹
恭喜 紫色套好看的
为啥过年还要卖了 这也不是很多 当奖励一下自己好了
恭喜捏
上大分
恭喜捏
话说2000多块钱这么费劲么？都25岁了不至于吧
很有韵味
边攒边省买的就很棒，意义大于消费。祝你玩得开心
恭喜恭喜，学生党还在eco中
恭喜，分享一下我这一套
她只是我的妹妹
恭喜！
同是紫色套，恭喜🎉
品品我的
手套可以蹲个好模板酒精的啊，关节处鼻涕泡太明显了
好看，恭喜！
1600小时上s算不算挺快的 有点天赋
恭喜恭喜
那不得上个S然后再奖励自己一套
恭喜恭喜
羡慕富哥
恭喜，我也重新买回了一套好饰品，爽玩有饰品感觉真不一样
恭喜，很真实的普通玩家的库存。我至今不舍得买手套+刀
黑莲花换0.68以上的磨损更舒服
开心就完事了
骚枪，骚皮
知足者常乐
恭喜🎉
紫色套装不赖，玩的开心。而且不卖的话说不定过年还会涨
会越换越好的
妹妹说，紫色很有韵味
自己喜欢就是最帅的
我也和你一样，为了省钱用了战横累累以前不敢想的摩托和熊刀1k多点拿下了。过段时间便宜了换个锯齿爪刀。
这套紫色性价比真不错
加油兄弟
知足常乐呀
知足常乐 通透
手套用大腕会不会更好，还便宜点能上酒精我感觉战痕的手套有点那个
兄弟玩的开心就好
酒精玛柏丽亮吗，我也想买一把
恭喜你呀",https://tieba.baidu.com/p/10302116805,54,祝贺并纪念一下25岁的我拥有了第一套皮肤
"lz上一个号被整炸了，永封了，只能换个号开了
这几天的收入
怎么被封的？
今天的收入。1酒精1略磨1崭新。好像崭新的255有点说法能卖1000！今天凑够了1万块钱的挑战！
楼主昨天2500抄底了印花集！！！！
lz今天逆势加仓1100个奥斯汀竞争组胶囊。成本+1700
遇到好人了，请我吃了一顿kfc
后续他加我好友我给他补了25%
继续收藏
被老外搞到冷却三十分钟，本来打完就可以睡觉了，这下一站又要加班一个小时！
对了，更新一下炸号这几天的操作。23号当日花费300元购买28把粉皮1把垃圾红皮。成本加300
今日武库收益75星星，1崭新1极限略磨1模板非常好的酒精收益按照当前价格600总价计算
10.25收益总结10000+600=10600。成本因为这几天抄底耗资巨大为5660+1600=7260
10.26产出，这酒精也太极限了+35
激动的心，颤抖的手。愣了半天是个略磨
10.28结算。又一把极限略磨今日收入+80成本110四舍五入亏30我还吃了顿火锅！
加油楼主，看好你，我最近也在搬砖，不过我星星攒起来，吃第一波更新
300块钱爽吃900+三折余额，只可惜我之前387块钱的罪恶光标倒出了13折余额
又打完了一轮
又是极限略磨……楼主今天很困，就不继续打了就1把+60
昨天还在那没意义的27块钱卖市场了，现在47了……
太过分了！0.073
10.31总结一下，不打了早点睡。今日收益+80
大佬问一下武库是怎么玩的，半年没玩游戏了
打了一把竞技不给经验！重启也不给！
月初交点保护费，成本+600
今日收益1略磨1酒精，收入+100
lz，武库建议换啥啊，打了几十颗星不知道换啥，换了两个狩猎运动，亏完了
又是略磨……今天很累，就打了40星星。等我明天加个班多打点星星吧。这个模板有说法的，+160
非常之绷不住，两把略磨+140
楼主这两天已经开始停止兑换幽独安心打星星了，没有停更
680块钱倒余额的箱子，成本+680
难得有如此清新脱俗的帖子。
目前打了130星星攒到新限量
真的假的？他们说跟狗腿一起拆出来的？
找到出处了，两年了可算端上来了
lz简单算了下幽独m4在3个月内产出了110万把，合计110*25=2750（万）星星。而2750/75=36.6（万）把双刃匕首，合计每个月产出12万把，其中12*（7/100）=0.84（万）崭新匕首，市场顶得住吗？而根据崭新/久经幽独价格对比为3.7%也就是说如果双刃匕首崭新成本3000的话，久经也就是110元，略磨是420元？
今日份操作，买入奥特拉玛500胶囊，用以对抗星神碎片支出+1000
刚刚跟队友骂起来了，我前压他把我击毙了然后他嫌弃我伤害低我俩就吵起来了，其实当时就差100
不对楼主算了下淬火崭新概率大概是3%，也就是75*33=2475*2.75=6806.25块钱一把崭新，而不是之前的3000真他吗黑
买了包蛋白粉，成本+740，因为我是用武库搬砖钱买的
睡觉，老外永远都会在你封火的时候踩火
星星是攒着好，还是直接用
昨日操作购入奥斯汀胶囊200用以倒余额，成本加430。用来在市场买入武库新限量产品
今日操作，加仓250裂空武器箱，成本+777
人生中第一个五杀，甚至还复刻了donk杀五个赢不了的名场面
楼主想做一个对于自己关于违约金的小推测花25块钱试试水
今天周末，做一道大家没见过我很喜欢吃的杂炖蔬菜
小开几个胶囊，好像不亏？
乘胜追击
大概亏200
今日份操作购买500裂空倒余额成本+1500
今天吃橙汁排骨撒点芝麻会更好
人生第二次五杀，野牛五杀依然赢不了比赛
偶遇大森老师跟小森老师。输得很惨
距离新限量还有14天上架
今日操作，加仓
这是我最后的子弹了成本加2200
最近很倦怠，因为没有即时奖励。又打了一轮
全体起立，可算赢了一次
二阶段我自己选的 0:3/3:0炸了我就没管了，结果随机的居然过了……
最后的子弹了，楼主已经没有机动资金了，等12.20才能有钱了
最近都没算成本/收益了。收益因为一直没有东西可以卖所以一直没有，成本则是不停的倒余额，目前成本为7260+680+9943=17883收益1140
你这几个月了都还没进项啊
我的 0:3在打架……
打完了一轮，歇一下。昨天喝大了
为什么被封号了
作业三个阶段一共对了15个，这可是真的极限，一点容错都没有
今天吃红焖羊排……美中不足家里没有老抽
昨天开了3500余额的创世箱子，大概算8折套现
双一千成就达成
送妹子的圣诞礼物，就不算在成本里了
希望明天更新新限量，不然的话要等下一个月了",https://tieba.baidu.com/p/10151287332,73,cs武库搬够一个2.0版本
"爆爆爆
翻译一下啊
shiro:我喜欢这样的比赛 （ps:这比赛真他m的刺激，真爽）donk:我一点都不喜欢，我们能一起振作起来吗（ps:刺激个头，tm的能不能认真玩，赢了再说）
都不知道小蜜蜂是运气好还是运气差 次次都能去到绿龙人多的点
咋是说英语",https://tieba.baidu.com/p/10300888461,5,爆了爆了爆了
"欢迎大家发表看法🎤🎤🎤，个人觉得狩猎＞游乐园＞列车或者说后面两个带地图名字的近期几乎不大会下架，大概率常驻，上一个下架的平面也是不带地图名字的
我觉得应该是一个地图收藏品＋狩猎收藏品，阿拉伯风格的皮肤可能不是地图收藏品而是单纯的武器收藏品，间谍风格的皮肤对应了大厦收藏品叉车收藏品反而会挂商店直售
你看两个下架的中间夹的是谁
今年四月份才上的紫绿黄收藏品，估计还得服役两年，最可能就是四月份下狩猎运动了
会是你意想不到的
看v社囤哪个
什么都有可能，没人能读懂v社。但如果不下架市场又会是一波末日，情绪下杀，所以还是盼着下架吧
不要妄图猜测v社，它从不按套路出牌
v社不按套路出牌出牌
全给你下架
大家都觉得下那就是不下
我猜下架三色收藏，应为都不觉得会下
上次是新收藏品上了一个多月才说要下架老的吧
狩猎太多了 你看渐变狙多少年了这价格 没有a1还得低
武库的规律就是每次下架销量最烂的啊，现在卖的最差的是列车25，且一直是列车，销量和平面设计一个水平。渐变a1和怪兽一直是香馍馍，怎么可能下架？明年4月，列车刚好一年，踢滚了换个阿拉伯和科技收藏品。
最后肯定都会下架，这一点毋庸置疑，武库最后都会下架，时间问题而已，特别是2025列车这种名字，100%下架想都不用想，狩猎运动的问题是，渐变之色锁磨损，崭新必然涨的很慢，这很令人难受了
平面不是因为卖的差才下架的吗
大概率不下架，阿努比斯收藏包下架了，后面有可能接着出收藏包
贴纸挂件肯定要下一到两个，现在格子都不对称
抛砖引玉想要提前拿到消息提前囤？
v社一直都是按照销量来下架，就好比箱子一样，所以下一个肯定是渐变A1了，还有元素贴纸和挂件，想吃就过完年埋伏一波4月包吃的
我感觉会是狩猎➕某个一代小挂件➕老贴纸
狩猎最有可能",https://tieba.baidu.com/p/10304179349,23,下一个会是狩猎运动吗？
"果然一切皆有可能！
疯了……
之前2000没人买的枪…
没办法，五位数的a4就咆哮和波塞冬，相比ak和awp太少了，迟早会有一个新的a4到达这个价位段
这把枪的崭新少的可怜，当初为了打绿宝石一堆人卡着磨损炼
肯定有人要说荷鲁斯好看，问题阿努比斯收藏包都几年了，没下架熬死了多少波人。
what？
因为在售量太少了，价格随便定
韭菜枪炒成这样 我错了
300多买的略磨，用了两年多后2600卖了，真没想到卖了后没过一个月就涨这么多
合纵也能这么高吗，我记得刚出的时候400左右的崭新
我去年跑太快了……血亏
自用皮玩了几个月还能比手套赚得多
我感觉火神迟早也要上万
要出货咯杀人蜂来咯
你说这玩意啊
我特么当初怎么就没捏住啊！🌿！
这玩意go时期a4加强那波就已经炒过一次了
过两年上五万不是问题，说不定明年就能拉到七八万
玩饰品几年了，越玩越害怕，最后的最后要是真崩了，跳楼都是小事吧，虽然不知道啥时候崩，可能十年，可能二十年，可能一直持续下去不会崩
真牛，咆哮一年没涨价，其他东西乱飞
太哈人了这饰品，最后崩盘我都不敢想
看戏得了。现在不砸是因为被骗进去的不够多，五千你观望，一万你观望，一万五你觉得前面进去吃饵的小鸟都没事哎我也去吃一口吧………
这破枪当时就是炼绿宝石的炸炉产物，崭新200一把，现在价格纯被炒起来的，其实也就那样
卧槽太疯狂了
7月卖了一把
这么丑的枪都能拉，无敌了
23年2000都没人要
23年2000都没人要
这枪真有人用？
这两件要是捏到现在就好了😭
它涨，是因为有人做这个枪的盘
比Steam市场还贵，这玩意也有人炒啊
这大粪皮也炒啊，这帮人跑的过cd吗？
自用玩家的数量少说五十万，崭新基本把自用玩家抛了，最后必定崩盘，除非价格结构自用玩家认可
无人在意，崭新火神都没上w
今年估计就是收藏品和稀有主战的天下了
22年   崭新出厂  600元 买的崭新. 简直是 伤不起呀
前段时间才四百多卖的，都是倒√互相接盘罢了
wtf？
我草几年不玩都能到1w？我记得刚出的时候200都没人买
都没捏住，一个这个一个武库，黎明前走了
之前免费租的玩意
3000多卖了
笑了我
我退游太久了 我记得上次玩这东西不是百十块么
如果能穿越第一件事就是回到一年前抽上架几把合纵的自己几耳光
这个品控的死，而且不走加速
这枪绝版了呀
然而在一个更不起眼的角落
现在崭新的ak m4 a1价格成倍增长，大商入场中低端市场了
合蛋来了
当年被视为追梦绿宝石炸炉产物的存在
丑死了，纯纯理财产品了
年中的时候我520入了个略磨的，cd一到到了590，给我乐疯了，第一次赚到差价，立马出手了，结果过了几天涨到900+给我愁坏了，过了几周我看降到800还安慰自己，现在怎么涨到这么高
吃就完事了
………
当时大行动直接拿星星可以兑换的皮肤，感觉是成本最低的红了，真离谱
之前买的合纵下级，这市场真有点疯狂了
那个什么云杉裹手，久经都4k了，给我看傻了，当初600的东西
倒反天罡了，炸炉货跟炉子货反过来了🤣炼伽玛的炉子现在出伽玛还不如出合纵，太逆天了
韭菜枪，五年后50的东西。不要买不要碰
去年买的极限酒精好像300多
什么时候开始拉沙漠精英和战场之星
啥玩意 我记得这枪不是200多吗
抓紧入
崭新5000略磨15000件的能拉成这样，我还是跑了吧哈人
反正也不买。随便啦
牛大了
这吊抢年初的时候，2000块钱，感觉丑，没人买，现在这么贵
这枪为啥涨啊 我198买的
谁买这东西，除了导√左手倒右手顶多就几个韭菜买
我记得以前那会这把枪久经100都不到的 这就涨到1k6了？
成交量低的可怜，根本没几个人买
合纵当年能想到自己有这么一天吗？
当时900入三把，更新加强a4涨到4000出了，真没想到能燃到一万八
有些是玩游戏的 有些是玩BUFF的。   目前来看饰品价格，玩BUFF大于实际游戏玩家。",https://tieba.baidu.com/p/10105544770,77,活久见，各位！
"视频来自：百度贴吧
枪法很干脆，但是感觉有点滑步，不知道是不是Demo视角的问题。光看这几个片段感觉段位应该是a以上吧
黄金s吗
完美b到b+
开出幻觉的挂代，被我喷了还过来找画面
包S了，我说白了这种程度的扫射转移就不是A能碰瓷的
没看出来定位预瞄多牛逼，控枪厉害，可能A＋吧
奇了怪了，怎么看起来和我开发的ai瞄准效果一样。越看越像。
兄弟，如果这真是你手打的，那说明我的ai效果已经到了真人级别了
打绿通那个还没拉枪呢，子弹就往第二个人脑袋上飞了？
急停慢 反应不是很快，看似扫转很帅不过是对面补枪慢。 b+到a差不多
视频是要发的，评价是要的，真评价了又是不高兴的，不高兴了是要骂人的，人与狗的区别是人有逻辑而狗可能看两眼就咬人不看又要凑上来
这不是锁我吃好吧 哪有人见人就蹲的
对面c 你炸鱼
炸鱼啊，对面给不了压力枪法自然能发挥。估计在答辩s左右的分段
发了让评价，评论了又急
在贴吧，就那样吧，C+
求回A+
真给猜吗？那我猜d+
荣耀王者250星
水平极高，预瞄就和提前看到一样，闪身就开枪连一纳秒的迟疑都没有。
差不多是a。
集锦不好看什么段位，控枪和头线的基本功是有的，急停不够干脆，这应该都是炸鱼片段，对面走路都不会走，视频主a+——答辩s差不多
急死楼主了，一个金s跑来想装还破防也是没绷住，想听别人夸他
挂！都是挂！
就一句话，那些拿自己录屏让别人猜，想炫耀的，人家猜了没猜对，就开始阴阳了，那可真是死了🐴了
金S左右吧
s以上吧，我自己A到A+浮动有碰到这种基本都是上面带人下来打的。不过楼主发视频被人评论也太急了哈哈哈
这才叫子弹会拐弯
有没一种可能，要么 A段要么金 S，然后定级赛应该定 A了，然后 A 打 A。对面同意了说是。S 的铁子看了没啥感觉，B的铁子看了还觉得是略磨酒精。然而，最精彩部分：铁子我是啥段位呢🌚",https://tieba.baidu.com/p/9745657339,30,看枪法 猜段位
"选哪款啊 纠结了好久   看中了这几款 求兄弟们帮忙选一下
Usp的皮肤很多都很好看的，各有各的特色，你还不如花几毛钱租，总能找到的自己喜欢的
我投印花集和皇家卫队一票
234
印花   如果配色的话 小绿怪可以看一下
这几个还有纠结啥，肯定印花集
我喜欢银装的大屁股，和其他usp不是一个模型
印花吧，玩不腻的，图性价比高的话就力矩
都买了 哪把杀人多留哪个
1 2 4
富哥别炸我贴吧穷哥们了，树都用上了 肯定最低配印花集
2.4
126
不考虑暗金，肯定皇家卫队，印花集太容易腻了
我喜欢小绿怪
用原皮得了
印花集，不带贴纸都能打
枪响人亡啊，相当于2把枪
印花集
看看铅管呢
试试小绿怪
椰风花语好看
枪响人亡
有枪响人亡就枪响人亡，没有就印花集
印花集
直接枪响人亡
都挺好，另外推荐不锈钢
树篱不考虑配小绿怪吗
小绿怪可以
印花集，无需多言
最耐玩的话绝对是印花集吧 神中神
皇家卫队配四个金pain，无敌我只能说
左转不锈钢
皇家护卫队👍
4火车印花集 好看
便宜，全都要
印花集，好看干净不花哨，我的USP毕业皮
不知道用啥就无脑印花，我自己用的皇家卫队，低调便宜
印花集但我用的黑色魅影
没偏爱就印花，其中几款我都用过，皇家算是用的比较久了，最后还是换回印花。
都用过，我觉得2＞3＞6＞1＞4＞5
小绿怪
倒数第二张
皇家上金贴 银装 枪响人亡
都配上树篱了，买枪响人亡吧",https://tieba.baidu.com/p/10298185744,45,usp求帮忙 选择困难
"一直有人在收，数量越来越多，昨天就剩300多吧了，今天一到四点就上500吧了，还没下架呢，工作室产的星星号，都卖给主播去开武库了，数量是真不少，下架也不一定真的就涨起来，以为都像cmyk那样数量少嘛，cmyk下架那么早就是因为开的人少，盈利的少，怪兽和渐变开的人多，看看库存数据多少了。
渐变的数量是真不少
我刚买，赶紧下架开燃
cmyk能爆拉两个因素缺一不可，一个是一开始开的人少，另一个是突然发公告要下架，同一起跑线抢筹都是直接扫的，同时也把大部分散户的获利盘洗出去了，随便控量
cmyk还有一个原因是他没纪念品，怪兽在b有个纪念品双产出必定代表着他短时间拉不起来，除非你学黄金藤蔓画2年拉上去
这个也是突然好多人在买，没看懂，不是应该会提前通知下架吗
怪b崭新快一万把了，估计下架崭新撑死2万，而且肯定是暂时的，单纯从存世量考虑还是灵缇靠谱点，量够少好控
我赌灵缇
不过还有种可能，参考合纵，这种收藏品量足够的话可能会被这些大导购看中，足够让手底下的会员瓜分，通过赚取会费盈利而且存在利润空间
怪兽自用玩家太多了，这盘子到时候肯定没人敢碰
怪兽在b我觉得不好看，几十元还考虑买。几百元以上我不考虑
渐变，怪兽这俩东西是真玩不了，axia可以玩，逢低吸
多倒是不多，就怕下架有人砸，不升反降。毕竟囤一仓库的，积压已久的人太多了。
久经怪兽拉不起来的，下级10鼾龙合成成本也才2千出头，随便掺点别的材料就是正期望，不过感觉武库收藏品都难拉，久经cmyk一周也是跌快1千了，再止不住奔向3开头都有可能",https://tieba.baidu.com/p/10290939834,14,怪兽数量不是一般的多。
"真亏贼
刀套依旧骨折
哪里回了？
手套还好，刀子彻底废了
刀子废了，不过也好，能爽玩
白日做梦
刀皮现在还是半价了
星期天已经入了刀套了
刀套依旧很便宜啊，我看我买的弹弓半死不活的一直在阴跌
刀真的可以了",https://tieba.baidu.com/p/10307342343,10,这价格快回到10.22号了
"捏死迈阿密
我6900拿的蓝淋 这玩意纯飞舞
是的，买就对了
就不能早点买吗？
这游戏有人接，你不知道的是什么时候没人接。
没事，我也8200买了一把澜磷",https://tieba.baidu.com/p/10302716966,6,高点接盘 捏死 再也不当捏不住的five
"cs2
虽然但是，好像无人在意
国内不好说 但是确实有全球影响力
怎么没有机器人二
g胖为了庆祝，上线送刀吗?好久没听人民的v社了
别的不说，比赛确实又多又好看
电竞游戏这个奖就是纯搞笑的，几个哥们每年轮着给，都有份。
实至名归
这实至名归吧，那还能给谁
国内还是少
峰值仅此S赛之下，全年持续流量第一
无畏契约的这个forsaken是csgo时期比赛的时候开自瞄的那个人吗？如果不是为啥起这个名字？
悠悠5元满减券 不能再多了
比赛又多又好看而且就算路人看个热闹也不至于说看不懂，不会太复杂
起飞飞飞飞飞🚀🚀🚀
真可以
我就说过**lol啥也不是，那群子气不气
csgo最佳选手buff还是uu
兄弟来和我一起ROLL龙狙! 复制消息 $11 ￥eP9dZuLi￥ 打开【IGXE】！
超威怎么赢过25载的
有热度的电竞游戏就这么几个
超威也算最佳选手？
轮流做最佳
cs、瓦、lol、DOTA、cod轮着得奖，主打一个谁都不得罪
超威跟niko有啥区别？给也是给大飞啊，好歹六冠王
矮子里拔酋长
打过来了我第一个跑
实至名归，cs2缔造了多少“千万富翁”“百万富翁”了。那个游戏可以做到，它不拿谁拿呢？
野榜吧，怎么没有我的一诺哥哥
怎么最佳游戏有五个
垃圾奖项，街霸选手居然没小孩
什么垃圾奖，别蹭cs2热度
业绩奖纯纯闹嘛
比赛多就是这样，撸比赛看着越来越多，其实差远了
这玩意不是轮着给？年年给LOL也不合适
实话实说在游戏真有魅力
cs的比赛是真的办的有意思吧
街头霸王？",https://tieba.baidu.com/p/10293335262,38,2025TGA最佳电竞游戏
"我都给他用饰品抵扣了，还卡我报价
是在担心这些破烂回升值吗",https://tieba.baidu.com/p/10309023681,2,这种真是闹麻了
"有什么说法吗，我自己用的800，要是用400，游戏外鼠标速度拉满都觉得慢
因为稳，先计算鼠标灵敏度，再计算游戏内灵敏度，所以能感觉出来，400比800更稳。
edpi一样，dpi越低鼠标越稳
我是鼠标1000游戏内800，如果想要游戏内400是不是鼠标要变1400
400适合定位 800适合跟枪 看你个人习惯
这有什么说法吗，我一直都是游戏外1600，游戏内0.5，综合edpi是800，这种和800*1有什么区别？",https://tieba.baidu.com/p/10305305116,6,为什么这么多职业选手爱用400dpi？
"我直接拿余额买纸尿裤
顶级理解",https://tieba.baidu.com/p/10281469381,2,UU这波和京东合作真神了，赚钱去消费，亏钱了去跑外卖送快递
"我觉得我的战绩多少也有点抽象了，这也能算开挂吗？
这玩意能解吗
误封等误解这不是玩笑话，最近真的有不少人被误封
以前刷过箱子的？v社感觉封挂比较少，基本封的都是刷子
等吧，武库刚出来封了一大堆互刷的，有些没刷但也在对局里面的也被连坐过后面过了几个月部分陆陆续续解开了，前提是你真的啥都没干
有库存吗
误封等误解
兄弟来和我一起ROLL龙狙! 复制消息 $11 ￥eP9dZuLi￥ 打开【IGXE】！
是我举报的
别说你还玩了游戏，我一把游戏没玩过的小号说我开挂把我封了
怎么现在没人说好似了？我记得以前挺多人车的，不知道的还以为vac是数学题
国服也会被vac吗
跟官方解释了一下之前有个号被盗了结果发了个这……
确实最近很多打的不好的，都给开挂封也是很奇怪
大的要来了
你这是被连坐了，基本无解，绑了手机号的小号被盗之后被拿去开了，连坐了你的大号
最近有个更新解误封的 等等吧
被连坐了
最近是不是有一个关于vac的更新？
有一说一。。。虽然但是我更倾向于不是挂。因为现在能被vac查出来的挂其实还挺少见的（暴力垃圾陀螺除外）
我算是明白了 真转起来是封不了的 因为防封，用指令装陀螺是秒封的 真有你的v社
这边看到我是ow封禁，不知道有没有什么办法解，发邮件申诉了
误封等解封，我从20年玩的，那时候箱子才几分钱，期间被误封了2次，放宽心
你自己知道连坐的，还等啥呢？？",https://tieba.baidu.com/p/10294750288,24,我莫名其妙的被vac了？
"足年份老韭菜开局追涨干旱腰斩1w+接下来的一年里我要一步一步把亏的钱找回来5年之内，在这个市场赚够50w！
我瞎说的，21年就玩这游戏了，到现在也没赚几万，5年50w是纯做梦，先想办法今年之内把干旱的亏损补上吧，3天噶我仨月工资，太狠了
好好好 12级买干旱
2.6的干旱怎么想的
我是觉得真正的买的敢发出来的反而没啥可丢人的，恶心的是那种没钱买看热闹的搅屎棍哈哈哈哈
不是哥们
你能选择旱厕说明你的眼光确实很独到
哥们 你真买啊
楼主真吊，你比有些喜欢看热闹的****光明磊落的多
400的可燃冰
五年以后干旱5w 没事的
老玩家还能2.6追干旱?
没事的，捏住，只要捏的够久，到时候十万一双干旱
你这略磨的还行，我想看2.5买久经低价的
谢谢儿子，妈妈什么都不要，妈妈只希望你不要再导货了，找个正经工作踏踏实实，开开心心地过日子。找个好老婆让妈妈早点抱上孙子。你导货三年，这个家败得千疮百孔，爸爸担心你没钱吃饭，愁得白头发都多了。前几天妈妈给你发的红包，实际上是你爸让我给你的，你爸这个人到底还是刀子嘴，豆腐心。唉，真是慈母出败儿……我们给你去导货，也有责任。你总念叨着悟道悟道，我们是无条件支持，只是我的乖宝，这事真如苦海泛舟，回头无岸，成功者十不存一。如果三年前你没有选择这条路，我们家现在该有多幸福啊。儿啊，妈妈也不希望你给自己太大压力，一定要达到什么高度，凡事尽力就好，但是导货不是光靠努力就行的，如果压力太大，我们先放一放好不好？先不要导了，回家来吃个饭我们慢慢捋一捋聊一聊，看看以后咱们家该怎么过，你年纪也不小了，总不能成家立业两不沾，天天就盯着饰品那点涨跌看啊。你见你身边谁真的导货发了大财的？唉，都是那些庄家编出来骗你把钱丢水里的！小时候的你多可爱啊，现在你都很少笑了，都是导货害了你，唉……过两天你爸离职办下来了有空了，你有空就回家看看吧，别让他太伤心，妈再给你转几百，你到时候提点水果牛奶来，让你爸高兴高兴，别又把这笔钱拿去开箱了。一定要来啊！
真的想问真玩游戏的会买这玩意吗，
你这可燃冰多久买的
哥们你21年玩你不清楚干旱这东西就那价格，怎么会2w多买这个
【目前的库存】1️⃣干旱2️⃣6个组件巴黎胶囊3️⃣自用自造的杂七杂八的枪皮，因为贴了自造贴纸大部分亏个几十上百，最多的是460自造的四连火车可燃冰4️⃣24上海胶囊几百个5️⃣一些乱七八糟的常驻胶囊和贴纸小垃圾几百个6️⃣炼金材料三组，唯一没亏的，大概赚了个700块
你是干旱一哥吗，这么喜欢干旱
哥们 你真相信旱多拉啊
楼里全是问我为啥买干旱的因为我审美有问题我是真觉得这玩意儿还挺好看的刚入坑的时候玩了两年多的全黄淬火，我说是全金，人家管我这个叫表面淬💩，当时配的手套就是干旱基本上把除了蝴蝶之外的黄淬火全玩了一遍
还有问可燃冰的，这玩意儿是火车离站炒得最贵的时候买的，可以用到关服
我知道你现在看着干旱难受，但是用不了一个月这个只会到1万左右。
逆袭不逆袭先不说，反正以后定期更新更新情况，主要是觉得记录下来，吧友看到也许能劝劝我的一些不理智操作，少亏点，当然也可能听不进去
巴黎胶囊 干旱 我要笑死了，你千万不要放弃倒货啊，不然导购拉货都没人接盘了
谢谢儿子，妈妈什么都不要，妈妈只希望你不要再导货了，找个正经工作踏踏实实，开开心心地过日子。找个好老婆让妈妈早点抱上孙子。你导货三年，这个家败得千疮百孔，爸爸担心你没钱吃饭，愁得白头发都多了。前几天妈妈给你发的红包，实际上是你爸让我给你的，你爸这个人到底还是刀子嘴，豆腐心。唉，真是慈母出败儿……我们给你去导货，也有责任。你总念叨着悟道悟道，我们是无条件支持，只是我的乖宝，这事真如苦海泛舟，回头无岸，成功者十不存一。如果三年前你没有选择这条路，我们家现在该有多幸福啊。儿啊，妈妈也不希望你给自己太大压力，一定要达到什么高度，凡事尽力就好，但是导货不是光靠努力就行的，如果压力太大，我们先放一放好不好？先不要导了，回家来吃个饭我们慢慢捋一捋聊一聊，看看以后咱们家该怎么过，你年纪也不小了，总不能成家立业两不沾，天天就盯着饰品那点涨跌看啊。你见你身边谁真的导货发了大财的？唉，都是那些庄家编出来骗你把钱丢水里的！小时候的你多可爱啊，现在你都很少笑了，都是导货害了你，唉……过两天你爸离职办下来了有空了，你有空就回家看看吧，别让他太伤心，妈再给你转几百，你到时候提点水果牛奶来，让你爸高兴高兴，别又把这笔钱拿去开箱了。一定要来啊！
哥们你能这个价追干旱只能说你不适合炒饰品，买点自用的吧
一些问我是不是真玩游戏，还是纯倒货的，这是我的游戏时长截图，玩了快一千小时的休闲，后来打官匹竞技，再后来打平台，当然现在还在C徘徊，偶尔能上C+，纯菜又爱玩。
你直接买硬通货血腥1300进300把
干旱是好手套，我也买了好几次，极限酒精大概价位就是4-7，超过不会考虑的。
没见过比你干旱还狠的，这是最高价了吧
干旱和那些破烂手套应该永无出头之日了，三幻神，高端手套能回来，毕竟是硬货价格高富哥不差那点，比赛职业哥也是常驻在用，这就是这个杀猪盘，以后做庄的都不会去拉，这种东西骗一次就榨干价值了，散户更不会去买，别说以后还可能出现v社复刻一代手套的情况，出个新箱子把这些破烂全部塞进去，那价格我不敢想
要买早买了
黄牌5月买干旱，只能说你前几年对这个市场完全没有任何认识
吃个教训好了，哪有人永远赚
当年久留美炒英镑轻松赚回妈妈亏的2000万，我赚回炒干旱亏的1万块不是问题
12级还水
这边建议这脑子不适合玩市场
跌了心里都不好受 捏着玩吧就当充网游了
当了把赌狗 愿赌服输了 死捏了准备
干旱变旱厕
韭菜被割死前最后的幻想
之后这帖子慢慢更新库存情况吧。事先声明立场，我有过不少自用的饰品，但也清仓卖过拿去买房子，买了不是纯玩，也指望它涨价赚点钱，不能自称纯自用玩家，我也不打算自称自用玩家，自用玩家谁囤这么多巴黎胶囊。但我也不是不玩游戏的纯倒勾，2500个小时实打实地自己玩的，菜是真的菜，玩也是真的玩。
平仓 我的建议再买三个干旱
请你永远记住如果你自用 你可以遵从你独特的审美 但你奔着赚钱来的 最起码屈服于大众审美吧 这种屎一样的手套确实有点逆天了
干旱这玩意先不谈我都没见几个人用过，明显是做的盘，其次拿在手上丑的跟什么一样
不是哥们，这可燃冰也太逗了
【5月9日下午5点-买入记录】闲着也是闲着，没事干买了100来个胶囊
把库存全卖了开热潮不然想一年内倒回来一万简直幻想，还没开始跌呢
【5月11日凌晨2点】看了一眼干旱亏13700睡不着，起来捡垃圾逆袭从垃圾佬开始
额滴神啊干旱之王
【5月12日晚上十点半】干旱刚涨回1.4w又砸回1.2w了而我甚至没到cd心烦，感觉还得跌，买点垃圾
【5月13日上午11点50】上海胶囊1.05建仓（5月5日购入）看今天突然快速拉升到1.4卡住1.3跑求购丢完了，844个胶囊，21.5%净利润小赚大概190块【韭菜建议】——有上海胶囊或者贴纸的今明两天赶紧跑
【5月13日下午3点半】干旱直接丢求购11300，血亏1.6w刚丢完又出现一个11500的求购，多亏二百昨天还有12600的求购，今天又跌了，气人现在所有平台的余额加起来大概28500然后还有一些囤着的库存货可能变现下半年让我们拭目以待今年至少把亏的都找补回来
【5月14日凌晨12点】市场垃圾时间，没事干捡捡垃圾
【5月15日下午4点】市场垃圾时间，继续捡垃圾，好无聊啊
垃圾佬
【5月16，10:00】今日无事，继续拾荒不出意外的前两天那波24胶囊逃顶了今天已经跌回1.2开头了不排除后面还有下次拉升，但是风险较大，不吃这个米
【5月16，16：00】买垃圾，顺便看看盘感觉天禄的贴纸有人想搞大事但是今年还没赚到钱，不敢赌
梭哈武器库
【5月16日，18：00】没忍住买了7张21全息天禄反正最多亏200多，把我24胶囊的利润亏完拉倒，没亏感觉能倒赚200多，看它拉升之后稳住在高位了，只要新贴纸上架没引起崩盘，应该是有机会涨的，毕竟major一阶段16进8，天禄机会不小另外又捡了点垃圾
【5月19日，下午3点32】干旱涨回13950了，绿网涨回20500这俩我都是亏着卖的干旱11300丢求购，这会儿应该算少买3k了这东西我肯定是不敢追了就是很疑惑为何还在做这个盘甚至成交量还很大，求购也顶得很高
【5月20日下午17点】买垃圾，卖垃圾之前囤的列车炼金辅料好像被人发帖带火了不过这玩意儿确实绝版下架后一直稳步增长没回跌过可以长拿，我觉得后面有大盘低位所以先出了套现，感觉长期看能涨到均价5-10块，毕竟双上级炼金材料，炼收藏品概率比起箱子货和新掉落直接翻倍，平均1.8-2的建仓价，3块卖的，红苹果4块，可惜我只囤了不到100把，大概50%净利润，到手利润3.1k
【5月22日下午16点】买了1w左右的东西，2号胶囊，3号黑箱子，镀铬，克拉考，红线狙，千瓦箱子一组。说实话感觉和我估计的不太一样，最近没有啥好买的东西，我预计中这会儿应该是一个低位来这儿，结果没有，所以选品都很抽象，感觉有点危险，可能会亏。
【5月23日上午9点】major更新通行证，上架胶囊贴纸是方块不太好看的大背景21全息tyloo被从104扫货涨价到120但是两个小时后跌回112我的巴黎胶囊0.48均价建仓，现在这些涨到0.55附近，传奇组在冲击0.6了，虽然看利润率有10%，但卖6组都只能有300块利润感觉v社这次更新有意削弱全息贴纸效果增强闪耀，多年以后闪耀和金贴可能因为有特色被炒作
【5月23日上午11点】测试了一下感觉效果还行主要可以不带赛事标志地刮干净签名也是，只保留签名，背景和队伍都刮掉了另外闪耀和金贴的质感不错，但是全息很难评另外突然发现同步上线了4款常驻胶囊，都是战锤40k的，而且只有蓝色品质贴纸，分别是各种不同势力的标志
小小预言一下，巴黎必定被炒作涨价，理由如下：1️⃣25胶囊上架之后连夜带动巴黎拉升，看在售和价格变化就知道了，资金不会做没有意义的慈善，铁定会炒的2️⃣它够便宜，代表了贴纸板块的信心情况和底部，5毛一个的胶囊，炒起来很容易，1块就是资金翻倍，就算到1块，它还是胶囊里最便宜的3️⃣低的价格对散户没门槛，意味着有更多人能入局，基本盘更大，所以最终能噶更多人韭菜，等着看吧，必定炒的
【5月23日上午12点】追涨加仓1w块21全息天禄，均价120有点赌的成分，但是感觉应该有戏昨天加仓1w，今天又进1w7月之前我不会再大量进货了，没子弹了
【5月26日上午11点】最近压力很大，心情很差卖点小垃圾还碰见个犟种压价给我脾气整上来了，一分一分给他从6.1压到5.39了不管他是手动压还是机器人，非得让他少赚10个点解解气
tyloo真赚麻了啊
【5月31日凌晨2点】卖了45张天禄，还剩45张，感觉还能涨卖掉的这部分净利润是2165.95追涨了50张22全息c9，感觉也还能涨
【5月31日下午4点】买了10把新武库连喷，均价252买了点小垃圾，但是我最近发现一件事小垃圾涨价确实有，但是卖不出去一群搬砖机器人号总是自动压价，而且求购又很低不能丢求购以后除非是很好的价格或者卖得很快的垃圾，不然我不加仓了最近感觉赚了一次有点上头，加仓有点多，现在开始封仓不加了，等清仓之后再重新开买
【5月31日下午5点半】没忍住，又加了均价47的24全息zywoo30张均价47的24全息mouz50张兜里没钱了，真封仓了
【6月1日下午4点30】感觉这些破烂仓好像涨的机会不是很大了基本丢求购挂底价扔了个干净本来预计拿到6月10号的，但是最近不增反降，后面还有人要炒贴纸胶囊，感觉不会有资金打进来，扔了算了，小亏50块1000个千瓦箱子在犹豫丢不丢，如果丢了就亏200
【6月2号中午12点】欧🐶发视频带货探员萨莉那我来买三个看看怎么个事儿
起飞！！！🛫
干旱最近不是涨回来了
【6月2日凌晨12点】萨莉又多加一个，一共4个晚上又买了点ropz全息，均价40买了30张感觉这俩都加得挺冒险的封仓了，不加了
【6月3日下午6点】我感觉自己有点jian得慌手上留不住钱，把最后9k余额加仓了萨莉按说这东西欧皇发视频不该碰的但是买的时候发现有几个人用自动下架来压价而且在不同平台压，更确信有人做盘了现在兜里15个萨莉，希望不要跟干旱一样暴雷
我靠我说不了话了？
更新一下近况
气死我了，选对了品没捏住，就该再捏一周的
我不理解，卖飞500块了，感觉还要上升1700赚500的好机会给我提前一周扔掉了
这两天某队比赛打太臭挺多人恐慌，不过我还捏着没动，主要是这个求购量直线拉升了，上一次直线增加是5月14号附近，直接在105的位置筑底了，我反正目前没亏，捏死了，不然又像武库一样卖飞真的能气死
【6月5日下午4点】千瓦竟然能跌破3.1，莫名其妙我还挺看好它的，先清了算了换出来的子弹整了点挂件，115个小苍蝇，15个宝石均价4.3和160武库那几个都20-30%利润被我扔在了黎明前跑回来加点挂件看能不能蹭蹭车
【6月8日下午4点】等得犯恶心，不知道庄家想干嘛cncs赢得这么漂亮还不启动24mouz全扔了，利润率66%其实看着很明显有压价收货一百多个压价100多个求购，就差一块钱但是实在没耐心了吃一口就跑
【6月8日晚上11点】刚出完直接暴涨到99少赚1000，我真是吐了
【6月9日上午11点】吃饱了撑的，留不住钱思来想去买了点上海沙二纪念包结果发现买了一个群群友的货直接起步就被割就当存定期了，反正跌的话也跌不到哪里去估计25年纪念包上架还得跌一波到时候只能看情况再加点平仓这玩意儿囤半年一年起步吧，不指望了
我跟你差不多，没看好价格五月初高位的时候把迈阿密卖了赚了一笔，然后扭头五千接盘了五个法老王。之前亏了一万多，好在现在还只回升了，前几天入了一波印花集小赚了一点
我是发现价格一上升就想买，但这时候特容易成韭菜，最好还是买不错但价格变化不大的
【6月11日上午11点】直接出逃清仓，不想等了已经到止跌线，猛砸了好多求购盘主把散户当日本人整，我不跟了说实话感觉天禄后面还要拉因为在售跌得很明显但是我不管了，我跑了，这几天给我恶心坏了
不知道贴纸盘主怎么想的，非要恐慌散户
【6月15日上午10点半】感觉不是很有上升的动力了把挂件清仓了小亏300多现在还剩纪念包和连喷还有之前加的各种垃圾
【6月16日晚上8点半】纪念包全扔了，小亏350不过感觉过段时间可能会选个低价位再买回来
楼主就是太心急了 go圈想要短线稳定赚快钱很难 赚这个亏那个 你买一些还没绝版但是快绝版的皮肤 放个几年必涨的
玩大件早都赚了，非要玩这些小件，亏死你，大件就玩蝴蝶中高端懂了么？
楼主怎么不见了
牛魔的最近小件涨得好疯我这挂件真是扔太早了
【6月28日凌晨3点半】想买点夏促打折游戏正好之前捡的一些垃圾有点占地方也没利润，当9折余额卖了说实话有点亏，直接去买cdkey都能有85折不过好歹是清理了一点地方砸求购太频繁了后面社区市场都打不开邮件也是疯狂响，我都怕g胖给我红锁了另外，卖市场会有一部分待处理，比例大概在1/3-1/7，各位要买游戏记得提前准备余额，越提前挂刀比例也会越好。
【6月28日凌晨4点】继续清理垃圾，把音乐盒全卖了，其他不咋涨的常驻胶囊印花也卖一卖空出来点余额感觉后面有机会，被这卡着不如套现先
哥们勇敢的我红网尼泊尔也是同款，不过喜欢
所以到现在赚多少了
【6月30日下午4点】最近不知道干啥好，想买但感觉没有适合入场的品，只能继续当垃圾佬卖了大部分的伏击胶囊，4.8进6.08出买了4k左右的垃圾枪皮，几十块的东西，打算长拿垃圾置换反应了属于是哎，期待后面有大跌吧
【7月1日晚上7点半】发现连喷降价很严重，丢求购了小亏80块
兄弟你要是六月底那会重新满仓杀回干旱不得吃麻了
2w的干旱哈哈哈哈
楼主有什么好项目@我啊，我挣钱了给你发红包。
【7月9日凌晨12点】一直跌，不知道选啥有点绷不住了凌晨买了点东西几个百战AK，20张全息天禄21一共1.3w，希望明早全部发货不管是赚是亏反正不会拿太久
【7月10日早上7点】捡垃圾
【7月10日下午2点半】想了想又加了25张21全息天禄这玩意儿上次没赚到多少钱真是很恼火放手一搏
搞点绿叶，高贵的绿色贴纸
2万6梭哈巴黎胶囊5年后再看
【7月10号晚上12点】坏了噶人们，贴纸刚买就炸缸了早知道20张就收手了这下一张亏15我服了
【7月11日上午11点半】买了一些阿努比斯ak，发了17把预计买25把，看剩下的发不发货不发货我取消订单等下午3点再说
老哥干旱捏住好像快回本了啊
快更呀
【7月17日】仓位没变，刚以为要涨了昨天还四个品都涨了，天禄都涨了到160结果一个更新给我背刺了从赚2000变现在亏1000而且估计还要跌一阵我cd还没到
【7月18日晚上9点半】买了400个纪念包之前买的枪和贴纸都还捏着目前基本不赚不亏或者说小赚一点想看看后续
【7月20日晚上7点】买了3把霓虹革命，平仓，再降的话还得继续平，人麻了🐶uu非得zfb才有购买优惠，余额只能原价买
gkd
【7月20日晚上11点】加仓两把克拉考崭新我说战未来有没有懂的希望别跌到700
【7月21日上午10点】推算错误，直接砸求购割肉止损昨天不该尝试抄底那3把的，又亏一波把霓虹，前线，阿努比斯，天禄全扔了本来更新前赚2k，现在一分没赚到还倒贴3.5k，总亏损3510
我服了，现在比刚发这帖子那天还多亏3.5k，越折腾越亏了属于是
克拉考愁死我了，还有两把1150买的，不知道平还是割了
兄弟们真哈人吧，幸亏上午跑得快，下午真就跑断腿，我要留着下午跑能再亏3000。一些抽象玩意儿跌到24年2月的价格了，还有一些史低的都来了，真就究极末日。
【7月21日下午5-6点】买了一堆东西有的没到货把能用的余额全用了目前买到的，100个高光沙二包，1个崭新克拉考，1把牛子刀，1个崭新沙鹰印花集，10个花脸音乐盒，1个聒噪，1把久经枯焦蝴蝶。蝴蝶钱是直接付的，余额不够了都不是精准抄底，都是弹回来一些才买的希望别炸
9号时候还搞不明白该买什么，瞎求购了一堆，这是里面成交的一部分
服了，这回弹，阿努比斯霓虹骑士前线迷雾都卖早了，昨天应该补仓，今天才应该卖昨天买的也没选好，eg我看了半天觉得起点太低没敢买
太抽象了楼主
昨天买的
抄底和之前平仓的都回弹了好歹是弥补了一点亏损
打开一看买的东西全没了，差点吓死这uu搞毛啊，突然不统计黄盾的货了
【7月26日】一早起来发现翻红了
【7月28日上午】之前的mp7全卖了，丢求购大概40.54卖的小赚6%，一百来块钱其实按底价慢慢来能卖12%利润而且估计长期来看上升（最近涨价应该就是有人收来做盘）但是我觉得近期有比他更有潜力的东西没必要硬拿着长期的东西套住自己
【7月28日下午3点】卖了点枪，然后之前冻住的钱解冻了不少准备月底换仓
你这买来卖去不亏手续费吗，回过头看长期持有赚的绝对更多
我是真破防，早丢一天少赚600不是，更新出bug怎么不降反增的？但是我留在手里的蝴蝶反而跌了还有那些个贴纸更是涨得飞起我真服了
进点探员还能吃肉
【7月29日凌晨11点】俩刀卖了，和底价差得不多感觉大盘后续总得有个下跌，可能近期还会疯狂一阵，但是这俩已经可以扔了。
收藏了哥们 挺有意思的
【7月30日上午12点】扔了我的探员，本来有个540的求购对方一直没接目前只留了克拉考和沙鹰
不是哥们啥意思，昨天我40卖，今天55，意思是我那50把一把亏15？
【7月31日上午10点半】一觉醒来变色龙又涨了感觉有人想做盘，本来在慢慢卖结果有人压价了，我直接砸求购了不想等，不拉就砸，利润17.3%小赚个300，其实昨血腥留到今天能赚600，俩加起来能赚1k，我还是太急了
【7月31日下午2点】克拉考和沙鹰印花集卖了这俩其实感觉长线应该上升，后面应该还会买回来不过总感觉最近做贴纸会收益更高我现在最后悔的是那天5200买了把蝴蝶，而不是买22块的21全息eg，这破东西今天130了，6倍
【7月31日下午2点半】黄金新星全丢。感觉还能上升，但是懒得看了
【8月2日晚上】睡不着不是哥们，你的意思是，我不买那个b蝴蝶刀，我买22的eg，现在能翻十倍？2200变成22000？
你是怎么精准踩雷的
你这水平不适合玩市场，我4月分开始玩市场，我游戏市场40多小时基本没玩过游戏只靠自己判断4万多本金干到了8 9万
回多少了 楼主
【8月12日下午3点15】憋太久了没找到操作方向求购了10张eg全息刚挂上求购就被砸了还有个哥们100张求购下一秒就被砸成1了
这东西还真有人做盘了，应该是前段时间拿货的那帮人，我在他们收货的时候扔光了，50把全卖，也就20%左右利润，现在拉到72了。以后长记性了，碰见扫货的等他们拉高再出。
【8月15日下午3点前后】加仓7k左右的奥斯汀贴纸加仓235价位的eg全息10张奥斯汀2成仓位eg已经4成仓位了下半年有很多机会，但是我赌贴纸了
我靠，卖早了，这东西这么夸张？
【8月19日上午10点】加了7800块百战本来只想加7k的，有个前线迷雾拖了几个小时才发货，多买了一把
挺有毅力的
真导购啊。。我买饰品尽量不重复的。。只玩过21的全息 赚了的都亏回去了
【8月19日晚上11点】加仓3k块探员总感觉这几天有点加仓上头
黑蛋吃麻了
啊，真有**花2万多买这个手套啊
【8月22日上午】卖了点小杂货卖了10张eg，剩了10张捏死看能涨多久
楼主现在回血多少了？？？
【8月23日晚上7点35】卖了最后10张eg感觉可能还能冲450，但是不想等了
【8月22日晚上12点】忘说了，买了14把幻影破坏者现在已经跌了500多了
【8月26日上午10-11点】追涨买了1w的21全息全是竞争组的子弹快没了，希望后面别炸
【8月26日下午4点】卖了俩破碎铅秋251买，最高770，我丢的666求购200%利润变160%那二百块算跑路费好了
纯粹的饰品玩家
逆天神人，玩干旱的这辈子有了
热知识，干旱燃回来了
【8月27日凌晨12点】两款面具男各加仓5个实在是没钱了uu怎么还不出秒到账
【8月27日】朋友们我感觉9月有一波超级超级大牛市要来，中大件/百战/探员都要燃疯，可惜我钱打完了，我在犹豫25的仓要不要先扔了。然后还有些常驻和纪念包啥的感觉意义不大，比例不高，想扔。然后今天卖了红苍蝇，绿苍蝇和穷鬼。
【8月27日晚上】把25贴纸全卖了感觉这东西启动很花时间卡资金太痛苦了全丢了求购，一算下来赚了4块，等于没赚
【8月28日一整天】清仓了兜里一大堆东西，常驻货，25高光纪念包，亏损的垃贴纸，25贴纸等等。先变现，感觉最近会有大节奏的入场机会。比硬囤常驻货和25纪念包收益高点。这几天也在回调，利润跌了不少。说实话最近利润全靠20张EG，就这我还卖飞3k，这20张eg总共我也就挣3k。服了。
【8月29日下午】买了点手套箱子解冻余额等得太烦了气死个人它不是准点解冻的哎，本来打算多买点，可惜没米
继续更新，爱看。
贴纸又开始发瘟了，昨天还跌得亏200，今天一看+4500
【8月31日下午】一天浮盈涨了5k我说实话我知道21贴纸应该会涨但没想到是这种方式一天爆拉还是有点太癫了拿了点手套箱子
【9月2日晚上】今天正式把6组巴黎胶囊全扔完了平均利润12%，小赚三四百然后这两天加了点手套箱子，今晚200均价买了9把阿努比斯这几天库存飞涨，21贴纸燃，百战探员也燃，两天时间，利润从-75变成4.5k，变成7k、9k、1.2w。看来9月爆燃这波节奏我应该是押中了。
【9月3日上午】牛仔有明显回落，我丢求购5张，均价325，把本拿回来了鲨鱼也130%利润，丢求购12张，均价130，套现本金剩下一半继续拿继续等，看会不会再来一波
【9月3日下午】手套箱子100个封仓了买了个克拉考鲨鱼上午130卖了一半，下午在冲170了
老哥牛批啊，思路挺正确的，虽然没跑到最高点，但也吃一大笔了
么么么
【9月4号下午3点】卖25的钱解冻了，然后发现这两天25暴涨了今天买了1把略磨怪兽在B，1把克拉考崭新，1把次时代，5把略磨红线红线最搞笑，875均价刚买，20分钟后变成950了鲨鱼昨天今天过山车价格，顶级上影线下影线，170-90-128，这个玩法太哈人了，感觉有后续，继续捏牛仔感觉看不明白，有点跟鲨鱼类似，但是它价格比鲨鱼高，不确定，反正，目前它跌不到让我亏的位置了，等着算了
【9月4日下午4点】才发现buff可以用余额+冻结余额买了把渐变M4
【9月5日下午3点】买了一把崭新怪B，10把崭新幽独本来还想加一把克拉考想了想，后续金额解冻得等10号留着算了说实话我今天有点想买绿苍蝇但还是算了，不买回头货
老哥现在赚多少了
【9月5日下午5点】想了想还是再补了点探员7个绿苍蝇
【9月7日-9月8日凌晨】骂了半个月的幻影破坏者今晚发癫了300直冲670，587卖了8把不到20分钟发现卖飞了800块不是哥们这什么拉盘我真没见过你以为这是两根阳线，其实第二根阳线是40分钟拉出来的今晚还有一大堆百战，中端探员开始小拉了我估计后面几天又是爆燃，一天利润飞上去8k块希望21贴纸也学一学，别我捏半天给我拉坨大的
【9月8日上午11点】感觉AK百战这两天启动了阿努比斯拉到395了卖了两把，留了9把蹲后续
所以捣鼓了这么久赚了吗
【9月9日凌晨】半夜发现牛仔在冲500挂了个490卖了剩下的5张小赚一点，今晚发现一些百战又在拉升了迷雾冲1500，次时代冲1150一些百战感觉野心不小，估计还有下波
【9月10日】昨天今天21贴纸爆拉是预料之中但是真没想到拉这么疯狂21牛仔我最高490就跑了，后面860反正一大堆都卖飞了能吃300%的机会只吃了70%反正清仓了，不看了后续感觉这帮人还要捣鼓一阵子，但是看不懂了，对我来说太危险
资金冻结真的好烦啊，感觉有些没启动的东西还能加仓，但是我的钱要15-17号才到账
【9月10日下午】感觉赛博，印花集，燃喷有后续行情可惜资金不解冻，也怕追高老老实实加点箱子
【9月11日上午】武库提示下架倒计时渐变和怪B都买了，偏偏没买C狙卖了一把克拉考，结果发现克拉考在拉升崭新怪B都5天了，给我撤回了待赔偿1163（未赔偿），也是挺幽默的6k块我5天前随便买点贴纸百战都上1w了撤回🐶真该死。昨晚百战拉升挺快，卖了把迷雾，4把幻影，剩下继续捏，等百战彻底燃爆怪B退回来的钱买啥都不够用，继续加箱子算了还加了把赛博，有点赌的成分，但是我有一把已经cd好的，所以还有兜底，希望别炸。
【9月13日上午】买了2把石墨黑，2把二西莫夫大狙1把燃喷，1把印花集，加起来花了2w真没钱了，冻结真烦卖了1把幻影破坏者steam加载不出通知，影响我点确认了我已经不在乎卖飞了，现在天天卖天天飞251买的破碎，今天2850，我666卖了150买的牛仔，今天1100，我490卖了180买的eg，今天3000，我440卖了随便吧，没亏就行，燃得超出认知的太多了
【9月15日下午4点】买了5把红线狙，1把无畏有人跟我说无畏盘主已经撤退了我感觉看线不太像，主要利润很一般，前面也走得平稳，awp大行情也没来，感觉有后续狂牙也补到100箱了不出意外的话，这个月之后应该不会再加仓了本来想扫一波贴纸，但是还是不凑热闹了，怕死
【9月17日晚上11点】买了10把崭新印花集沙鹰
【9月17日，补充】忘说了，今天把剩下的武库全卖了选品选错，卖了算了，一把崭新之前还被撤回了利润大概也就20%，等于没吃感觉他们可能还有波拉升，但是怕被套，毕竟没利好另外，除了沙鹰又补了12把阿努比斯
【9月18日上午】把一些百战卖了，我其实一直觉得百战有下一波但是等了7天还是一潭死水只有强庄盘后续还在拉，贴吧一帮人也无脑唱什么老百战上限1100，还一堆人点赞信了，那我感觉没必要等了，先撤了
老哥现在你感觉买些百战等后续涨可靠吗，一些ak的崭新还在200这个价位
不操作就回本了
笑死我了，太有实力了
回本了吗
【9月17日】本来觉得百战千战还有后续，但看市场这个情绪应该是烂了，市场永远是对的上午把cd到的百战探员都扔了，幽独也扔了利润相比9月11号缩水一半，只有 1.7w了下午买了3个一代手套的裹手和之前加仓的燃喷/印花集a1/红线/无畏战神/阿努比斯/印花集沙鹰一样，都是赌涨行为毕竟有利润兜底，试试能不能多吃到一些
【9月20日】昨天买了些棱彩箱子，但是今天一看走势感觉要跌今天卖了石墨黑和二西莫夫，但是仔细看看感觉可能有回弹，不过无所谓了
【9月21日】又加了俩皮革一毛钱也不剩了现在兜里所有货都是亏的希望别炸了
【9月24日上午】逐步清仓，卖了一大批百战千战箱子孩子们我真是绷不住了每次清仓都在回弹前一刻上午卖，下午回暖库存还剩4w左右，后面也逐步卖完
【9月25日】继续清仓继续清仓有回弹我也清，没回弹我也清等什么下一波最高位，等什么回弹出货都是扯淡，有利润有CD该走就走时间是最重要的，最近还有国庆中秋促销哪哪都要用钱，消费去了，不掺和了等你们大跌，或者大涨之后大跌我再折腾
【9月26日】孩子们，我又精准跑在低位了不知道怎么评价，反正又加了1 w纪念包
【9月26日总结】算了一下，这个月贴纸净利润10121，饰品净利润5789贴纸投入27671，饰品投入150553（来回多次套现再投入）利润率36.575%，3.845%其实饰品本来利润在3-3.5w，但是太多操作问题，比如后续还一直加仓，这些加仓直接亏我1w，比如一直等最后一波，吃阴跌吃了我1w亏损，还有些选品之类的问题。贴纸其实也有类似错误，不过真等到了第二波拉升，出得及时。总的来算，就是1.59w/17.8w，大概一个月收益率在8.9%。没有达到我每个月1.15倍增的目标，各位一定要学会设置预期，不要太贪把盈利比例设得太高，每周超过15%就可以走了其实，每周1.15倍，一个月就是本金1.75倍，很强了已经，只要别亏，赚少了，跑得快，吃复利，其实就很nb，百战吃到145%还舍不得走，现在想想其实很抽象。
楼主现在还看好什么
【9月28日上午】加仓3w左右的百战，买得有点急，按理来说前两天拉升现在会有回调但是我怕赶不上CD，先买了再说
【9月29日】买都买了不如再买点加了点小垃圾
【9月29日】上午卖了19把机械工业法玛斯，刚买完就涨了，感觉市场马上要全面爆燃了看了一眼变色龙，这东西286了，我之前40把50多买的，一万块从我手中溜走另外uu今天下午4点更新秒到账活动，15天内分批发放，也是助推行情了
是不是觉得部分崭新能像五一拉过之后的手套一样慢慢横盘稳住高价
收藏了
【10月4号】几天没更新，这段时间继续加仓各种炼金小垃圾，然后加了10把大金牙，几个常驻武器箱是为了白嫖ig的50块会员减免优惠券，然后还买了30把幻影破坏者和15把阿努比斯，看看百战还有没有一波红利。蛮多都是昨天和今天上午加的，因为我刚把6个裹手卖掉，其实昨天上午拉升就该扔了的，今天回落了点，少赚1k多。我感觉一代的裹手还有下轮，因为求购咬得很紧，盘主也没出货，现在应该就是略磨的价格卡住了久经的上升空间，但是我不太想等了，因为短期收益可能从比例上换算没那么高，我想吃复利就快进快出了，这波裹手13天吃8.5k，30.77%利润，还行。到时候一代手套有动作再打回来不迟，我感觉他们要是打算做到年底，甚至可能朝着元勋那个路子走。
【10月10日上午】10天浮盈2w了，丢求购净利润也有1.4w在想要不要直接扔了吃复利但是感觉还有大的，而且有些货比较长期中间赛博拉升的时候丢了两把，剩下两把捏着今天赌涨追了一把皇家圣骑士
看完了，老哥选品不错啊，就是买的有点早了，不过也挺好…唯一的问题就是买这么多箱子干啥，资金多无所谓，散户买这个纯纯卡资金错过行情啊
【10月11日晚上11点】上午全线拉涨了一波，我的cd正好今天全部转好，还剩5把阿努比斯和一把昨天加的圣骑士，不过没区别了晚上看了看线，死活想不通次时代，龙王，死寂空间为啥一直在蛄蛹，按理来说应该是有人做的，等得很烦躁。晚上想了想百战全扔了算了，清仓幻影破坏者，赛博，阿努比斯，前线迷雾，原子合金，次时代，龙王，死寂空间，机械工业法玛斯，安全网。然后追涨买了9把黑色魅影格洛克，本来想买10把，米不够了。剩下了炼金材料和一些疑似项目盘的东西。总共剩10w仓。希望别炸。
【10月13日中午】解冻了，买了1w的探员兜里的品全在走横盘和回调刷到个帖子，发现高光纪念包涨到35.5了？我19就扔了，一算卖飞4k，关键成本也就 1w，利润给我扔完了属于是。何意味啊
【10月21日】最近忙得头疼，生活节奏都乱了，健身都停了基本情况，大金牙清仓，亏750探员清仓，亏2950强酸清仓，赚750黑色格洛克今天卖10把，赚700，留了5把，卖了是为了套现扫货，本来想留久一点等拉升的。加了5w的二三代手套，今天上午买还以为扫到半山腰了，下午大盘下影线巨长，全部红回来，我就知道问题不大了。手套还挺好看的，买了新箱子的aka4和大狙各一把自用玩。整体来说，10月13浮盈5.2w没跑真的蠢了，现在浮盈3.7。嘎人们，我说该跑就跑有没有懂的
【10月21日晚上】不是哥们，你的意思是我拿了你7天你一点动静没有在这阴跌然后我今天下午3点亏本卖了之后，你在8个小时之内爆拉30%让我直接亏了1100是吗哦np，饰品市场也有timing侠的，那是真的🐮🍺
楼主太有实力了，这么频繁操作还能赚钱
继续更，我爱看
以后有机会了跟着你买
你这么操作还能赚钱，可想而且真的遍地都是金子啊，探员做t亏肯定不出啊，探员涨30%，跌15%不到就给你干掉了
lz这个月赚多少了，我看你开贴的时候3w，现在已经10w了吗
安卓选品
【10月22日晚上】孩子们，我昨天扔了10把格洛克黑色魅影，然后它今天4700了，我一天卖飞1w气死我了，选品没问题，就是莫名其妙扔早了或者扔晚了
【10月23日上午】一觉醒来变天了，昨天是卖了的一卖就涨今天是买了的一买就跌，手套平均一个亏2000+，直接快腰斩了，人都麻了昨晚上还+18000，今天直接-14000神人v社
【10月23日上午】孩子们，我感觉我的手套和刀要集体腰斩了这大盘一天跌三四百个点，v社学川普画K线了直接给我干回这个帖子刚开的时候的利润了人麻了，从干旱亏损逆袭到二三代手套亏损命里被手套克死我破防了，感觉要宣布此贴终结了
【10月23日中午】亏2w了
【10月23日中午】腰斩了孩子们，不是利润腰斩是库存腰斩大盘下跌900点，刀套重回800块我们穿越回2017年了后面还得跌，希望你v社真对自己有信心这波除了倒狗，自用的也亏麻了，除非你自用5年以上你还有黄盾没法挂刀倒余额，我不是很理解v社在把市场信心破坏之后指望谁去消费他这套东西
现在呢老哥，我也亏麻了
【10月24日】市场彻底失去信心，今天跌得比昨天还多感觉最后取出来估计就剩下个零头
楼主加油，从开帖一路看过来的。
【10月29日晚上10点】所有饰品清仓结束甚至包括我扔组建里的自用辣鸡从开贴到现在本来已经转亏为盈，赚了5w左右了一波打爆，还倒亏1.8w
老哥，清早了，都回来了
【11月9日】这10天的情况：30-1号买了各种崭新的m9和爪子，一个崭新蝴蝶，3个收藏品。昨天为止已经全部清仓，收藏品昨天下午亏着卖，晚上就涨了，血亏1k。当时应该梭哈手套或者高级刀型的，结果我3w3买冷门刀崭新，3w3买收藏品，人家都吃几万，我才赚个1.3w。现在卖完全部换仓，二三代运动手套略磨，但是买完就开跌，还散打了一些百战，也是买完就跌。没办法，感觉很多燃了一遍了，没啥方向，拿了些比较硬通的东西等涨，大不了多拿几个月。
【11月18日】这10天，今天为止把一二三代手套全部清仓，亏损8k+，把枪皮全部清仓，赚7k。一轮下来小亏1k，主要还是手套卖的时间不对，早一天晚一天都能多卖2k多，硬是cd好了还拿了几天，结果昨天清仓今天回弹，麻了。余额全加的主战枪皮，已经全部发货，刚买就亏1k，等下一轮cd再看结果。
【11月26日】孩子们越亏越多了，刚把手套卖了第二天就涨，到现在已经涨了万把块了那些手套。换仓的主战皮基本全员亏损，今天清仓了，净亏5k。中间加了点幽独，今天换了仓买了一些红皮炼金枪。我感觉我今年一直在跟手套犯冲，3回了，每次买手套都亏波大的。
【12月16日】孩子们我回来了，比11月26又多亏2w当时买的千百战，结果一代一直涨，红皮一直跌，后来卖了，现在半仓贴纸半仓手套和几个千战自用，手套是一个干旱，结果这几天又开始跌了一代手套闹麻了今年末日回回吃到了，涨幅是一点没吃到现在利润跟五红合一的末日利润基本一致",https://tieba.baidu.com/p/9699221330,244,【记录贴】韭菜逆袭之开局血亏1w5
"我现在玩了七百小时 我这样慢慢磨练有一天我能上s吗
我一直都是单排打的
需要学demo，练枪，练道具，硬磨挺难的，之前以为我号有毒，后面玩s号感觉我自信的对枪都被人家道具戏耍，经常被一些不知名闪光白，我朋友打我a的号都是2以上
403h拿笔记本上了a，后面换了个台式，514h上了a+，前一个赛季577h上的s，上个赛季赶末班车，赛季末872h上的金s，昨天954h，5e也上s了
差不多，1500小时的时候换了显示器就一路顺风上去了，完美的多打就行了，a+的时候正常发挥加多扣少，几天就磨上去了
1300小时 中老年人
2000h上钻S。普通S我1000h就上去了，没你想的那么难
我3000h还是b+
两千多小时
你这个数据上s只是时间问题
可以的玩久点都能上的，这个游戏枪法是最好练得，意识身位什么的玩的久才能练出来
单排不好冲 数据越好 你的队友越糖 还有闭麦哥 压力哥这种 找固排估计很快 我1500h上的答辩s  能在精英B➕打1.4-1.9rt的话 上s就是场次和时间问题
1400h左右吧 现在2400h了
700小时的时候我还只是一c+呢，又打了800多h才上的s
后面的段位很快 我是c+磨了500h 后面又500h就s了
难说，一直打可能有机会，像我玩着玩着跑去玩别的游戏再回来就难了
我是零基础1800h上的s，刚玩这个游戏甚至不知道要急停",https://tieba.baidu.com/p/10305179941,17,想问问你们 你们大概是玩了多少小时才上的s？
"我是i5-12400f+4060ti 正常是220帧左右（设置全高 16:9 2k）但是一在烟火雷附近就疯狂掉帧甚至到只有一百帧不到打小镇甚至可能跌倒四五十帧 想问一下 是不是和显卡驱动有关系？还是单纯cpu不行 谁能教教我怎么调
这些驱动一般你无脑用半年前的版本就行，一般是最稳定的
581.94
小镇掉帧是cpu不够用，和显卡没关系，你就是改成480p该掉还是掉
同款配置，32g内存条，画面设置基本都是低，不连语音软件官匹能300左右，香蕉道雷火套餐也能将近200，驱动用的最新的，显示器1k240，你这个可能是2k显示器占资源了，或者把画面设置调低试试cs画面设置低点好，干扰少
u跟我一样，是u不太行，cs2不吃显卡，n卡跟游戏画面设置一下
我u和你一样，显卡是3060ti g6，4：3和2k，但是帧数比你高多了。设置没必要全拉满，可以去b站学一下设置怎么调
我跟你显卡一样  u是134f  没玩过小镇 别的图一般就是200多到300帧",https://tieba.baidu.com/p/10290895641,8,最适配4060ti的显卡驱动是哪一个
"如下图
没等到500的蝴蝶，等来了500的星使
go吧年度笑话是：人民的v社
双栖不挑那会两千还真能拿下
该贵的还是贵，有的刀虽然砍一半，但是枪的所有红皮都不可能价格降下去了，红枪皮便宜的时代回不去了
练出来一个酒精迈阿密
其实双栖和弹弓现在也不算贵
10月30号我和我的兄弟🩷🔴🟢🔵
酒精树篱一共就4000双，下级全炼完就8000双，该玩不上的还是玩不上
我已拿下
真玩上了，虽然不贵
刀套可不就是折了一半吗
我拿了树
入了，到预期就抛了，只为了把亏的刚好补回来
就这我都卖飞了今天打开一看3.5了
到时候让你们这些空狗连可燃冰都玩不起
只要不撤回我也是真玩上了
你说的对 但是钱在我手里
遇上两位菩萨了，一个22号晚上砍100不卖的迈阿密，还有一个25号卖我超导体没撤回的大哥
兄弟们，10月70号了怎么还没800的蝴蝶刀
手套拉的太快了别说麦子夜行衣都没换上，自己的欧子还卖了，不过材料但是赚了不少
发这种图的之前库存不会超过100，最爱的枪是可燃冰，就算蝴蝶跌到600一把也不可能买
已入，真好玩
两把弟弟皮还是玩得起的，刚好一个玩腻了换一个
全避开了
我是真圆梦了比以前便宜一半的价格
真自用的，感觉那几天很难憋的住吧，多多少少会买点的，我就是那几天买的薄荷圆梦了，老哥也是好人，涨了几千没撤回，刀子倒是后面11月初买的了
迈阿密好像还真能买了蝴蝶依旧很贵
只能说被穷哥们骗了，4k当时想买蝴蝶刀自动化（听信了穷哥们的话外加buff余额冻结31号才解）结果第二天涨飞了，没继续加钱，结果最后买了蝴蝶刀深红之网
手套买的预售，当天底价都1900了没想到给我发了，半价确实爽玩了
我真的是服了，想买夜行衣配我的op蝴蝶，为什么现在比之前丑还比之前贵这么多之前23年4月的时候酒精也才两千多现在酒精底价5k是真的不太下得去手
有个酒精的 8k 没拿到，不过也不亏
还是倒货重要，自用需求已经掐断，一代中端手套末日打满吃飞了
我是真的好奇这张图谁做的，即便没有那下更新，图片风格看上去也很🍬啊
兄弟，真跳脚的小丑早都红温退坑了，你现在嘲讽的aoe能溅射到伤害的只有那些恐慌抛售的自用玩家了
这种人最喜欢追着要刀了
我没发图，我现在用最左的蝴蝶。别问，问就是买不起手套。
估计还在期待 800 的蝴蝶呢，人民的 v 社这一块
炼金术师你们老冯子真飞了，后面忘了
我是导狗口中捏不住的废物，4月底5月初就把手里最贵的两个出了
《30号爽玩宝石蝴蝶[呲牙][呲牙]》《炼金术士快发力我要玩300的爪子刀😈》《我和我的兄弟们belike😎》《哎怎么还这么贵啊❓》《兄弟们都别买看看他们能护多久🤡》《炼金术士老冯飞了都跟导狗一起护盘🐶》《对啊我好急啊钱都砸在我手里了😂》《您购买的物品 折刀（*）|枯焦之色遭到卖家撤回报价 100元原路退回给您😭 》《您还价的AK47可燃冰（久经沙场）还价请求已被对方接受😿》《寒风知我相思意，可燃风雪可燃冰🧊》
买双气了
听那些哥们的话25号没买刀和手套说的会降，等刀套后面越卖越贵草了都。但是买了些收藏品还行吧
还真别说，我国庆把迈阿密出了，现在又接回来，但是便宜了好多
已炼，不得不感恩了
我拿了弹弓，自动化爪子，迈阿密
24 5000买伽马爪没被撤回的路过
整了个弹弓
当时买的大部分都被撤回了，运气好点玩上了，运气差点就租了几天
270拿了一把牛子
六折拿下蓝宝石，省了几万
把丛林迷彩套抽齐了，探员迷海豹手套第三特种兵刀森林海豹刀奶油边a1闪回a4皇家圣骑士AK墨岩加二连大地球闪亮爽翻天
下级一堆垃圾涨疯了，byd彼岸花能卖二百多，这几天处理了一堆开箱遗留的垃圾，爽吃三四千
没发这个糖图，但真的拿下了
还好，以前七千多的蝴蝶最近三千九买了，以前都不舍得买
我真买了双栖，但还在等600的蝴蝶刀，只买了把爪子玩玩
4500买了个虎牙爪子
遇上的真大哥，当时23号蓝蝴蝶在售都没这么低我就把余额挂着试试结果扔给我了居然还守信没撤回，5月和金盾都没喝到汤这次是大哥捏着我喉咙硬给我灌的
买了10个，
10月30号我和我的兄弟:🔴🔴🔴🔴🔴
略磨薄荷和酒精树篱里头犹豫了下，最后宁做鸡头不做凤尾了
对于普通自用玩家来说，对我个人而言（刚入坑仨月的小萌新）不考虑几年前的价格的话，价格对半砍不错了，星使什么的是导购的事儿跟普通人没关系。我一学生党现在攒攒钱也能拿下1100的淬火流浪者了
他们会说都被撤回了
除了红宝石都能买得起
我有个高中同学24当天2000买了把m9我还说他傻
还是小吃一点得了，10月底那边都是撤回大行动，真赚的也得看买家的运气不撤回才行
这里面最便宜的就是老K了吧
还好，让我之前只能买一把牛子刀的钱买到了一把熊刀加一个掏粪手套
依旧人民币砸手里
这张图只是为了恶心把几串代码当爹的人而已，别在意
不舍得花大钱的现在别说刀皮了红皮都买不起
所以没买
有没有不知道，但是回坑靠卖材料赚了不少了
入了这点
有撤回，所有涨跌都是虚的
买了也大概率撤回的，零元租
买了夜行衣和特工
感谢老哥没撤回
现在破烂小红也是大几百，反正刀和手套我是亏了一半，结果红皮也买不起了，被捧臭脚的炼精术士也立马转生成为屯材料的导购了我缺的人民企业家，人民的v社这一块，伟大的炼金术士这一块呢？我已经超过5min没听过了
那些人永远都不会买
🔴🟡🟣🟢🔵
钱烂我手里那咋整啊！
恐慌刚开始那几天买了刀和手套，前几天卖了直接赚一半
不还是跌了一半吗？反正我买了个伽马的弯刀，而且星使卖了500
还行吧之前酒精刺刀2k我话1k3买了一个
买了是买了，但是这是七天乐，被收回了
当时说好的玩五百块的蝴蝶呢，怎么时间到了让我玩五百块的星使了
涨跌我无关 反正我不买
双栖大理石蝴蝶是能接受的
大家都赚了，穷哥们没花钱，只有v社亏麻了
梦里买到了
还行吧，起码我赶上一波买到了便宜迈子
我真有
兄弟来和我一起ROLL龙狙! 复制消息 $11 ￥8juhZbwe￥ 打开【IGXE】！
刚工作一年没攒几个钱，不过价格打折也换了套相对满意的了，等发年终奖再换",https://tieba.baidu.com/p/10283961520,95,想问下10.24到30号疯狂发这张🍬图的有几个拿下图里的饰品
"阿努比斯收藏，会下架吗？理性讨论，我目前拿了一个组建有点慌。
不知道
1个组件能放多少包啊
90％概率不下架
10块以下拿着都不亏，等卡价上去价格跟着涨
我俩组件呢
不知道为什么就是觉得收藏包会下架，就像看到五条悟被腰斩之后，还是觉得他会复活
进常驻了啊
个人觉得得下次地图收藏品前，等新小镇收藏品出来估计就下架了，如果出来了还没下架，那兄弟你这就亏了，不过也就5%
不会，常驻了
一定会下架
下架肯定下架，时间问题呗
会下架，但是啥时候下架不好说
应该常驻了
收藏包得一年，等明年3-4月左右下架吧，要是那会还没下那就寄了
你哭个屁 开一百包出荷鲁斯
荷鲁斯就被你给错过了 犹豫不决为什么不直接开出荷鲁斯？
风景好美丽
十块钱无所谓啊 卡价上来了卖就是了 又不是卡价高的时候屯的
代替收藏品的吧 估计要拿很久了
估计等下个收藏包来了就下架了
我觉得会下架，你这么想，如果他不下架，major直售纪念包21一个比游戏里直售14一个贵，就没人买纪念包了。所以，为了不耽误以后赚钱，我觉得会下架。当然，以v社的脑回路，搞个一年半载不下架也是有可能的
没晓得，靠猜，没有明确说下，也没明确说常
我九块3拿了2000多个  捏着吧  万一下架直接起飞
低价囤等卡价上来了卖也行
你已经臭了
现在cs2忙着优化，没有空管这些
666
我11入的 1个多组件   陆陆续续买    之前沙二吃到了福利  这回反正就扔着先  亏最多也就到9元  一个亏2元呗
今荷鲁斯改回t1了，应该能稍涨点
v社下架胶囊连个公告都不出 谁知道下不下架 说不定就下次更新就下架 说不准
我觉得是一张新图出来同步上架新收藏包 同步下架旧的，如果不下架 以后可能就是稳步向下
把心放肚里肯定下架
终于下架了
又让你赚到了",https://tieba.baidu.com/p/8643588691,35,阿努比斯收藏包贴
"RT存世量一直在汰换消耗，存世量统计不应该减少吗？
消耗的量好像不统计
貌似只计算产出
一个月了，消耗多少量了呢？
消耗个🐱，都在组件里
稳赚白捡钱你不捡，你拿去赌炼金？
组件是个好东西
涨多了利没人炼金了
消耗不统计
红色品质好想不计算消耗
别看那B数据了，吊用没有，还什么每个月伽玛蝴蝶存世量+3000，就张嘴，数据也只是网站上的那东西根本就不准，它再炼金产出也就头几个月后面材料一高就没人练了
盯着这些三方网站数据看不是纯搞笑的，之前不少憨包/唐包拿网站数据信誓旦旦地坚称开箱量暴涨，后面网站自己站出来解释是拿金增量和概率反推开箱数的。炼金佬猛猛炼，可不开箱量暴涨嘛
其实大部分都屯在手里
塞组件也检测不到，炼金没了也检测不到，你塞组件它当你练了把记录擦了，你拿出来网站又傻了又给你记上，repeek数据库说是，索性不擦了
数据完全不准，真有人相信。
笑死，武库的平面设计最下级数量还在涨呢
这玩意统计不了看在售数才是真的，如果这玩意准收藏品那边不至于下级都没有了
如果是你，你愿意花几千块钱去赌那10%的概率吗？
消耗没法统计吧
不准的啊
这数据来源也很不靠谱的
因为v社根本没给统计数量的接口，所以这网站根本没办法判断你消耗了多少，别问了
消耗没法统计的
在b站天天看到别人主播炼金出货，但是看市场价格一直再涨，是不是很多都是模拟器呀？
你就看你兜里钱够不够就行了代码不绝版的环境存世量是骗局
看看金和红还行，看别的不准的",https://tieba.baidu.com/p/10257511874,26,关于饰品存世量问题
"几乎每个人都都是错的，上周就发现有问题，这周一玩还是这样，还不修复吗
你们怎么触发的，我还没见过
家里出了鬼",https://tieba.baidu.com/p/10306491465,3,这是bug吗
"特别是稀有掉落的箱子的红皮，上级是爪子刀和m9刺刀，怎么也不能变成白菜价
太卡了，手都点麻了，收了50多个略磨变色龙，20多个酒精的，20多个略磨倒吊人
变色龙酒精均价180左右，酒精168左右，倒吊人190左右，7天之后看看咋样
低于200直接炼，高于200直接卖
凤凰大行动箱子就30多，加上钥匙，开一次成本45以上，按照概率385箱出一个金，出金成本17000+，减去各种红粉，起码成本都是10000+以上出个金，现在只需要1000不到出个略磨以上的金，就算爪子m9大掉价，不可能掉到只有十分之一，所以200以下价格肯定不可能，按照回报率来说，略磨应该300+
并且这个金里面有淬火渐变多普勒这种高端皮的爪子和m9，花一千块以前只能开50个不到的箱子，现在却能去博一下这种高端皮，并且就算出屠夫蓝刚深红之类的也是稳赚
蝴蝶刀的和常驻箱子的最好别碰，毕竟像突围百分百出蝴蝶刀后续不好说梦魇出的概率又太低了，但是这种稀有掉落的，并且金里面有三幻神之二的，无论红的存世量少，金的占比，相对都是不错的
别说了，已经涨上去了
炼金规则变了现在红也不好练了，纯纯靠开箱了
枪皮炼金已经炼不了了，新公式对磨损要求太高，不能像之前用极限酒精卡崭新磨损
上周看到我贴的吧友都该感谢我吧
目前全部翻倍了，慢慢全出了
上架瞬间就有人下单，真好卖啊现在，刀好不好卖不知道，现在炼金材料是真火
稳赚不赔的
歪楼吧主！打扰一下，想聊聊吧内商务合作的机会，方便私一下嘛",https://tieba.baidu.com/p/10151299402,15,建仓红皮才是稳稳的
官匹优先打经验来,https://tieba.baidu.com/p/10309104915,1,标题5个字
"迈阿密先pass，太破没法看
双栖持枪无敌，刀的话可以看看带点蓝的淬火
以前就用的双栖配大理石，手感挺好的，ak再来把火神或者现在的传承。另外夜行衣最近也在看，比较百搭。
夜行衣配多普勒m9试试
雙栖多普勒就好，先從大眾較認可的配搭玩起
夜行衣吧，这迈阿密和双栖的磨损都不太好",https://tieba.baidu.com/p/10306052820,6,这几套推荐哪个？
"入坑较晚，先知道载物强无敌，蜜蜂牛逼。后来载物粉丝越来越逆天，就不怎么看蜜蜂了。载物粉丝真的无敌。从simple拉踩到小孩，再到donk也，也没事了，这个群体被人讨厌也是正常的。
这个群体阴湿味是真的足，真不如森孝子直接攻击，又当又立，电竞男表子罢了。
很正常 冠军粉多 去年绿龙也是这个情况 你信不信明年明年载物26状态下滑更严重 马上就要刷数字了
等蜜蜂不行了，这群人又要开始寄生到其他队伍了
没事，明年开始冰粉可以封存你可以把他们狠狠封存起来
上半年他们得势的时候我就说过了，踩人踩得离谱了，谁都踩一脚，一旦软了立马被所有得罪过的人清算。现在夺冠了又是这样到处踩人，完全一模一样的重复演算，又是拿车踩尼孩，明年软了一样被清算
🧊🧊只是一个位置",https://tieba.baidu.com/p/10307655351,7,终于知道冰粉称号怎么来得了。
"新手小白求问  大佬们开箱子 是直接买箱子 然后自己买钥匙开吗，还是去淘宝买那种一组十个的划算
如果想开很多箱子，建议转区到外区自己买美金卡充值，在steam市场买箱子，cs商店买钥匙，买来就能开。在UU或者BUFF买的箱子要等7天才能开，淘宝的开箱子不会是模拟器骗子吧
开箱子自己buff uu买等七天开，等不及就去steam市场买能马上开，淘宝咸鱼什么的全是骗子不要信，有良心的用模拟器走个过场给一堆垃圾，没底线直接关店铺跑路，什么都没有",https://tieba.baidu.com/p/10309019277,3,关于开箱子
"byd打官匹给我掉了个这玩意
这个锁磨损的
锁0.06最大磨损，炼金基本炼不出来掉落也少，数量不多价格本来也便宜，估计扫个一万块的货就能当盘主了",https://tieba.baidu.com/p/10309102393,3,这是哪位高手的项目
"玻璃心的一定程度了打个死斗和1v1也要鞭。
你打前三嘲讽他不就完事了
死斗谁鞭尸啊？不怕被偷背身吗？
玻璃心的是你吧，死斗被鞭都受不了",https://tieba.baidu.com/p/10270837000,4,现在的人是真有病
"饰品就像是放置的猫娘，我喜欢就上号玩两把，不想打她就只能乖乖在仓库里躺着
她们已经离不开我了
给我用用猫娘
什么叫套牢，买到自己喜欢的皮肤不是好事吗，天天看着uubuff上面的价格坐立不安吗，那我建议还是别玩饰品了
黄昏见证真正的信徒，CNCS会奖励每一个被套牢的玩家，不信你去问问套了两年多的荷鲁斯玩家
翻译:买到喜欢的饰品了
套套我的",https://tieba.baidu.com/p/10308934120,7,好喜欢被套牢的感觉
"现在看上了3把本来打算嘭加一个生锈锯齿，但感觉渐变和屠夫尼泊尔也不错。有没老哥给点搭配建议
锯齿，尼泊尔手感贼拉胯
我还觉得尼泊尔切刀骚骚的很爽怎么这么不受人待见
我自己是尼泊尔屠夫加的嘭，只能说能看但不是很搭，其实锯齿的奶白色手柄是真的更搭一些
尼泊尔吧，大便涂装恶性自己，渐变嘎嘎亮看的很舒服即便是杀猪刀也无所谓
我就是尼泊尔，打狙切刀手感挺爽的，虽然比不过屠龙但是渐变尼泊尔反光看着很爽就像大芒果一样，看你个人喜欢炫还是单纯切刀手感（我是觉得尼泊尔切刀非常爽的）
硬要选就渐变尼泊尔吧，锯齿塑料感太强了
原版也行 1030 考虑一下
无脑冲渐变尼泊尔就行，目前价格也到位了，这把刀真是弟弟刀中top存在
老哥们如果选屠夫或者渐变之色有什么手套好推荐呢尽量便宜点，谢谢老哥们了
这个价位尼泊尔是唯一真神好吧但是我真觉得尼泊尔渐变很一般，更推荐op。锯齿也很不错但是得上高端点的涂装，价格跟尼泊尔就不在一个level了",https://tieba.baidu.com/p/10305951413,11,弟大的老哥给点建议
"货多的倒狗跑不掉，拉一下让之前割肉的都撤回，封30天倒狗自己好出货再简单不过的手法了
马来🐒椰棕",https://tieba.baidu.com/p/10174041492,2,这波很简单呐
"亮点总结：一、在5E有所谓的神权，不怕扫盘；二、打过PNL线下赛，甚至进过8强；三、进过莱山会并差点被举荐打5EPL；四、5E、完美、face it 目前都没有被封，可以线下自证；五、常年5ES+、完美魔王S，但是号卖了；六、明年还要打线下赛；七、用的7万所谓GL战队同款软路由外挂5E ID：Douyin-JiuBei0427完美 ID：贼人陷害
你们5E和完美敢封么？！
打了很多又删，不知道说些什么
无人在意，开下一把就是了
无所谓 游戏而已 认真你就输了 不要户口本的人太多了
大环境也就这样了
没有老冯子的 g✔太多了
跟他争论没有意义。平台都不封，哪怕你说他是挂，他承认了都没用，他还是能继续开。国内环境就这样，太差了
第一次见这么多图的
?亚军GL开软路由挂？啥意思？都线下了还能让你把路由器换了？
我了个，19年刚玩的时候，就经常见你在5e论坛抓挂
确实是挂还不会演，完美12月10号 18:43的他拿MVP那局，第二小局我就绷不住了，跳草车跳了三次没跳上去（这时候已经浪费很多时间了）还切刀前顶真不怕别人侧道大脚步顶他啊？对面vip没跳上去人家往中路反跑静步去的旋转楼梯，他既不看t二楼也不看中路，直接准星瞄着静步的t从vip摸出去，神人一个，打完之后立马切刀走旋转楼梯（不怕别人菲侧道＋他直接vip下往中路跑），这不是开的我真的服气，这游戏理解相当于开透视了
很好奇这些人的心智是什么样的
一说就急了
顶一个，这种纯属开挂开出幻觉了。
图有点多，但还是要说一句挂钩***
挂钩家里亲人都可以不要的，你很难说得过他
这种人那只能哄着他，多买点饰品，万一秋后算账给他全搞了他才能老实，不出血这些人是不会心疼的，说白了这些人本来就没有基本的礼义廉耻，你封一个号他没东西换个号继续开没啥意义
这是什么瓜
看我主页 那个c+ 上钻s 被我猛喷 现在还没封
管他干啥。 他又打不了major，还不是跟我们一样路边一条
cncs真没未来了，这种挂🪝连导购都不如，导购好歹可以引流
开挂难道不是中国科技强大的一个体现吗 这也说?
挂钩太多了，搞的很难分辨，我也就 b+，打完美 pro， 看 s 哥的视角跟锁一样，非预瞄锁头，连打几个，平时看比赛也没这么离谱的，对面的 s 也是准的很，就是会神一把鬼一把
玩机器干的
开个b挂给他能的😂 刚开始还假惺惺要点脸后面直接拒绝开挂羞耻没绷住 这种区怎么拥有道德的
来个id我去看看
可以去抖音搜 cs2时光 把比赛录像邮件发给他，他鉴定是挂后会提交给平台，平台审核后会封他
太长不看，挂钩4000+
现在开挂的人都这么理直气壮吗？
@_姓余你的部下?
想起来这个人还来骂过我，不知道是不是高仿号
挂钩sim
不知道为什么挂钩不但爱开，还爱跳脸嘲讽。我自己没精力上分，现在就是天天泡休闲，甚至见很多回休闲开然后跳脸的，搞不懂这帮玩意啥想法，隔着墙远远定住人头了出去也没急停明白，打死了就在公屏ez
贴吧宣传力度不够，建议你发到b站抖音，联系联系主播这种，挂狗落水必须痛打
国服死斗遍地挂壁机器人 活人也就一半左右 谁管
cncs永远就这样了，鱼塘都算不上，只能说是臭水沟
一样碰到过，一个月前紧着打蓝服役勋章，想赶着看能不能赶年底打成紫色。就死斗碰到这么一位，MD整个房间9成都是那种旋转颗秒脚本，这孙子把把打第一，完事也不管有没有人理，就搁那评价上了，还嘲讽脚本。然后房间有几个人包括我就说了，开了就开了，你安静玩不就行了，你搁那装个蛋，这孙子就开始了：什么，那我要是开了我****，你们没开你们****？公平合理。我们这边就喷了，****呢，学没上完回学校，不会说话就找个猪圈报道。脑残就赶紧治病，还有人说，这B就是个孤儿么，他又不担心他开了他没家人。MLGB，挂狗还TM装上了，然后这B之后一段时间打匹配图又给我碰上了，到处人还没见出来就颗秒，我尼玛职业哥都没这种能力，预瞄点不是预瞄点，提前枪位不是提前枪位，就俩步三步距离出来就颗秒。完事还什么脚步都漏完了，能不是被一颗带走的？？反正你继续B叨么，暴露的越多，越证明你是个弱智挂狗。这种人太多了现在。
开服务器是很大一笔开销的 又不收费 靠什么盈利呢 用屁股想想也知道
只有挂才跟你叽叽歪歪
谁啊这是
图太多了
平台才是最大的外挂经销商
为啥封号？你见过哪个人针对自己人啊？
开🐶说什么都没有，一个个都嘴硬，又不是第一次遇到这种，实锤他是挂了，还在那菜就多练的叫，太多了，这游戏我都不怎么玩了，挂太多，还封不掉，天天更新都是饰品方面.....半退游了
挂狗是这样的 嘴上反驳心里都快急死了 我之前打瓦别人公屏鉴挂 我还要多穿几次烟看看能不能更恶心一点
世一开还是职业呢
你跟这种脑瘫议论能获取什么吗，是能把他骂死还是能自己心里得到安慰，几个头部都是不干净的更何况这种路边一条，跟这种脑瘫议论不是纯浪费自己时间吗，有这个时间多开一把都能把分打回来了
莱山会是什么玩意？怎么进个游戏群就这么膨胀吗
不是，我以为全国八强，那个城市精英去打一把就给了这也能装",https://tieba.baidu.com/p/10288410157,50,作弊就作弊呗，嘴硬的很，今天终于承认了，还爆了个瓜！
"出直购刀皮
已经很久没听到吧友们喊人民的V🐍了
配匕首➕殒命大厦，已光速跑路
.drop
不利于燃的话，不要说
武库要出刀了，五张通行证200🌟抽一次
蝴蝶刀商城200清仓大甩卖",https://tieba.baidu.com/p/10308380028,7,年度报告意义明确的小标题
"5.4的rating谁绷得住
打个a➕局扶木在天上报点，糖的一笔但是就是能赢，看了看官匹是开硬锁了呗
这完美你就打吧
过一段时间看就PAC了，这包挂的
正常人炸鱼最多打个三点几rating，官匹不开不可能有这个数据的。
挺正常的 白银都是cd分段的 a+随便虐啊
不好评价，官匹的神是吧",https://tieba.baidu.com/p/10270795486,7,不懂就问这是完美绿色玩家人均水平吗
"放到我这保管着
没事 你cmyk会平账的
这么喜欢哲伟?
学生你买紫薇贴纸？
偷鸡不成蚀把米正常玩家除非是官方利空 正常也就10%左右跌幅
不是 你12号买 就算夺冠你也是亏啊 比赛打完都是暴跌
自用不亏
要赌也是决赛前7天买，你这就算夺冠了也是亏
哲薇这头猪贴纸再涨我也不买，看到我就恶心🤢🤢🤢
活该你挣钱兄弟
挣钱时候想到自己是学生了吗
不是买到喜欢的贴纸了吗？
愿赌服输
自用不亏
拉上比你更唐的同学，告诉他你是紫薇金贴盘主，给他看拉涨的K线，准备分底仓给他带他美美赚钱，cd到了出给他
你是个勾八
谢谢你
没事你也可以是空中飞人
这不是你喜欢的选手吗
华尔街之狼变成华莱士之犬了
快撤回
本质一坨🐶屎
年年做年年错
年猪过年前的回光返照
全是追涨这辈子有了
45收了给你回血
花钱买教训咯
你这购买记录真让人开眼了 终于知道导购拉升到底在赚谁的钱了
追涨贴纸纯韭菜，cmyk也暴跌，你真是亏麻了。
你不是买到自己喜欢的贴纸了吗
真有人买啊
继续加仓，相信市场，亏了我给你补
搞不懂  这头猪偶尔高光一下 平时不看比赛吗？
钱放身上是会痒还是咋滴，非得去送啊
赚了是华尔街之狼，亏了就是学生是吧
全部丢求购然后冲瓦里
我算是知道导购赚的谁的钱了
480买紫薇也是神人了
自用不亏
我前两天就在想什么sb会追紫薇贴纸
真有人买斯拉夫低能未开化野猪贴纸啊
donk金贴稳定之后也就300出头，你这花300追哲伟金贴有点儿抽象了。
cmyk拿稳吧 我看好后续
不好意思发错了
赶紧撤回啊，直接不玩了
交学费呗，还能怎么办
捏着吧捏着吧
吧主禁倒货贴也算是救人一命了
喜欢看这种帖子，喜欢买，爱看，嘿嘿
没事，等明年新加坡干回来，狠狠的吃
真当zw是马西西啊？就勇了一把就敢买他
你不会就只看了一场比赛吧
我说被谁买走了呢
不赖等紫薇被下放然后贴纸爆燃吧
恭喜，roll吗
赶紧卖哥们，酒精要回1500了
依旧华尔街之狼
这下可以学死了
改购入价就行了，然后自己打一发，就当洗脚了
没事，再加三个金zywoo对冲一下
这么久终于见到个好玩的帖子了
没事，等紫薇下次major惊天爆c，rt1.8带领绿龙夺冠，你就能解套了
你是学生妹的话还有机会
赚了是华尔街之狼，亏了就是学生是吧
蠢得没边了
说白了zw这外貌条件除非他有巅峰老猪的统治力，不然贴纸**都不买
这下好了，彻底套牢。不要买这些小喽喽的贴纸，提前买明星贴纸啊。
买哲伟是什么猪脑
没事，就你这脑子迟早也会把💰送光，早送早享受
不如买🍌
吃麻吃穿吃炸
亏的时候就大学生，涨疯的时候就华尔街之狼了
猪头肉贴纸都敢买 买两斤白酒加菜吧
恭喜roll吗
一想到你买这些贴纸后悔的表情就怜惜你，但一想到紫薇的那张🐷脸我的脚就忍不住想往死里踹
讲真你买这贴纸还不如去抄奥斯丁
买到喜欢的东西了
赚就是巴菲特，亏就是学生
没整明白，你到底是玩buff还是玩CS2？紫薇0.96rating贴纸能高到哪里去
别怕，猪八戒被贬下凡了，等经历完9981难，到时候回来带你吃麻吃炸吃串
买之前怎么没想起来自己是学生呢
30收
自用不亏啊
赚就是巴菲特了
撤回吧，还能保本
赚钱了你就是华尔街之狼赔钱了你就是学生好赖都被你占了是吧
买紫薇你也是神了。
讲真，马西西爆发可以说是一个奇迹，但是紫薇八强爆发敢赌他能爆发到决赛的也是神人了而且认真看比赛就知道，不是紫薇有多强，而是猎鹰足够犯病，两个5杀ace就是猎鹰在纯送尤其是沙二b点那波，看都不看紫薇一眼
没学好的学生，咋办，凉拌
我也是学生
好赚兄弟，别听他们的，我希望你明白一个道理，后面忘了。
追涨这种贴纸，我真要骂你一句傻鸟了
相信谁不好
12月12你可不是这么说的，你非说自己是巴菲特
take it
666亏的时候就是学生了
高买低卖
学生买什么印花",https://tieba.baidu.com/p/10298383774,98,怎么办我还是一个学生
啥笔完美一天天不知道在优化什么,https://tieba.baidu.com/p/10309150923,1,有人注意完美手机端app查历史段位功能被删了吗
"碰到四黑了，打一半给我踢了咋回事，1w7的局
官匹和优先四黑踢不了路人，你是干了啥惹了众怒被至少两伙人一起踢的
不会打字说话打暂停啊",https://tieba.baidu.com/p/10306860782,3,优先匹配怎么能踢人
"我这次major 三阶段忘记做作业 四阶段全对 刚好拿了个金币
你就这么喜欢守银呢
纯随机都可能比你好
我是三银一金，上海拿了金币，donk拯救了我，这次电脑花了前面中间两个阶段都没选
哦？是吗？
老哥你决胜阶段能换包吗？为什么我的还是不能换，是本来就不可以嘛",https://tieba.baidu.com/p/10305197110,6,应该没有比我更懂CS的8U了吧
"看延迟是组排的吧？商量好坑队友随便打打聊天的？
elo了？
我遇到过，4排的，然后集体断网了，不知道是不是一个宿舍的
对面也差不多了
我官匹就是，有时候匹配到四排的（仨带一新）给我打的闹心的一批还一句话不说
这才第五局，半场战绩看一下",https://tieba.baidu.com/p/10297804446,6,请问我上辈子犯了什么大错，给我匹配到你们
"想给ak血腥运动搞个4连，全息 闪亮和金色怎么选？试了下buff预览，看不出太大区别w有没有贴过的告诉下哪个效果更好？
你可以印花搜枪，找到你想贴的进去检视看效果
buff有印花模拟，电脑上也有模拟印花生成皮肤在游戏里面检视的网站，可以试试
选闪亮，这种属于电镀皮吧，这种还是闪亮搭配，像那种游戏里边不亮的选全息好看点，闪耀不做评价",https://tieba.baidu.com/p/10260047482,4,大佬们闪耀全息金怎么选
"其实如果按照之前的情况下去，市场依旧会崩盘。1是当时市场上的主流饰品已经炒无可炒了。2是由于市场热度过高以及千百战饰品积压过多，租赁行情已经烂完了。要知道cs市场能做到现在包租公的功劳不可忽视。如果租赁市场彻底崩盘那后果也会非常严重
何意味
何意味
当时的繁荣全是表面的，背后已经是乌云密布了。一但租赁市场彻底崩盘那cs市场完全可能一蹶不振。v社看出了这一点，主动进行了改革
何意味
终于有明白人了，导购趁着那次机会大洗盘，然后继续拉。不然末日前价那么高，已经拉不上去了，怎么低买高卖？
v社和导购是一伙的
涨回来了现在懂完了 那时候抄底啥的被嘲讽成啥了
你在想什么，市场怎么样v社又不关心他又拿不到钱，他只想变法子卖你钥匙和武库，合成也是想让你多开箱子去合成，别幻想这个那个了，市场永远是勇敢者游戏，瞻前顾后啥都没有
以前红也分好的和炉渣 大家不是接受量大的炎龙星使吗 至于另一个好红被炒上千元是导购的问题 18年到去年好看又老的主战也有很多选择了  本身就不应该花钱租这些 三位数自己买 四位数咬咬牙或者找下位去呗 屯着租➕炒赚钱成本还就几百一千一把人人都知道可不踩踏价格
v社只是把末日提前了，v社不更新还是要人为末日的
怎么说
消耗了红减少了后台数据流通增量，其实不失为一种数据库和磁盘存储的降本方法
uu带头在24号砸盘吸货呢，当时库存有红皮的你炼出来看你卖不卖，正好吸够
加仓!
今天都是唱衰的，加仓
现在也就收藏品和一代能看了
别光事后诸葛啊，这么厉害预言预言v🐍后面有什么动作呗
末日不存在的除非这狗蛋游戏没人玩了",https://tieba.baidu.com/p/10287439921,19,五合一更新更像是重新洗盘
,https://tieba.baidu.com/p/10307494461,0,半夜睡不着想着换把狙
,https://tieba.baidu.com/p/10282249752,0,为啥平均1.35的raiting能一直输
,https://tieba.baidu.com/p/10305340931,0,关于斜急停
content,link,reply_num,title
"这操作和淬火哥如出一辙
蚌埠住了，还在继续，估计要5块5块加到1000了
自娱自乐这一块
淬火哥可不会五块五块的加
淬火哥一上来就一个人家看不上",https://tieba.baidu.com/p/10306797869,5,喜欢开小号给buff交手续费？
"给个评价
来嘛 看看大家的
come baby
黑豹输了没想到
小蜜蜂圆我的金币梦了，前几轮全错就靠决赛。两三次都是银币了
决赛相信faze，但是有金币了
卧槽 先知
你这都没买啊
妈的第一轮过了第二轮没过第三轮过了，本来想保个金币吧，结果八强我放了猎鹰 小蜜蜂 黑豹 老鼠，差一次就能金都死了，后面半决跟决赛也都是一路猎鹰跟黑豹",https://tieba.baidu.com/p/10302527417,9,怎么样有谁和我一样？
"假如我组一个指挥 glalve狙击 s1mple突破 dupreeh自由人GeT RiGhT辅助Xyp9x一队jame指挥donk突破zywoo 辅助ropz自由 monesy狙击二队双方在major相遇且都是巅峰水平哪只队伍会赢
好久没听到get right的名字了nip传奇，感觉你赢
你同学乱杀你，donk的数值太恐怖
清朝老人就不要拉出来了，cs的战术永远在进步
有点关公战秦琼的味道",https://tieba.baidu.com/p/10303760721,5,我和同学组的队伍哪边更强？
"This XML file does not appear to have any style information associated with it. The document tree is shown below.
我记得是不能立刻下载的，需要等一段时间，还有七天后就不能下载了这个要注意一下",https://tieba.baidu.com/p/10306973331,2,官匹当天的demo无法下载吗
"这把对面队友四排，结果对面说我是透我有一把看样子队友要夹A了，我在B2楼随便穿了一下下水道想走，结果直接把这个niko给穿死了。b2楼还有一波他藏右边拉timing打不到我，结果直接被我偷正面了最后赛点又给他四个爆头真不是不演了，主要是两边马枪半天没中结果我走着给对面头全爆了。输了一晚上没想到最后一把是这么赢的
真玩的有点变态了",https://tieba.baidu.com/p/10307008838,2,这个niko头像id北奚的兄弟真倒霉来的
"最近玩着玩着突然掉帧，然后鼠标灵敏度突然变得特别低，过个一两秒不卡了就好了，而且只在学校的时候会这样，这是为什么
66666666666
驱动更新了吗",https://tieba.baidu.com/p/10303933995,3,最近玩着玩着突然掉帧，然后鼠标灵敏度突然变得特别低
"载孝子魅力时刻，我都不敢想载物19年要是直接退役了，会不会被吹成概念神，概念top1
ropz今年不来zywoo风评依旧是好的，冠军粉的恐怖之处，去年的集美和娜美全变蜂美了
就19载那点荣誉拿top1可以算偷了纯纯cjb，跟18岁的donk比就是路边吧
这么明显串看不出来5级蓝牌ylg真不赖",https://tieba.baidu.com/p/10216388036,4,蜂美都这么变态吗，donk1.0rat以下都来了…
"就最近两周，cs2有时候突然鼠标就拖不动了，左右键也有延迟（但侧键没有），换鼠标试过，要卡一起卡，不卡就都不卡了，没有规律，有的时候刚进a大门就卡了，有时候30秒才会卡，一般下一回合就好了，这是什么问题，配置是5700x3d+华勤b550mprose，4060ti
1473776022
会不是供电不行？电源多大的？
驱动更新了吗
解决了吗哥，我也是最近突然这样了",https://tieba.baidu.com/p/9283811850,5,cs2有时候鼠标拖不动
"虽然是一个月前入的坑但是瘾大火速来到了91小时，一开始定级定的就是c＋，刚打几把完美就都差一把上金c＋了（当然都是红rating纯被带赢了几局）然后直接掉下去了，到c之后摸爬滚打了好久昨天才回c＋（我这局一开始掉线了三回合，还是后面对面一下挂机了三个才侥幸胜利）在c段的时候见第二张图，绿战绩很多，还偶尔能拿mvp，以为自己是顿悟了行了，重回c＋是真的老实了，根本打不过对面，今天开始每天打300个bot练枪了
中途我还以为是自己手感问题，但是开了把死斗打了第三，点小球也没比平常慢，才意识到纯菜不是手感不好本质彩笔
正常水平，等变成绿色了会加点强度",https://tieba.baidu.com/p/10306958903,3,我这是不是来到不属于自己的段位了啊
"ak崭新火神0.4磨损高价津贴
这要是贴在我燃喷上得多帅啊",https://tieba.baidu.com/p/10306965980,2,换把刀或者出了
"cup我估计挺大
都还行啊，指挥枪法本来要求就不高。绿龙最大问题在细弱和紫薇，超破反而不是最大问题",https://tieba.baidu.com/p/10306990208,2,如何评价超哥cup和枪法，cup不行枪法有没有说法？
"1🇷🇺 DONK2 🇫🇷 ZYWOO3 🇧🇷 KSCERATO4 🇪🇪 ROPZ5 🇬🇷 XERTION6 🇰🇿 MOLODOY7 🇷🇺 MONESY8 🏴󠁧󠁢󠁥󠁮󠁧󠁿 MEZII9 🇷🇺 SHIRO10 🇱🇻 YEKINDAR11  🇺🇾 SPINX12 🇧🇷 YUURIH13  🇺🇦 BIT14 🇹🇩 IM15 🇲🇳 SENZU16 🇷🇺 KOYOSUKE17 🇮🇱 FLAMEZ18 🇸🇮 FROZEN19 🇮🇱 HEAVYGOD20 🇹🇳 XANTARES
野的不能在野了
野完了，合着modody就赢几个小孩就比小孩还高，niko连影子都不见了？",https://tieba.baidu.com/p/10307007929,3,这个榜单非常好
"真就是💩臭到一定地步都有人买?流金王朝这个模板很吃磨损吧。但是我这个在uu也是能排进前三的高磨，不知道这种有什么意义?不过大运来了挡都挡不住。后面18个千瓦又出了不少好东西。
虽然说物以稀为贵，但还是主要是这帮导狗炒起来的，实际上就算是世界第一低磨跟普通崭新也看不出区别
苏哥喜欢这种高磨损饰品，你可以联系一下他",https://tieba.baidu.com/p/10274128250,3,话说这种很吃磨损的皮肤高磨还有人要?
关于donk stay这一块,https://tieba.baidu.com/p/10307116597,1,donk又stay了
"刚接触cs不久 起因是因为有一回合没打赢对面eco 这个人就一直在鞭尸 接连两回合一直都是 后来我们鞭回去 最后因为残局没打赢输了 这个人就开始打字嘲讽  我们家的队友虽然也是新手但是也很努力 这个人就一直说我队友菜 我赛后想拉他11 到现在还没同意我好友 还把私信关了
无视他",https://tieba.baidu.com/p/10306998979,2,遇到这种人到底怎么反制
"兄弟怎么回事本来很流畅，现在走路都一卡一卡
就字面意思",https://tieba.baidu.com/p/10306406995,2,驱动程序版本过旧啥意思怎么办
有什么解决办法,https://tieba.baidu.com/p/10307163643,1,完美的demo没开优先的人说话听不到吗
"刚才还等待确认收货呢，再看uu直接给我封禁了，还加了饰品cd
啊，什么情况，你看看是不是被对方取消报价了
就是steam异常了，找客服申诉解封吧，不过steam重置冷却就没办法了
有没有steam库存交易记录，看看?
也可能是steam刚好在那瞬间卡了，你是眉笔，数据刚好回溯，正好10点30分附近的事情
我之前出东西的时候，手机令牌报价都确认了，东西也不在我库里了，uu却告诉我取消了报价，去steam也看到报价取消了，直接心态炸裂，过了大概十几分钟重新回到我库里了，平白无故加了7天多的cd，只能自认倒霉
我也是有过一次，被对面取消报价，东西回来还多了七天cd
Steam数据回滚导致饰品重新回到库存并且有了7天CD",https://tieba.baidu.com/p/10270977101,8,什么情况无缘无故加了七天cd
有没有老板看上的可以私密,https://tieba.baidu.com/p/10299564585,1,西装革履手套
"再见了大型猎物
黑手套+黑珍珠 真没得喷了吧
反正达利园爵士是不能用了 摩托配漏手腕太丑了
以前玩过日蚀所以不考虑
鉴定为：一坨💩
黑珍珠还行，手套不如烟雾弹终点线
不错看到1万
导购选品确实不需要审美，只需要炒作和情绪
一坨大便，看着都恶心
不错啊，这蓝钢什么模板的这么紫，战痕70以上吗
你选了个啥啊
第二张图是蓝钢吗这黑手套连夜行衣都不如
这蓝钢啥模板
这是蓝港？我还以为伽马
无斑蓝钢
咋都说是蓝钢，这不是黑珍珠吗
这下知道都是哪些人在买一代的弟弟手套了
这手套21-22年还是配黑压的平民套，令人感叹
🧺格子好看可惜是二代
真有自用花大价钱买一代的💩？
这玩意我以前1100买的极限酒精，然后今年5.1卖了
真敢这个价接啊这玩意是纯空中楼阁
都在加仓?在售少了一大截
以后大型猎物都没得用
这么贵你还买啊，一代手套
这手套确实挺好看的,应该不会摔死.俩织物我是真想不到谁接盘
冷门刀皮搭配小众手套
搭配大马士革干或者黑鸭
我没点进来还以为第三特种兵连
很有审美啊，一代细节挺不错的，配黑珍珠是对局里看到会赞叹的组合
等哪天一代金箱子你这手套跑都跑不掉
这手套感觉搭着不是很适合，楼主试试那个紫色的多边形（社区服）
不如原皮手套
还不如二代的嘭
倒货就倒货，还来碰瓷自用
不考虑价格，个人觉得黑珍珠其实挺好看的
比血猎焦炭啥的好一点好一点
这个配红线和自动化 深红都还行
摩托手套鼓个大包真难看
昨天一代是崩了一次吗",https://tieba.baidu.com/p/10298310832,40,为了以后更好的生活 只能含泪选择一代手套
"炼金给脑子炼坏了还是有什么配方必须要酒精
这个怪像前两个星期就有了，不知道为啥
有些枪久经存世量特别低，这个不清楚
锁磨损了
开箱网扫久经，好像是
酒精容易出多普勒
五个酒精必出宝石刀
导购是不玩游戏的 谁说久经不能比崭新贵
88dog炼金好像全是久经的",https://tieba.baidu.com/p/10297357581,9,什么情况 为什么酒精比略磨崭新都贵
"先放两张图，注意时间4月初和5月初
然后就是我们6月初的。
6月初，群友发现sakula再朋友圈卖8900 ，5080主机。理由是展台机。要7月发货。部分群友上车，后续10号，说是还有机子，也确认本人，遂上车。
本着相信，一个月未催，7月初群友去问，理由是发不出要降配置为5070。后续去问他，让我加他大号，而且还得等，索性要求退款。
后续就是疯狂催他退款，各种理由慢慢拖。不问不回，和我说下个星期结完，别人问的晚就往下推一个星期
催到25号还想拖
25号晚，vx朋友圈屏蔽我们卖5070电脑。高潮来了，明明发不出来电脑，晚上私信我们群里的人，问买不买电脑还特意确认了遍配置，5080！直接捶死
爆他不是为了让他发5080昂，也不想要他所谓388补偿。md发不出来大家也认，退个钱一直在骗。现在开始割下一波了，大家小心吧。
聊回饰品，byd当初为了上车卖了贴纸，不卖购买几张5080了
有意思的他拉的装机群这个kikoo（改名了）转账后缀也是波
好几年没看他了，没想到再次刷到会是这样的形式，难以评价
cy先
ok这个帖子回来了，就不重新编辑了
cy 波哥现在咋这样了 等个结果
dy哥们388就删了？我是实在被恶心到了
超级小波，只坑兄弟
等我波哥一会
超级小波
这样骗钱是想进去了，抖音那个刘大林不是电脑诈骗进去了
买电脑我选择波呗
大主播为啥要这样败粉丝啊？
超级小波:哈哈，看到水友好像还有疑问，波哥免费给你们的ak升级成咖喱
啊导爸爸我支持你，爆他
Sakula吴润波，前CS世界冠军wNv战队成员，现为B站电竞评论领域的知名创作者，截至2025年03月31日拥有23.2万粉丝。冠军不及玩厨的一根腿毛吗
那个圈子里还有没暴雷的吗，半山单摸警家，茄出开桂，还有几个吃菠菜的，现在又开始骗钱，太秀了。
好久没看他了，没想到这样的方式再一次看到他
我在他微博抽奖中了两张ropz的签名卡，他给我发了一张broky的，我问他要补偿他也装死不回
超级小波:哈哈，看到水友好像还有疑问，波哥免费给你们的 5080 升级成 5070
到底是厂商有问题还是sukula有问题，我有些笨没看出来。这种老牌主播应该不差这些钱吧，我印象里他roll好多螺狮粉
惊了这人是谁
缺現金流缺成這樣嗎 他是搞啥了
都是割们
感觉不如茄割
5080没有禁令都要骗，还以为是4090 5090。
吴家两兄弟
看这样子要暴雷啊？ 在这帖子之前我还挺觉得他人挺好的  人气没别的几个人高  但是解说也比较纯粹    还有什么故事会  之前还中过他的螺蛳粉 现在成这样了
这是卖螺蛳粉那个吗
ウェーブレット:ハハ、水友を見るとまだ疑問があるようですが、ボゴが無料であげた5080は5070にアップグレードされました
补两张捶死的图1是25号我找他退钱，2是25晚找我们群里人买5080
必须爆出来，太卑劣了
主播看看打游戏就行了，别追星呀。
暴雷了，借新还旧
这种  不退你钱 报警都没有用 合同纠纷
再锤咯，所谓拉组装机客服（可以往前翻），刚试了转账。哈哈哈哈哈哈，已录屏的。
顶d=====(￣▽￣*)b
我去 我初到高中还一直看波哥直播呢 几年不见怎么变这样了
原来这些人都是那个B样，没想到啊
我和你说我从最开始lq里面我最讨厌的人就是sakula ，他们有一次在无锡 我想找人签名 茄子qka 还有玩机器都很亲民 很容易就要到了，这个sakula必须是房管或者是刷礼物才签 躲着路人粉的， 冬瓜那时候比较腼腆和阿胖在一起没好意思过去要
以前还经常看直播来着
现在5080还缺货吗不至于吧，这怕是干了啥见不得人的事没钱了缺钱吧
真roll的也就蛋和玉麒麟了
这事要是真的也太爆了，以前刚入坑比赛就看伟伟，后来他天天尬黑人身攻击zywoo我就不看了，后来也因为女老板的事塌房了，游戏就看sakula，结果也爆了，我知道sakula这两年直播做的一般，去了🐯牙以后情况更是急转直下，直播间没几条弹幕，我发弹幕也经常不读我觉得无聊后来也很少看了，我觉得像他这样有直播基础的人做成这样真的挺令人唏嘘的，本来努努力是能做回来的，这种坑蒙拐骗的事还是别做
这不是纯cs吗，直播那么多年做不起来还是有原因的，心眼子比谁都多
脸都不要了，他现在在哪直播？
话说现在5080+9800x3d一套多少米
波哥不是卖螺蛳粉的吗，啥时候还跟茄子一样卖电脑了
以前听他讲话声音和态度就已经不适感了
我这里也有证据 确实很恶心。 只不过钱退了 我没说啥了  白等两个月 要不是我强势 还在等 现在还有人在等
他是cs正常，关键吹水群里有个内鬼更畜生，天天宣传叫人入坑，还有一群托
真恶心啊
柳州都准备破产了，身为柳州博主圈点米救济一下怎么你啦！！！！！！
这下真的爆了 那些主播一个都不发声哈
我们波🈹还是🈹全套的说是3300🈹2546k
超级小波
目前已知波🈹发货了一台，（改配置，补钱），但是波🈹还🈹着他一台显示器。估计一共发了两台。
这感觉骗你们钱补他哪窟窿去了吧
发了货的哥们只有机箱和显卡有原盒
最开始圈钱的时间和前段时间股市牛市起伏那一段时间差不多，估计是炒股爆了想圈一波填窟窿，然后再补回来发个福利红包这事就过了，现在估计是被牢牢套住了没办法，压不住了
前几年开箱送螺蛳粉挺火的啊   现在混成这样
超级小波
我看小吴也有在抖音直播，然后讲他那个什么螺蛳粉店被资本做局啥的，钱亏了很多啥的
@_姓余
波🈹是不是和你们粉丝解释，我爆他是因为退款补了388，没退的他补2000发机器羡慕的趟口水
只有富哥受伤的世界达成了
这代5080是旗舰规格对半砍了，个人觉得要么70TI，要么一步到位90
够变态啊，自己粉丝都这样整，搞毛线呢
看来是这些年赚的都败完了，我说实话lq这几个出来就冬瓜强美美赚钱，可能是冬瓜老婆学历高吧，这些没读过书的网瘾少年没有多少个能把握住的，茄子🍆纯败家他老婆就更不说了
波🈹最新定了13台，就付了5台钱。恭喜5个幸运儿。估计要开始洗一下子了。
波🈹，知道你在看，赶紧退钱吧，不是说小群里的都退完了吗？怎么大伙也就退一半，一天卡只有5w额度啊。
斗鱼走了之后就没再看了，之前一直卖螺蛳粉就感觉不挣钱，在斗鱼就没什么人看，不过感觉应该能维持生计，现在离婚了？到底遭遇什么变故了，成骗子了
老老实实做生意，你发不出来说实话呗，觉得亏钱那就退款，我也没硬要5080啊，搞tm退款退一个月，还有退5个月的。真没一句真话
这波炸了
超级小波
楼主也跟我私下交流过，我觉得这个其实好像都可以报警了..
983+5080才九千一看就知道是假的啊，如果按个人买叠券的价格算的话，非丐的5080单卡最低的时候也要九千多，甚至长期一万出头，还要倒贴个983主机也得六千块，这厂家出给总代的价都没这么低
密码的，塌房大行动是吧
我卧槽，我也是6月底那批，现在还没收到
这什么大手？几个了？
小波这按说不应该啊？
抖音粉丝群是6月份说的8900展台机，没想到是骗人的好像螺蛳粉也干不下去了，人家买的好久都没发货
商业秘密
5080显卡，多少钱，人家不会闲鱼查？？？
6666666666666666666666666666666
哎 失望了 都是骗人的
小波现在混这么惨吗，都开始割粉丝钱了，好久没看他直播了，估计真快混不下去了
冷知识，第一批是4月，当时心动了一下，现在看来，还好理智占了上风。
兄弟，我也是受害者，怎么办？能联系一下你吗
哎………
就是集资嘛   只要一直有新的上车 拆新的补旧的 他永远都有活钱了 估计是赌了
每天一个顶一下，受害者来集合
其他的人的不太清楚，不予评价，但是我是收到了，波哥给补了2500
正常这么多年了房子车子早买好了，直播养养老就行了，搞这种纯诈骗估计手里钱都du完了，想多搞点现钱翻本呢
很明显他现在现金流已经缺失了，只有割新韭菜填坑啊
@敌人失衡cc哥们看我物流信息，到了广州直接拦截下来，他还在骗我，说我的电脑在广州没回去武汉，实际是他没给钱，然后他选的几个人拦截下来
我也下单了
我也下单了，看来是被骗了，楼主价格联系方式
我目前还没退款
每天点草吴润波
有后续吗，不如发个视频到抖音或者b站给他上点压力
后续如何
@佛仃给你看他退款前怎么推诿我的，还是我说报警，才退的
每天点操波哥顶帖
我要到现在还没退，难搞
有维权群吗我也有两台还没退，好几个月了
一帮呆瓜真以为波能上岸？有的等了，这明显就是以低价电脑卖高配置电脑为由，吸取粉丝大量资金填补他自身窟窿，现在好了生意没起色，电脑还发不出去，只能拆东墙补西墙，这种行为就是fei法jz，证据足可以踩缝纫机了
666
66666
9000就想买98X3D+5080?
四月中入的，一直拖，现在咋搞，问他退钱也装死不回
点🌿波÷
我波哥已经不接电话，微信也不回了
哥们的98x5080刚出来的时候买的，就算是耕升显卡都得两万，九千块是怎么来的，偷啊
报警啊，这金额随便立案了。
贴吧有时会漏看，回得有点慢。私信我的留意一下
66666666
666
有规模的主播混成这样，多少得沾赌吧其余的就更不好说了
哈哈哈我就是你图上那个在小黑盒发的，天天催，催了nm快一个月才退款，估计我那时候还早，这后面看起来更难催了啊
这b真的假的？
都混成骗子了吗，太low了
6666666
很多瓜我还没放，看波怎么解决这个事吧。他现在这个态度..压根就没想好好解决。
放点瓜出来
666666
点草波畜。波畜每天都在看这个帖子，笑***了。
我还有他好友，当时看见他发这个信息了，不过我两个礼拜前就配完电脑了，不然真买他这个了
666666
66666666666666666
啊，硬割韭菜啊
这不纯诈骗够立案了吗，小波竟然是这种人
当初还在斗鱼比较火的时候卖降尿酸茶 当时好像要几百元 无就感觉太贵了，没想到这会落魄到这样了，感觉也不至于啊 他好像是柳州的吧 以前看这帮人直播的时候 家境个个都不错啊
现在还是联系不上吗？以前在斗鱼还他16级牌子，第一个送飞机的人居然也塌了
又是点草我波哥的一天
兄弟RA贴纸卖飞了啊
cncs这几个老的没几个好玩意
666666
B战看到评论说他以前假赛啥的，还有你这个事过来这个帖子的
私一下楼主
楼主私一下 我是波哥十多年老粉 我也是四月份已经给钱了 受害者之一
这个人大概率是资金链出问题了
这么大金额你说人太散不好报，就你自己去报人家都得当个业绩了
这样搞 短时间可以弄一个池子 再用这里面的钱去干别的 反正你们的账期是1到2个月 而且没利息
我擦，cs老一辈选手我还是挺喜欢波哥解说比赛的，感觉声音好听，已经几年没怎么看比赛，怎么现在就开始骗钱了玩抽象的了，生活里在干啥，这么缺钱，都开始骗水友了
感慨，这两天的事，以为早期go时期的老一辈炸就炸了，没想到god到2cn荣誉第一人居然炸了，现在1.6时期的世界冠军也炸了，中国cs圈是不是从有这个游戏开始就没好过啊😭都是晚节不保，看现在这意思今年以前的cncs几乎没干净的，18老天禄也被爆了
我想知道还有多少兄弟是一分钱没有退的啊 现在都联系不上吴润波了
5080单卡都8000多 你能信也是无敌了 主机至少1.4
别沉了 还我8900 波哥
顶上去
说实话就是被互联网带火之后，现在没热度了接受不了这个落差线下做活动接触过早就不是1.6那个奋战职业的波哥了能干出这种缺德事现在的惩罚对他来说还太弱了保持吃瓜，能躲多远躲多远
笑死我了，第一批4月的估计都没发完，我的拖到七月初发的，我还算他们圈子里的人都这样，无敌了
我的是六月份的
别的不说，在主播地方买电脑不就是奔着被割韭菜去的么
我六月底在他这买了台显示器，3580，现在也是没进度
我的退了
无人在意
留个联系方式 我也下单了机器
无人在意
来点草一下我吴润波
一几年在他那买钥匙都是要你去菠菜网去玩，把💰在网站玩完，再给你发钥匙
这波真润啊
这才哪儿到哪儿，去年年初的时候我借小波一副和服手套，今年5月开始要就要不回来了，他说的是借给他弟弟的同学玩了，然后他弟弟同学不认账，去年年初酒精和服9k左右，现在3万了都，聊天记录从加好友开始就保存着，不知道可不可以作为证据。
波哥都有迈凯伦了，也不差这点钱吧，实在不行把车卖了还兄弟们钱。
吴润波现在是什么情况？
我弄的，你是脑子粘shi了吗？我摁着你的头卖8900的5080还是我摁着你的头把钱揣我兜里了？本来不想更帖子了，你那些牛头不对马嘴的理由我都没放呢。nmmd还有30多个人钱没还，出来面对啊。
波哥 还钱
什么情况了
吴润波杂的了？啥情况啊这是，卖电脑卖得要线下碰一下了？
和岳不群差不多 一个破比赛吹牛逼20年了
能再蹲个后续吗
再也吃不到免费的螺蛳粉了
好看 爱看 楼主速速更新
额 之前一直看lq的 之前他们几个当中 看吴润波经常直播卖螺蛳粉也买过支持过他 怎能混成这样… 按道理他当时的家境和赚的钱 是在那几个人当中应该最好的
666
sakula退钱啊 无语了都大半年了
速更 我要看到法律的制裁
插个眼",https://tieba.baidu.com/p/9937514804,186,先别关注饰品了，给大家爆波大瓜sakula吴润波
"太美丽辣
还有我最爱的人皇后、传承、黑莲花、自动化
皇帝也非常的不错
克苏鲁之眼都来了
你的贴纸吓到我了
不是荷鲁斯
好看，膜拜",https://tieba.baidu.com/p/10303158416,7,我最爱的克苏鲁之眼终于起飞了
"暑假8月份在周边朋友推荐下接触了三角洲，越玩越上头，抛弃了cs直到12月，重新开始玩cs，老是想要按shift奔跑，遇到拐角想要探头peek，几天才重新适应，今天突然想到如果cs的操作如果加入探头会咋样
探头拿信息无敌了我双架露个头看你一眼你能咋滴
aug 553王朝了
我会弃坑，本来就嫌键位太多
想起cs2刚上线那会的迈克尔杰克逊peek了
添加新的身体动作是会从根本上改变第一人称游戏的逻辑的，大拉将变得极其稀有，急停晃身式peek会被蹲起探头peek完全上位取代
三角洲的那个探头功能真的很垃圾，架枪优势大的夸张，这游戏就是啥都喜欢缝点，我觉得缝太多了，偏头和技能，这两去掉一块应该会有意思点",https://tieba.baidu.com/p/10302628363,7,如果cs能够左右探头
"如图，只要是国服打的都下载不了，国际服都能下
刚打的得第二天才能下",https://tieba.baidu.com/p/10307143563,2,cs国服官匹demo报错咋解决
"我原来一直用的是笔记本屏幕打的cs，16寸2.5k165hz的。我有一次去网吧，坐的是卓威单包，屏幕是400hz的具体哪款我忘记了，帧数确实肉眼可见的高了，但是感觉很糊，画质都开了高，分辨率也是最高（1920*1080），但是还是感觉很糊
你的感觉是对的
就是糊辣眼睛，一堆孝子天天吹职业选手用卓威，这玩意就是屎，一个破显示器有个几把毛技术含量，还打FPS游戏就选卓威
网吧的至少24寸屏幕吧，1080p分辨率的肯定糊啊
1280*960我都不觉得糊
16寸2.5K突然换到24寸1k肯定对比差别明显
这是我笔记本用的
因为他是1080p糊就对了",https://tieba.baidu.com/p/10288688161,8,为啥感觉卓威的屏幕那么糊
"明天有更新不假。但是荷鲁斯下架不可能。我不信。
所以快跑。
快跑。仅此一天。
前一波a4加强我被荷鲁斯割了400，死不会再追涨
会燃的
这个感觉也不好看啊
必下架他不等着燃为什么要跑
明天必下架，他出他***呢。
经典套路
下架了才是末日，看看胶囊，商城有卖的话三方大概卖1块多，要是下架那胶囊就要掉一块了
能下架吗
箱子货估计够呛
这下知道你为什么一天到晚鼓吹A4时代了
不是，能赚钱他跑什么
燃不起来的，这玩意去年炒到近两W，套牢了无数人，好几个盘主都被逼得割肾跑路了
10年之后，cs3上线必下架
印象旅游大厦
这好事它不留着自己赚，它还卖我它真好捏
啊？我资金还没到账呢，怎么就燃了
阿努比斯起码还得再卖半年
必下架他跑什么
等cs3上线可能能破万
燃！已买房准备接盘
3333
阿努比斯刚出的图，说明天下架的那真是自己骗自己的小丑了
最近不敢入刀和手套了都是租这样稳
不是，那等着燃再卖不是更好？
真要下架也是等下次某个major出新收藏包代替吧，怎么可能25周年下架
这玩意之前下4k了 谁又给拉上来了
起码得到上海mj后
太有理解了
现在呢？
谁又在挖坟
太有理解了",https://tieba.baidu.com/p/9057029292,34,报。报。荷鲁斯马上卖完了。真要下架那必燃。
你了私信,https://tieba.baidu.com/p/7202515927,1,挂狗过年回家办丧事了
"大概3w预算，每把枪可以搞两个皮肤或以上，目前简单看了下双栖加传承加蝴蝶澄澈。希望大家推荐的皮肤最近横盘或阴跌，爱你们
三万那不是闭眼花，流金ak，欧米伽，传说爪
略磨双栖加满紫自由之手蝴蝶，ak霓虹和传承，a4破浪狂飙，a1蒸汽波
伽马p1爪，双栖。这加起来2.5w差不多。剩下5000买把传承，买套印花集
伽马蝶，双栖最好买略磨，这俩加起来估计得2.4，AK来个极限略磨火神，a1略磨印花集够用了，a4看看崭新反冲，狙的话印花集，克拉考，二西，其它看着配点就行了
市场每天大变，刚看上的荷鲁斯妈的睡一觉翻一倍
蓝宝骷髅
4838把地下水
双栖 自动化爪和蝶撞色
印花集全套 流金/火神 破浪/二西莫夫a4 axia格洛克",https://tieba.baidu.com/p/10303044323,10,求一套皮肤推荐
"lz今天下班兴致勃勃开一把，进游戏前廖了个廖没注意看，刚进去lz就正常爆点结果队友一句话都没说我就知道不对劲，出去一看果然是四排，lz就这样被孤立了，后面还是打字说四黑不说话吗，有一个队友才开始爆爆点（没爆点这游戏是真玩不了，来不及看小地图，队友死了都不知道信息），就当lz以为终于好起来了之后，然后一丢分就又没爆点，如果记得没错的话有个队友一直没开麦说过一句话。可问题是楼主作为队内大哥，我觉得告诉我个信息不吃亏吧？转ct后lz一个人包点一边杀人一边爆点一遍还提醒队友小心哪里有timing，打的真的心累啊，本身下班了打游戏就想放松下…最后放个数据图，确确实实是队内大哥没瞎吹，第二张是给朋友吐槽的时候拍的。。。
单排玩家还是老老实实开那个绝对单排吧……现在我匹配到组排玩家都应激了，说他们不开麦交流吧，要么还是老样子，要么就一起开麦骂你，要么火雷伺候，不说他们吧，玩的真尼玛一比吊糟，离输也不远了，我真讨厌这些人打着上分的名义闲聊不管路人队友
开绝对，开绿色，多开几个服务器，沙二好排组排必有一蠢
现在游戏环境就这样，组团车队不抱团仗势欺人都算有素质的了报点就别指望了，你去看那些主播组排的时候平等给路人队友报点的都算凤毛麟角，更何况这些路人车队
放平心态，一天两把，打到预期段位就算了。现在这游戏美名曰装甲车上分，基本是水平不一，四黑必有一个萌新看看之前排行榜扫DMA抓多少个“天才”，排行榜第二都寄了
只打单排，和你段位差不多匹配挺快的
想起来上次组了四排野🐶队伍，从头到尾一直不说话，我还开麦说了句报个点，结果从头打到尾就一个人爆了一句点，我说白了这种哑巴傻鸟真赶紧滚出游戏吧，怪恶心的😅
666666666666
碰到这种哪怕一身位也不用想着去突给他们拉枪线 就单走自己摸找机会 信息想不想报都看自己心情 反正他们私麦自己会“沟通”
陪一张，今晚打5E的，倒一那人手枪局还在压力我为什么不补枪，然后观战看到我有刀立马舔着脸找我要刀，脸变的是真快
各位哥我问一下，我和朋友都是新手平常3，4排,用的基本上都是开放麦（因为有时候会忘了点按键说话），报点基本是有信息就报，但是被秒或者被冲的时候c语言就会很多。玩了一段时间也有几个大哥似乎是喜欢我们的氛围主动加好友的，也有一进去就说吵的，我想知道我们这个算是好的行为吗
所以你为什么要报点？要我我立马摆烂赶紧下一把，就为了那二十几分甚至三十分有必要这么累么？还让他们玩的舒服？抱歉，我不舒服谁也别想舒服，直接开启中路对枪模式，起把长枪自己扔闪就是出去磕，要么磕赢继续推要么磕输倒头就睡玩手机，玩游戏是为了开心的不是要照顾这些司马巨婴的
你看你对面那哥们儿是不是也这样？
这不开喷 被孤立还猛c带这帮fw赢
打单排我只打5e，单排的人多还有沟通，完美绝对单排半天排不到人不说，局内体验也是一坨，除了组排基本不碰完美
我只开绝对单排，匹配慢点就慢点，比遇到神人队友强太多了
多排队里大概率会有一到两个菜的
我官匹还遇到过四排发神经让我给她发大狙的，嫌自己皮肤不好看就花钱买啊，我不给发那4个cs就排队和我自爆，听着是4个两广地区的
开绝对单排吧，我这个赛季定段也是打组排。没人和你沟通他们反而要压力你。而且那个世界看的就像是被朋友带的跨分段了，糖的不要不要的没一个是人。开组排打老是遇见那些开会分段差距那么大，看见他残局直接玩手机了
单排是这样的
绝对单排，打几把也完蛋，都是ELO等着玩你。
单排随便打打，完美本来就安排你带他们上分的，你还不跪下感恩
你也不开麦就行了，环境烂没办法，个人也只能跟着烂，别说什么狗吃屎也跟着吃这种话，靠你自己一个人想改变环境想什么呢，不然就是自己难受，死了就刷抖音呗
兄弟来和我一起ROLL龙狙! 复制消息 $11 ￥8juhZbwe￥ 打开【IGXE】！
当队友梅姨阁诗人时，想想donk会怎么做
唉，毕业了才知道有4个愿意让你控制的室友究竟有多美好",https://tieba.baidu.com/p/10303637820,26,完美单排是真的憋屈啊
"这个人我在定级赛遇到的，历史只是s，现在1.0几的金a+，9回合杀我们二十多次，我们都觉得是挂，然后他自称大主播在直播，问是哪个又不回，然后不停骂我菜，说我对位被他打爆了，叫我好好练枪，结束时我们不仅赢了，我对位把他打爆了，自称开骂，他就没敢杀人了，9回合20-5，结束时24-17
还在玩完美？一个没有挂的对局，你觉得可能吗？
包挂的
桂，这游戏400观众算大主播了
哈哈哈，我玩官匹休闲，看到一个沙二t机械育苗的家伙杀了很多，直接在公屏打字说他育苗像挂，人家从此就不杀人了，本来12-1的",https://tieba.baidu.com/p/10304628469,5,这是哪个主播？我觉得他是挂，他自称400人在线主播
"模板磨损全都一样
磨损一样还能用炼金解释，模板都一样，千分之一概率了都，难道说有复制品
我觉得是差别太小了，磨损度后面的小数位数显示不全了（）
运气好吧，模板撞对概率是千分之一，虽然小但不是不可能
卡bug的复制品
DOTA2之前卡bug弄了一堆复制品出来，不清楚csgo有没有一样的bug
磨损精确到小数点后9位就全部是一样的了，运气好炼金撞到同一个模板
你去搜一下盘尼西林看他的库存，举个例子炼金炼0.008888888，那么显示出来的完整磨损都是0.00888888817280531，只要是00888后面只会有531这一种组合，这是CS磨损机制的浮点数导致的
复制的
还有种可能是在别的平台卖了在这没下架，买的人贴了贴纸又放这卖了，我在uu买的蝴蝶buff还在挂着呢
很明显上面那人在悠悠买的下面那人的,贴了几张继续挂双平台
难说，你看单皇冠的可燃冰也有两把模板磨损五张贴纸全一样的
我倒是好奇这三把，为啥磨损一样模板不一样，这么巧么
上面那个在其他平台买了下面那个人的枪，下面那个哥们店铺关门了所以挂着但是买不了就一直挂着。你要不信可以去买一下下面那个会显示店铺已离线
复制品已经流出市场了吗
纪念龙狙全球第一磨损都有俩一样的
复制的
可能是你卡了之前我也发现过一模一样的枪，甚至有两对，后来刷新一下发现其实是我卡了
磨损可以是练出来的，不知道
平台bug
平台问题
不知道",https://tieba.baidu.com/p/10297017513,22,为什么这两把枪一模一样？
"看demo的时候发现局内静步的时候人物会疯狂抽搐，但是当时打游戏静步一切正常，是什么问题呢🥲
开挂了，挂钩414
好像是有这个毛病，也许过几天又修了",https://tieba.baidu.com/p/10237522338,3,demo卡顿问题
"言而无信，大伙还是锻刀吧
还说我涉嫌欺骗不会把我号封了吧
刚涨200就撤回，还把你举报了，把steam和buff号发出来给大伙瞅瞅
这个不是没怎么涨价吗 这也撤？
这么阴
涨300都撤，烂命少了这300活不起了",https://tieba.baidu.com/p/10306503519,6,第一次买饰品，2天就撤回了
"下架了
下架了
刚刚cs更新了？
下架了
感觉能冲两万啊，倒勾刚出完货手上有子弹都
这皮肤颜值在线的，下架之后直接起飞
昨天还想买来着，今天就起飞了，买不起咯
突然又上架了。😂
前两天2360卖了5把久经
wtf更新了吗
上个月2500入了一把0.18纪念品
唯一一个用箱子开出来的收藏品吧，这样的话和箱子货一个地位，不知道后续会怎么走
阿努比斯下架了
月初刚抛，之前神来之作也是这样
阿努比斯包下架了
完了，全完了，回不来了，我的荷努斯啊
这枪有颜值和自用属性在的，包能上2万，还有下级那个开火会变图案的法玛斯
玛德吃屎都赶不上热乎的，早上租出去了以为星期一cd到了没看直接发了
OK扫了5000的收藏包，静等七天后
md 一早就被撤销了
是这样的，有消息你也看不到，得到消息的都去抄底了，总有人会发货不撤回的（比如近期买了皮肤的），等你看到基本都拉起来了
不敢碰   都卖了多久了
之前丢求购了
真可以半对标野荷的东西。职业选手都认可的东西不比咆哮差。。起飞了。什么波塞冬合纵都一边坐小孩桌了。
太突然了啊，本来想着在阿努比斯新纪念品出来前买的啊，没想到直接下架了
正经人又没啥人用
捏了一年了 前段时间买伽马多普勒没忍住卖掉了 心爱的荷鲁斯卧槽了
A4全部飞了
卧槽这把我真有，十月30号买的
10000被扫了不想发
也是解套了
每把三块钱买了三十把工业下级，现在20一把，小赚
这枪1.4w买的，后来7q卖了，本来想等v社修复bug了再买回来耍耍的，结果下架了都还没修
不是哥们，上个月钱花完没买，今天刚发工资打开贴吧就是下架了
两年前刚出贼喜欢 就买了一把 后来用a1把这把枪忘了  前些日子用它贴cf里那把玫瑰精灵 还火过一段
我要是买估计也在出租哈哈
a4、p250、法玛斯和新星我都是用的这个包里的，真的很对我胃口
当年4500卖了崭新合纵 买了极限酒精荷鲁斯 终于能解套了
哭死，卖早了
上完课发现自己的崭新蛇窟涨了3倍，今天吃饭多加了一根烤肠
跑个题，大家真的觉得合纵好看嘛？我个人觉得不好看不值那个价
卧槽，还好我还有几十个箱子，卖了先
劳了两年，等来了
太便宜了，建议卖到6万",https://tieba.baidu.com/p/10301775815,44,荷鲁斯为啥突然起飞了
"本人主要晚上玩，周六日白天都可以，一起进步，不压力
哥们看看我
b+能排吗
a+一样晚上玩，只玩迷城",https://tieba.baidu.com/p/10307140698,4,找个固玩！
"小号给大号发箱子 两批次发的一波20个箱子一批8个 20个发过来了8个显示这样排除了api劫持可得能 后面我发贴纸试水照样能发货过来有没有大哥知道这八个箱子能不能回来了 已经过去八天了
1111",https://tieba.baidu.com/p/10307298574,2,当前物品不能用于交易
"图池无所谓，主打娱乐，本人B+，朋友C，尽可能去赢；要求只要不压力，爱交流就OK；人多可以拉小群
我新手c，可以带带我吗",https://tieba.baidu.com/p/10297422022,2,上班党固排2=3
"这就是我们噼里啪啦的csup啊原视频BV17Em5BWEMB
这就是我们cs的二十年老粉啊，感觉不如……倒贴纸的有眼光
太恨了
由此可得:我B，所以我＞🦐
狂狙！
尼孩一队的，怎么逆天孩粉这样说Niko
搞笑呢，你叫五个完美c+来都不一定打的赢老尼
搬屎大王？",https://tieba.baidu.com/p/10293721858,8,最新结论，niko不如c+
"如题 鼠鼠我今年暑假才第一次玩cs 对一些规矩确实不太懂 今天刚刚上完课想着打打死斗热身等下打打官匹睡觉了 因为是这一天第一次打我一般是用大狙玩出手感了再用步枪 我以为和平常一样没什么事情结果我在a大门看见这大哥在黄车 我想反正是死斗 就幻想自己是载物就一直穿 结果这哥们把我杀了后说了一句放炮呢搁这 我一开始也不是挺在意久没管 后面因为完美死斗人太多被两个人同时打 我刚好没有杀到他 他就又说了一句菜 鼠鼠一下就火了 和这哥们激情对喷 后面他主动加我好友了 我先问问我打得早的朋友死斗嘲讽是不是不太好 他说是之后我同意申请一顿输出了 如果死斗房确实没这个规矩我道歉 因为我确实挺菜 我今天糟心事挺多脾气确实不好 向这位兄弟道歉 但半夜睡醒尿尿没事看看手机发现这哥们回我了 我个人觉得挺难蚌的 你们觉得呢。。。。。。
这个是我火气太大发的 先骂爹妈确实不对 我先道歉了
希望8u能帮本鼠解答一下 如果确实是我的错 死斗房嘲讽是没啥的 我会找他道歉的
如果真的是我的错 求8u骂轻点 真的不太懂这个游戏的文化 我真的害怕明天起床贴吧消息炸了
你们俩半斤八两，只能说太闲太容易破防了，上网被骂两句又能怎么样，ez鞭尸又能怎么样，对面也是糖  这个世界就是强者的世界，这种话都能说出来给别人听.....
俩二波一
官匹遇到没素质的人不是很正常吗，我朋友入坑两天被俩人问候加投票踢，还有一个加好友骂，直接给他劝退了
别在意那么多，互相骂完了，对面死斗BB两句也是神人，他错6 你错4
你俩都是神人死斗都能追着骂
攻击力有待提高
一个打死斗都能上压力一个开口带浮木，你俩半斤八两，我的评价是以后少发这种自爆卡车的贴
两散兵
年轻时我也喜欢对喷，现在无所谓了，就一游戏而已，直接闭麦就完事了过好生活才是重要的。不过步枪死斗玩狙架点的确实很难受，我现在都去tg了，5e死斗神人太多",https://tieba.baidu.com/p/10304435437,13,打个死斗嘲讽没必要了吧 新人刚接触不懂
"本人c+水平 想找一个不压力的分段差不多的一起玩 会玩老三张有刀的更好
完美可以吗
➕一下
5e的c，可以一起玩，想找个不压力的同分段队友",https://tieba.baidu.com/p/10048246336,4,找5e固玩
"楼主是刀塔玩家，往刀塔里充的钱，尤其是14年到19年充的本子，压根就没想过回本的事。因为法玛斯这破枪，打天梯的时候感觉不好用，就打算把枪皮卖了，没想到居然涨了这么多，所以怒赚150。其他枪皮就不打算卖了，因为我还是经常用的。现在就等刀皮降价了，降价了就入手一把自用。
法玛斯枪很稳，就是伤害太低了
真闹麻了 啥暖",https://tieba.baidu.com/p/10173586427,3,感谢CS让我小赚150
"打算卖一把
要么2要么换宝石红网
m9不好玩
留蝴蝶
1，🍤同款
搭配2手感1
谢谢各位哈，我留了m9p2，蝴蝶之前玩过一段时间有点腻了，感觉m9大刀面爽一点
留下蝴蝶
还是m9吧
看你，感觉不错就买
op卖了
别卖蝴蝶，蝴蝶刀作为榔头，过段时间肯定会爆燃的",https://tieba.baidu.com/p/10296560504,12,1 or 2
打到，对面赛点的时候我们还退了一个，然后连追5局打平了，不敢想对面语音有多热闹。,https://tieba.baidu.com/p/10307366911,1,对面第一燃尽了
"视频来自：百度贴吧
4000h没上c➕吗，视角看起来是有练过育苗和搜点的，但是还得练有的地方准心还是瞄地不够稳，但是控枪很差，你会发现你视频里的击杀除了第一个是收枪后单点，别的击杀都是身体，这只是我个人观点
没配合
只打沙二就找几个人组排，我好友里组排高rt的一堆，都是只打沙二，段位升的很快，不过一打其他图就露馅，你要是单排就练练其他图，少玩沙二
不打头 走位粗糙 头线错的 育苗问题不大 急停太快 可以换键盘或者改一下习惯 打的也有点急 综合下来像很多b～b+不像c+
我要破防了，今天连打三场rt没过1，直接被一脚踢死。吃完饭回来轰出1.98rating，但是四个队友加起来都没我杀的多，4-13迅速输掉游戏，，，**完美匹配的什么东西
多练练枪法，枪法够硬单排上个s没什么难度
有这视角怎么会上不去C+，这赛季的段位门槛还降低了。
打5e吧
到了s照样有卖队友的***，照样有怂蛋不肯补枪，这个完美乐色平台以及他的反外挂水平，还有傻帽评分及elo机制，注定这个平台会让你慢慢消殆激情
话说你要好好玩就在FACEIT打呗，在乎完美那分没意义的，FACEIT顶分4000局要是你能干到的话，还能经常见见职业哥，驴孩这都属于天梯打得最多的职业选手。打完美一上来就要实名，总有些玩个游戏傻到主动想让人盒你的感觉，也不知道现在国内这些游戏厂商想干啥，现在所谓网络游戏让填实名表示一律不玩，就这种网络环境，你相信这帮B是为了你好的？
想办法跟队友打一个目标，然后慢一点，心态稳一点，5人游戏感觉自己只能打好自己，输赢真不是自己能决定的，我是这样想的
练点压枪啊，250h萌新稍微感受了下压枪定级赛打完就是c+了
xd你这上不去分嘛，看你视角也不像没有c＋的样子，如果实在上不去分的话还是建议少打沙二，这张图妖魔鬼怪有点多
怎么可能4000h没上c+
哥们是不是灵敏度有点高，虽然说高低敏和水平关系不算太大，但低敏稳一点会舒服很多
42万收藏是什么鬼
团队游戏，最缺的是什么？是五个能一起玩的队友！
这是完美客服和我说的
b+以下练好枪就行 完美不是能看到枪械击杀数据么 看看你哪项数据低多练习就好了 现在b+也就是以前的c+ 只是现在新赛季神鬼太多了 过一个月就正常了
击杀的稳定性不足，瞄到头就会打，瞄不到就不会打，肯定不行。第二就是只打沙二不够看，会其他地图你才能举一反三的学习进攻思路和防守思路，只玩一张图容易把自己玩蠢，你看你这A小一套已经很公式化了，我警但凡A小玩点双人前压非常规你就白给，整个突破过程中我看不到你对局势的思考，包括那些育苗，很机械化，用处不大的，真斜坡站了个警察你也没有任何办法
换个好电脑吧，育苗不差的
为什么收藏量这么高
别玩砂2，牛鬼蛇神都有，玩小镇和米垃圾，这俩图尤其是小镇你会玩的话，可以一个人carry，而且只要选了这图的基本多少都会玩点。砂2容易碰到刚入坑或者带妹的，不管哪个都是折磨。
随便打打不就混到B了吗，我都是不带耳机用音响玩的
不是串？除了身位控制比较差以外这个枪法已经比b的猪强了
单排不完沙漠2个图都容易上分……我进场就Ban
我大四下才入坑cs ，到现在玩了不到300小时，完美b，练练压枪和道具就够了，我连育苗都没练过，我的rating也不高，一半红一半绿
平台对局很抽象的，再加上elo机制会让你玩的很难受，我完美战绩半红半绿能定B，5e全绿战绩定的D，这游戏还是和朋友一起玩最好，不要太在意分段，玩的开心最重要
这视角c＋应该是有了
这游戏不是你一个人打得好就能赢的，队友非常重要，匹配机制，反外挂系统都很重要
这绝对有c+了
我带你玩玩给你一讲就ok",https://tieba.baidu.com/p/10097887518,33,怎么才能上c+啊，rt稳定1.3左右，赛季初压了rt现在总rt1.1，没那么难打了，但还是输输赢赢上不了分。玩了4000小时，求指点。另外，可以夸我一句好枪嘛
"得唱衰下了。直接说结论，底价崭新200以内才合理。理由：先说量，现在幽独a1的总量接近120w，这不是一个保密级（粉）a1该有的量，好多受限级（紫）量都没它大。其次，没有爹，也就是说量永远不会减少。颜值，上下限差距极大，全蓝的垃圾模板，到金光闪闪的金山模板。底价的模板表现非常一般，又没金属光泽，又没好看的图案，还吃磨损，0.06都能清晰的看到瑕疵。200买我都会嫌贵。和其他皮肤比较：幽独酒精  60w的量，现在13。同样存世量的夜无眠酒精也就6块。略磨30w 存世量，43块，同样存世量的淡化处理略磨7.7块。比它量少几万的闪回，32。也许你会说25w存世量的粉破碎铅秋酒精62，这把皮肤有人炒，韭菜盘，现在也快接近尾声了，之前一直20，30的。崭新12.7w，保密级a1正常的数量应该在4w以内，超过这个量除非价格非常低，不然没主力吸货。破碎铅秋崭新当时主力吸货价是70，吸了至少半年才拉的。所以不出意外，还得继续探底。现在幽独的情况是量大，全是老鼠仓，加上上方全套牢了，拉不动，一拉就有人解套跑路，没人会去给散户送米。再加上现在行情并不是很好，之前工作室基本都是开出来就高价出货了，利用了绝版的预期，预期消耗完他们已经跑完完胜了。接下来就是漫长的洗盘阶段，等散户割肉，一路慢跌，后面还可能恐慌暴跌几次。真正的触底了才会有大资金介入。量大的情况，拿巴黎来说，洗了快3年了，筹码还没洗干净。。幽独不好说，毕竟热门皮肤，也许1年内有机会拉伸。其实幽独还是有很多好看的模板的，按连喷幽独的价格来看，金山和带金光的模板是溢价最多的，有太阳的也能溢价，底价就是一些蓝山，白云。烂大街的模板。。要是后面出个分级，也许能像沙鹰热处理那样。现在找模板太麻烦了，buff有分类，分得有点乱，不太正统，buff现在用户量也少了很多，要是uu和buff商量下出个分级，还是有人买账的。不过话说回来，就算有出分级的打算，我估计也是平台自己先把货囤好了才出。就先说到这里，内容有点乱哈哈哈，将就着看吧。
什么模板我都觉得不好看
分析半天有个屁用，先立靶子再射箭没有意义，先得出结论再分析就是废话哪怕热处理一年之内也有几次涨跌，而沙鹰真的不能完全算主战
25星星换一个的200那画廊之前咋没跌到2块
你的镇楼图其实一点也不好看……金山在金天上面看着就很诡异
镇楼图滤镜拉满了，实际效果贴图很明显甚至有点糊。。。
这枪最顶级模版真那么有市场吗，那天吧里看到个拍卖幽独买断价2300的，这价我不如加点钱求购蒸汽波了，我看了看也一般啊，也不知道最后卖出去没有
我觉得金山也丑，就买了个纯白280自用
图片模板一般，不如大太阳
每个崭新模板只有100多把，按照Steam社区的某个帖子，某些类别的T1模板极少，只要社区达成共识，分分钟能拉上去，感觉现在都在低价吸筹，没人拉升的
380入了一个0.007的402，这个模板最舒服也最吃磨损
模板区别大就像渐变a1一样不会压价格懂吗？就光看量？
因为有老师喊了，目前在出货，过段时间就下来了
狗屎一坨
你妈的末日前略磨90块的时候抱着贴吧反买的心态随手买了五把，60的时候回味过来不对劲了赶紧卖了。
这玩意怎么看都一般
幽独只可能更多，还有搬砖佬存组件的呢
土狗用的 丑爆了
图里这个是什么模板，好好看
我不知道啊，我用的二号玩家
全蓝热处理比这个量少多了拉全蓝热处理也不拉这个
18买的久经能跌到11
这枪看存世量没大意义，看的过去的模版也就10%
收到已卖房囤
喜欢这种大红太阳光
上次玩着玩着变火烧云了
下架后进箱子，有个爹，直接翻倍！！！加仓！
楼主分析下某存世5w的地图收藏品红最后价格会来到多少
也就十七块随便买一个玩玩的水平，指望这个能涨还不如多看看其他收藏品
个人观点，区别于幽独官方主页，幽独特殊模板中，感觉T0级别存在就是488模板，实战效果很好。远胜金山，血色残阳。正中央，及枪管大红色太阳光 。
看到没有跌那没绷住
丑的一批跟小孩画画一样除了倒勾搁这炒游戏里都没见有多少人用过，帝王龙和夜无眠都能吊打幽独同价位还有黑莲花和破碎千秋 液化都比幽独好看一万倍
贴图的玩意儿能好看到哪去？进游戏看过就不想买了
中间枪筒和枪托没有涂装覆盖是硬伤
收到已加仓买了5把崭新",https://tieba.baidu.com/p/10219150121,35,独a1凭什么那么贵！
"确实 ec2a 上手挺难受 用惯了无敌的
买过好几个卓威鼠标了，手感不错，最喜欢ec3c（伞绳有质量问题）目前还有个ec2a在桌子上，打算买个ec3dw试试
现在无线的价格翻两倍
就换了个左键微动现在还在用",https://tieba.baidu.com/p/10301300056,4,真时代的眼泪
"荷鲁斯就是普通玩家的白月光，杀过无数导购，但是从未辜负过普通玩家，顶级颜值，极难出货，价格白菜。简直就是v社给自用玩家的福利礼物。而且还能让自用玩家大赚一笔。但是某些人啊，天天几个想法奉为圭臬。妄图通过历史去判断v社的做法，那他真不合适这个市场。v社从来没辜负过自用玩家，也没让导购失望。
他指定下架但是就怕跟沙二纪念包一样 又上了
无法预测的命运之舞台
以往都发公告的，这次官推连个屁都不放，看来g胖的游艇真缺油了
人民的游艇缺前进的动力了
谁来解释一下荷鲁斯真的好看吗？长得和日本海军的旗子是的哪里好看了？
那些人还说黄金藤蔓不可能下架，到时候v蛇直接把沙二移除比赛图
游艇缺钱就该上最后期限
cs2变油了不好看
我挨无数喷了。那些沙皮天天嘲讽
10月份自用玩家亏了多少你是一点不提啊
一定是bug，肯定要回调 v社都没通知贴吧老哥加仓就敢偷偷下架
怎么发现下架的
@巴洛克丶
这次是真绝版了，就算是比赛纪念包再回归，那也是纪念品回归，原皮已经彻底绝版，可以对标新三图收藏品，紧迫危机，冒险家乐园这几个了，比赛地图可以打，但是原皮只能靠炼金了
只要图池里面还有阿努比斯，就不会有太大的问题
经典v社为了玩家现在刀亏了一大笔枪也买不起这就是为了玩家的好公司吗爱死了
就是因为吧友的这句话，我上个月卖了我的略磨纪念品，气死我了
这个箱子又不能开刀，枪皮除了famas其他都不好看，为啥价格那么高
白月光个蛋蛋啊，就v社那德行，做这些事情也纯粹自保罢了，你去开他的地图收藏品箱子100箱能出红么，创世纪收藏品直购的枪皮肤便宜么？还真以为人家是做福利呢？以后新出的皮肤红都磨损溢价，基础价格也不便宜，怎么没见你夸呢
不过该说不说，我最喜欢的三把a4皮肤就是荷鲁斯，战场之星和新箱子里的破浪狂飙",https://tieba.baidu.com/p/10302324796,21,“v社从没下架过商店直售的东西”
"怎么纪念包突然下了，不会是卡bug了吧
一个热布丁的事
要是修复了，现在追荷鲁斯的有福了
没下架兄弟们
v社表个最后下架日期，不比这样直接下架赚得多
bug的话不得炸了啊
应该会是BUG，周三更新重新上架~~~~~
之前出过 还是有可能在上架的 现在买了也会撤回 没必要追了
那阿努比斯包再上架（高概率）一堆人可要炸了
应该是bug
不管是不是bug，就现在这个撤回机制，近7天的怕是撤回一大半
bug
收到，bug已清仓
不知道，没更新
有点哈人
有可能要上新图了 比如cache。然后下掉阿努比斯 上cache收藏品。
新地图要来了
反正今天卖的已经赚了
a小道消息，阿努比斯下架，古堡回归
奥斯汀下架也是毫无征兆
收到加长
说撤回的是买家撤回吗
阿努比斯收藏品加入日常掉落？
改个代码的事
高光包还没出呢
很可能bug官方都没发",https://tieba.baidu.com/p/10301958093,26,好奇怪 cs2没更新啊
"为什么cs2进去一直切屏，就是黑一下进游戏，又黑一下又进去
驱动更新了吗
显示模式改成桌面全屏",https://tieba.baidu.com/p/10305356950,3,CS2bug求助！！
,https://tieba.baidu.com/p/10306450146,0,有没有b+一起上分的搭子
content,link,reply_num,title
"byd这几年最大的更新是换了起源二，然后适应起源二的新模式一个都没出，以前pubg火的时候能给大伙整出一个头号特训，还把防爆🛡给大伙搬回来爽了一阵子，起码真在干活，byd现在圣诞节给小鸡套个圣诞帽都懒得套。。。。
收到，明天加圣诞帽
我收到的消息是明年出投掷物皮肤
激流之后就变味了
我想要防爆盾速更",https://tieba.baidu.com/p/10315299889,5,明年有机会看到cs2的大更新吗。
"稀有箱子是不掉落了吗，是全面要用创世机代替稀有箱子了吗，求解答
真的假的
看有没有人这周发自己掉落掉稀有箱喽，短期内不进行下一步更新肯定要涨
阿努比斯下架加上稀有箱子不掉落吗，看来要开始大动刀了
啥意思，梦魇不掉了？
我两周都是创世
我这周是千瓦，上周是变革
所有CSGO时期的印记都会慢慢地在CS2里剥离，在终端直售加入前我就这样说过，现在的开发团队有强迫症，我也不知道具体原因。
难道v社想把创世机变成类似瓦里头的商店刷新
我掉了梦魇
好等我卖房爆燃
61周没见稀有了,上次掉的还是最便宜命悬一线
新枪皮的设计会更贴合起源2引擎，一些旧皮肤会变得越来越丑
掉的吧，我朋友前几天掉了一个几十块的
半年没掉梦魇了
大更新末日降临，刀皮直购500蝴蝶刀潘多拉树篱
随便来个所谓的消息，就能拉升一波，蹲好久降个几十一百，随便一拉就是好几百上千",https://tieba.baidu.com/p/10314304660,17,steam崩了
"低磨自用玩家已落泪
这啥意思？节调
便宜好用
楼上是什么仙家对话吗
收到 我将不给你发货
怎么还不发货
一定要发货啊
现在低磨是真难买，溢价高得离谱，应该是大量低磨被炼掉了
屏幕前家人们 我还能领到次时代吗
那我不给你发货了
发货了
大家有什么贴纸推荐吗",https://tieba.baidu.com/p/10314605090,12,蹲了4天终于让我找到低价了
"都挺喜欢的，很纠结，吧友们给点建议
无脑自动化
自动化
自动化
肯定自动化了，不牢
自动化
猎杀者匕首的传说涂装，略磨以上的磨损还是比较干净的，可以买
自动化",https://tieba.baidu.com/p/9843209882,8,猎杀者匕首传说和自动化二选一
"bu们想问一下双栖要怎么挑模版啊，从go开始就一直想买一个双栖玩，但是总不会挑，来个吧u教一下
挑高磨损黑皮多的，反正崭新都有黑皮烂的，直接一步到位烂到底
昨天入的一副，左手有点破但两双手基本没灰，手枪持枪有一点，但检视蝴蝶的时候手心完美，凑合用得了，别买太溢价的
自己看的舒服就行了
自己查吧",https://tieba.baidu.com/p/10312955677,5,吧u们吧u们
"打完出去一看三个高校认证全在沪，连只拿这种话都说出来了
这种纱帽碰到我就有的玩了
310是这样的
上海日本宁学校挺多的，有可能真是鬼子
去他们学校墙或者官博曝光啊，有他们好果子吃
向学校反应曝光他们，人应该为自己的所作所为负责，干这样的事不付出代价，以后只会变本加厉
经典自己人恨自己人，这种最难绷，爹都找不带
想办法找完美固定证据，手机号 学校 什么的，再去举报
买命哥救一下啊
举报一下，发抖音b站
爱丁堡是这样的
不是。那两个字出来不Bj啊！
发抖音就行，会有人给你投抖加的
这直接出去私信都fk一遍
举报不会吗？这种必被封
遇到德德子本人了
大概是什么也够学校罢
找莱圣举报
起前玩cf逆战时候没见过，自用玩了CS才知道有这么一伙人，搞不懂这帮人说那些话感觉莫名其妙
找主播私信举报，直接人工
我打dota2的时候遇到个精神海岛人在那用拼音骂 说他是海岛人,我说海岛人不用拼音，直接挂机了cs和dota2这种精神国外人太多了
你应该发到抖音 让网络警察大调查一下
包是国人的，隔壁农药吧有人张口闭口管女的叫为安佛（谐音）第一次看到的时候我都懵了原本以为自己混贴吧。素质已经够低了，只能说绞尽脑汁攻击别人不如蠢人的灵机一动…",https://tieba.baidu.com/p/10313443386,23,五条野够，本来以为你们只是彩笔 ，没想到还是柜子
"太美丽辣
还有我最爱的人皇后、传承、黑莲花、自动化
皇帝也非常的不错
克苏鲁之眼都来了
你的贴纸吓到我了
不是荷鲁斯
好看，膜拜
这么多眼睛，毛骨悚然",https://tieba.baidu.com/p/10303158416,8,我最爱的克苏鲁之眼终于起飞了
"相传稀有爆率降低了
推上五个小时前就发帖说暗改了
我一次稀有箱子都还没掉呢怎么概率还往低了调啊
没有，5点的时候我给娃喂奶看到了，没拉起来。现在追高了点箱子，赌一把咯，富贵险中求，我必须考虑这是不是我此生唯一的机会
大早上6啊 v太有你的了
我放一个多月的箱子正好昨天开了
打了三年，没见过稀有箱，改不改和我完全没关系
稀有不掉落皮要涨，玩家要花更多的钱买了，还是整个武库星星换稀有箱子吧
去年掉过2个稀有箱，但都不值钱，一个蛇噬一个命悬一线今年目前一个都没
猎杀者箱不算吗，我看它价格没变",https://tieba.baidu.com/p/10314392997,10,这些武器箱半夜爆拉是国外在扫吗？有什么内幕消息？
"这周刚掉的
梦魇是常驻箱子",https://tieba.baidu.com/p/10315410332,2,发掉箱子改概率的，你们周三没掉箱子吗？
"男朋友要过生日啦 他很喜欢打csgo 可以送什么礼物呀 他只对这个感兴趣🥹拜托大家啦🫶🏻
蝴蝶刀
cos苍蝇头
多少钱
送荷鲁斯，两年后他会感觉你的
没预算吗
送把地下水
送6档满红和服＋红宝石m9，他能跟你一辈子
什么价位
把我买下来送给他陪他打游戏他打累了我还能帮他照顾你
崭新纪念品龙狙
兄弟们我只有四五千的预算…🥹
昨天有刷到印花集 他之前好像说过喜欢 他玩大狙 送这个怎么样呀
我也要过生日了我也要礼物
送这个，然后记得改名 “你永远是我的王子”一下子就能给他迷的神魂颠倒，不信这还感动不了记得一定要买崭新出厂，略磨和酒精都寓意不好，你不会希望他是久经沙场的王子的
送带计数的音乐盒，拿到mvp响音乐，上面的数字就是他想到你的次数。
awp印花集
刀的话我记得他说过喜欢蝴蝶刀绿宝石（？ 还有爪子刀 推荐送人的刀嘛🥹
你有好多米
不说米怎么推荐啊",https://tieba.baidu.com/p/10313320775,20,求求各位csgo天才们
"收崭新屠夫爱心模板的蝴蝶，走uu，类似这种在刀头上的
111
111
111
111
来个人啊
吧友不是神啊 买不起啊
屠夫没人玩吗
为什么你这里变好看了，我检视半天觉得屠夫不如大理石买的大理石
真没人玩屠夫吗，这皮肤那么冷的吗
bd 我有大刀面超大爱心
多少收啊，我有一把
111
111
这刀那么小众吗，玩多普勒还要多加3k大米太少了
加点上红宝石",https://tieba.baidu.com/p/10297355671,16,来个大雕丢我一个
"看起来没人开啊。
昨天开了个0.08的，在想要不要买
开的人多了，只是没人买而已，开来过过瘾
别的开垃圾也能实打实进仓库，这玩意垃圾开了不想买，好皮开出来比第三方市场直接买一把还贵😓
还得再买也就算了，开等级还得好多箱
开的人多，买里面东西的人不多。
我甚至觉得以后V社可能都会出这种箱子，传统箱子可能反而会慢慢绝种
这玩意只有极限磨损才有得赚，不论是0.01还是0.06都有的赚。中间区间不值钱
哪怕一分钱，只要里面的流水是进V社兜里的，他就有存在价值
纯坑人，我没想到以前那些红皮那么便宜，这个里面那么贵
把其他箱子下了，你不开也得开
这玩意但凡加个金进去身价都要涨
加把刀何手套有的是人开
开出来崭新的蓝皮稍微能卖十来块，反正没必要买了去开，周箱子自己掉了开出来没必要卖，开了玩一玩就行了，大部分都是纯坑，为了一点差价买的话也没啥意义
没有刀还是不太行，谁会导个几百上千等着开出红呢？
会，只要下一个能出金，而且出金免费就有人开
开出低磨特殊磨损
开了还得花钱买，也就是比市场价低一点，感觉不太值
能坑一个是一个
当市场价低于它的卖价的时候这个箱子便毫无意义
5合1更新大崩盘前好像没这么惨淡，说白了其实是V社信用的崩塌，没人知道下次类似5合1的大更新什么时候会出来，像这种终端皮肤你不买长期等他下架，价格动态调整加无限产出的机制就不可能有利润，但是有了5合1的先例现在谁又愿意在这种首次推出的箱子上玩长线呢
没有读博的快感谁开
开了就亏
开的人多了去了，只看uu上略磨军规级的在售量，比裂空都多了
这种人民的箱子只有V社才敢出了。
不如用模拟器开，开到啥去buff买
只是不利好倒钩而已，钱都v社赚了
这箱子出了到现在就没有掉过
收到加仓变革武器箱
这个箱子我都是直接丢求购的。第一天上线的时候我四个号出了俩。一个卖了60笑死了
这玩意之前我开了7.80个开着玩，只为了开红，一个红没看见。反正便宜.
每周一直都在掉变革，上次掉了个这玩意自己开了，楼主猜猜这枪v社卖多少钱
它如果是刷新次的要17，刷新两次要34，刷新三次的要51，一直加下去，这才是对的
开出来一个略磨破浪狂飙，算了一下倒余额能赚百来块可惜刚换大货没过cd，只能遗憾离场了
起码把🔪放进去
那反冲还更便宜呢
余额多可以开这个，没余额的开这玩意纯垃圾
感觉v社5合一就是紧急更新的，创世纪9月份上线的（没有金直售模式），4月份上线的热潮（有金开箱模式），创世纪没有金是因为还没有办法规避db，现在有5合一了后续就会正常出带金的箱子了（创世纪红定价1w，后面出直售金该定价多少？steam余额最高1.2w），所以只有出箱子才能继续更新刀皮和手套，创世箱只是权宜之计
这倒霉箱子掉过三个，开了三个，两个出了红，一看价格，市场的战痕a4两百多，它卖我四百块，酒精的更是八百块
太寄吧贵了，谁开
第三方市场更便宜
他那个给的经验要是升级给算奖励就好了，相当于懒得打了花一块钱找个代打，结果不给奖励，不大行
如果把一代手套加里面，我都不敢想会是什么场景
这东西想不当冤大头得先倒好余额主要是
开了两把M4,一看比平台还会几百，我直接平台不好吗
我觉得违背市场规律，饰品价值本身就建立在公允价值之上。v社强行用算法算一个市场价格锚点，并不等同于真金白银的博弈形成的市场价格，天天出这种东西等于摧毁市场，没了市场v社更是一分钱赚不到，属于是竭泽而渔
刚出第一周还好，后面纯亏钱
箱子都在开，但是红不一定买，毕竟买了不赚钱
刚出的时候直接卖了几十块，美滋滋
开了还没市场便宜 更没人开了
这个箱子设计的其实很精妙。直购就赚钱，所有人开出来就买，售价就会涨。 挂刀都亏钱，没人买，售价就会降。所以官方售价就会锚定在直购亏，挂刀赚这个区间。
v社这懒狗，根本就不可能做的好动态定价，还不如搞点便宜不能交易的东西给自用玩家玩玩呢
纯是v🐍不肯放开价格罢了，要是价格区间随机一点，让市场有的赚，不然我为什么不去市场买
粉红只能磨损赚。要不就是蓝色材料赚。其它纯亏
买的人越多，价钱越贵，这TM怎么想得出来的？？？
最搞笑的是别人的steam余额可以通过各种的渠道得到然后降低成本然后再拿去市场比箱子开出来本身还便宜还不吃亏
开过一个，第一发就出了个液化，给高兴坏了。结果一看密码比市场还贵10块钱，纯纯废品箱。开这个还得提前准备余额
五个号刚出的时候没见过 3、4块开始以后猛猛出
没有金，开到竟然还有花钱买，都TM不如出个每日商店来直售
掉了不卖直接开着玩，出了不买，纯过过手瘾
这种适合第三方网站跟你玩对赌，比如88dog，我记得好像是50卖一个，然后开到啥他帮你买
还会出，简单粗暴的卖皮肤赚钱
有没有可能现在红皮可以炼刀就是给这些东西铺路",https://tieba.baidu.com/p/10311536735,63,v社以后还会出这种箱子吗？
"咋不拍啊兄弟，我都说了能发了还价啊
终于上当了
那我不拍了
不好意思哥们，我改价了但是被秒了谁让你不还价的
他有券吧，你改完他用券还能再便宜点，不过被人截胡难绷
还有ntr
能接受就说明能更低
又一个小伙错失“良机”咋就不还价呢",https://tieba.baidu.com/p/10306682610,8,我想问一下他为什么不拍下
"21年之后基本不咋打go了，今天突然想起来还有点库存想清了买游戏，怎么喧闹骷髅和这两个干员涨了几十倍？我记得这个咖喱当时20多买的，精锐分子好像五块还是几块，这一下翻个十倍四十倍的？这不比炒股赚啊
你醒啦，红皮可以合成手套或者刀了
G胖给老玩家们一个小惊喜，大大方方享受就完事了
给退坑不卖饰品的老玩家的红包
村里连上网了？
退伍补贴
刚放出来?",https://tieba.baidu.com/p/10308433886,7,发生什么事了
"游戏理解在线，平常都可以玩，求各位老板能看看我，川渝甜妹（正常女孩音），性格好可温柔可搞笑，无聊的时候还可以找我聊天图为上赛季的，这赛季还没打
听听声音
脑婆脑婆恰个v
留个Q
男留ID 女自强",https://tieba.baidu.com/p/10315233569,5,cs女陪～～
"现在喜欢的刀和枪皮太贵了，想体验一下好皮肤，但是怕玩一会就被找回
把钱直接送我我还会谢谢你
那不如直接租饰品
智商税这种
现在有租赁了为什么买这种啊，百分之99找回，不能交易这皮肤值个毛钱
玩儿几个小时几百块钱哥们真的有钱啊
咸鱼都是骗子，记住就好了
buff应该有租这种的
红锁不是这个价，他这里面这种号价格正常都要4w+
红锁没那么便宜的
可以租号玩，我周末基本都租一天
七天乐
你自己都说想体验一下了
社区服不是能玩吗？
不要在闲鱼买 没保障的
智商税
租，或者社区服
不是有社区服玩吗
你真要买也要找那种大店，但是很不推荐买，说白了这个游戏的刀都是换涂装，喜欢的话买同样的刀型凑合一下得了
可以买个便宜的去官匹狂转惩罚一下这些骗子
闲鱼被找回没人管 实在是想玩去正规平台买带包赔的
去社区服想玩啥玩啥，除了贴贴纸麻烦点。啥好货都够你玩到吐了
不能买，买了个租号没区别
低磨损，摆摊
真想玩去社区服吧，买红锁跟花钱买盗版游戏的人没区别
不要买
买红锁走螃蟹或者盼之 那些让你私下或者找号商担保别信 出事了基本上都是跑路 平台起码赔钱 而且不推荐买 红锁这东西好买不好卖
你就算要买也得是去正规平台，像px pz这种。闲鱼买？百分之万给你找回
eco不是能租红锁号吗
这刀的价格都大跌过一遍了，还觉得贵那我建议就租着玩罢，少玩红锁这种玩意儿
你还不如租号爽玩所有皮肤
皮肤什么地方玩不到，我看你是想买来去装13吧
这价格明显不对啊，再红锁号价格肯定有原市场价格的1/10，你看图里的什么蓝宝石红宝石咆哮都来了怎么可能让你几百块买走，少说也要一两万两三万三四万
不如去社区服开个会员",https://tieba.baidu.com/p/10312542491,34,红锁号能买吗
"我pubg有套柏林，能在steam上卖25000左右，请问在cs2上能几折套现
为啥不直接卖号
下一届major买胶囊，1:1套现
能1比1但你要打武库(类似通行证的东西)并且要等新箱子
我这个方法是最好的，cs出了一个创世终端机，里面的枪是用steam余额买，价格和交易平台差不多，这个箱子大概平台买一块多一个，你买300个创世终端机一直开，开到贵的枪就用余额买再放第三方平台卖，余额花完剩下的终端机不开直接卖掉
这游戏能交易？
吃鸡啥东西这么贵？
终端机一块多一个先买一百个，然后开，开到紫色以上的就上平台看看，价格差不多就买了去平台卖
买蓝色箱子，抽粉色红色饰品购买再去卖
终端机是不是为套现而生的
steamPY
对的，等下个major买胶囊
开终端机
原来终端机是用来套现的，这下看懂了
开终端机啊
吃鸡的东西这么贵？
军团要塞钥匙7天cd 其他的14天 而且出的块不用选
原油猫
吃鸡还有这么贵的东西啊，我还以为都不值钱了呢？
吃鸡东西价格以前挺高，后来啥原因价格都大跳水了。。。玩的人少了？
但是第一波就要走不要贪
这个肚兜能卖2w5?
你先玩一会儿CS，交易的话，buff和uu用的人多，熟悉一下CS的交易规则，再把PUBG这个衣服卖出去，有余额你就可以慢慢倒腾了，这么多余额不是一时半会能搞完的
买箱子吧，我感觉挺稳定的，3万的货也是秒出手，反正别买小众宝藏皮肤，出不掉的，就印花，箱子
你要是不着急就等下次major胶囊，第一时间买第一时间卖几乎能1：1。终端机也可以，就是有些麻烦
柏林套早出复刻了 上线就给的那种
玩吃鸡也会掉物品吗？没玩过吃鸡~~",https://tieba.baidu.com/p/10310013414,27,各位大佬求教steam余额套现问题
"等会又有人过来荣誉＞数据了
驴美闹麻
虐菜数据闹麻了
正面处刑
这么强 怎么拿不到冠军
去年比数据，今年比荣誉
闹麻了，天天打个二线三线刷数据，连着好几个赛事为了保数据连个淘汰赛进不去，对战top5战队被除了老鼠以外的战队轮着抽陀螺，你想笑死我吗
我建议以后评价top得先看看游戏时长，不然真分不清是串还是真情流露
没办法。。小驴什么队友？要是队友好点肯定是小驴拿top1了
但kd还得看位置啊，客观评价，有人一直打大哥位，有人又在后面捏道具，这种情况看数据有用吗
数据在强也抹不掉被抬走的事实
小洞需要马嘻嘻
绿茶本质海啸啊，去年看图数今年又不看了
非o数据",https://tieba.baidu.com/p/10314535181,14,哈哈哈哈哈哈哈
"弯刀 熊刀 猎杀 折叠有没有玩过的来说说。坏消息：之前的刀末日亏本跑了。好消息：现在哥们能看多普勒了。
打狙就折叠
我最近刚出了一把折叠刀，多普勒p2算很顶的折叠刀刀皮了，很漂亮了。但是，说实话确实比较无聊的一把刀，容易腻，所以现在还是换三幻神了，我建议你还是买个爪子吧，优先选刀型根据预算找，这个影响手感
什么都别买，买了就等亏，
都一般，刀形都很容易腻，弯刀好玩，但是切刀太便秘了，真要买看看交易量大的吧，好进好出。不过感觉这个价位的话，虎牙短剑挺好的。
选择困难的话建议炼金，练出啥用啥
多普勒猎杀配套印还是帅的
猎杀花样少，弯刀花样多，折叠比较干脆，熊刀一般般，社区服逛一圈就有答案了。如果我选我选弯刀，因为重击＋f帅的
一把刀的话 熊刀》折叠   如果我推荐的话 我推荐细绳 刀型帅太多了
折叠没想像中的好，弟弟刀多普勒我个人喜欢熊刀或求生
长期玩的话我会猎杀 折叠里面选
我的熊刀p2
折叠太无聊了，熊刀弯刀耐玩点
折叠或者猎杀吧
说实话2k预算还要多普勒 你还要不要p2 或者稍微加点？ 弯刀太便秘 猎杀刀帅别的普通 折叠单调 要我说就熊刀p2或者渐变 不吃高渐变 能接受普通检视不好反光和普通切刀挺素的就行 这价格要什么自行车 刀面正常视角挺容易反光的 常玩沙二小镇 m9骷髅什么的还得低个头
为什么不能是牛子呢  牛子切刀多带劲
熊刀，能转，价格稳
玩p2p2就折叠，底价加点就能挑到单面全粉全蓝。不挑模板就无所谓了，全看你喜欢什么刀型。",https://tieba.baidu.com/p/10314893816,18,2k左右的多普勒怎么选
血腥2张 传承1张血腥0.009的会有溢价 传承0.10底价,https://tieba.baidu.com/p/10311709111,1,Ak太多了出俩
"绷不住了，发进来让大伙乐呵乐呵
来报道了",https://tieba.baidu.com/p/10315356896,2,这下解释不清了
"你是如何解锁CS这款游戏的？#讨论#
LZ先来：还记得那个晚上，外面下着大雨，父母背着我
聊窜了，冲来
那个时候lz还是一个刚刚上大学的cn，在宿舍有一个高中就当倒勾的大爷给我推荐了这款游戏，从此一发不可收拾
那时我刚买完电脑，正愁没游戏玩
为了方便称呼，把给我推荐游戏的统一交导购哥
导购哥家里为书香门第，父母都是做教育事业的。从小没有受到家里的熏陶，反而在高中时受到表哥的影响开始入游戏，开启了导购之路。当然成绩也是一路下滑，遂，跟lz上了同一个大学
书回正文，导购哥在lz电脑刚到就丝滑小连招，加速器Steam小红车一并下载，后续还给我科普小红车的真实用途（当然买这个小红车也和cs市场的关系密不可分）
还记得第一次掉枪掉了一把XM1014磨损是破碎不堪还有一个光谱2号武器箱。
说到这个武器箱，当时lz卖的时候才9毛钱一个，现在好像很贵了，所以再次提醒大家投资需谨慎，cs水很深
说回游戏，当时这把散淡枪求购1毛钱一把，导购哥说：你第一次交易，我挂一分钱求购，你丢给我，我让你体验一下交易的乐趣
无奖竞猜，我当时有没有丢给导购哥
淡季贴吧？
没人看吗？那我晚点再更新
18年读大学搁机房上课 男生们一拍脑袋，哎这不还有cs1.6可以玩吗，然后回宿舍都下了cs1.6，后来又一拍脑袋，密码的有csgo不玩玩cs1.6？于是全部开始了玩csgo了
也是大学才玩的steam游戏
高中朋友给我带入坑的，那个时候天天被他暴打
跟好兄弟一起入坑的
初一刚好上网课时代开始，在家拿个旧笔记本上课的时候同学带着入坑了，那个时候800x600窗口30帧不到玩的也挺开心
17年高中毕业，买了台mac。下载steam找来找去发现只有csgo能下载，就开始玩了
舍友带着玩的，但是那会因为电脑垃圾就没玩，后面疫情在家实在无聊，就开启了正式游玩到现在时长3000+了
16年还是17年完美国服上线，开始玩的，就磕了个九头蛇通行证。当时国际服是要钱的，国服可以免费玩，当时升级给了好多饰品，后来都卖了赚了。所以还是非常感谢完美
本来是不打的，结果室友掉了个黑箱子给我看呆了
朋友让我赞助他25买这个游戏，专门拿来躲猫猫
🍆引流来的，打了几把就把CF卸了，画质不是一个档次的
当时瓦刚开国服，玩瓦来着，然后去看直播感觉danking挺有意思的，后面danking玩回csgo，我也感觉挺有意思的，就入坑了
codol停服
cf玩腻了再网吧打开了CS
高考完跟朋友去网吧，lol打了一天说换换游戏，我朋友说带我玩玩csgo，第一把就是炼狱小镇，而且打满了三十回合，我人要打昏了，要知道cf的爆破也就16个回合，排位更是只有十个回合，第一回打go就打到15:15三十个回合真的人打晕了，后来上大学一开始打lol，后来激流那一年又重新回来玩，天天晚上五排，有两个兄弟甚至是轻薄本瘾也大的不行，天天晚上打到十一二点，后来大三大四更是夸张，打到两三点，整栋楼就我们宿舍还开灯的。现在毕业了偶尔凑一凑还能上号打几把五排也是很可以了
玩cf玩腻了，想找个画质高的fps游戏，忘了怎么找到的了
九岁，表哥，cs1.6，非常经典的设定
1.5→1.6→csol→csgo→cs2
刀1转DOTA2知道的steam，然后发现的CSGO，当时觉得画面真好比破网吧玩的cs和CF好多了，就花钱买了。对的当时CSGO还要花钱买...
当年看见卡吧有人说CSGO打折了，只需要3.75刀，正好电脑跑爹4挺吃力的，然后就买了。
19年朋友拉着一起玩的
打折了就买了，没什么别的意思
我也是19年朋友带进坑，入坑第一件事买了16年Envyus和18年MSL贴纸贴在远光灯上
大学毕业，撸狗转go，直接玩上瘾了
初中一富哥带我玩的
生死狙击烂了，朋友都转
高中的一个周末，同学在电脑上玩csgo的休闲，也叫我上手玩玩。上大学后，他们教我怎么下steam，然后一起玩5e，狙玩的好，有钱就会给我发狙。
小学在表哥家玩过，17年完美国服免费才开始正式玩，每年都在玩没断过
高中时去黑网吧上网看见有人玩，以为是他们在玩小时候的盗版cs1.6，一问才知道
舍友安利
21年12岁开始玩
17年在玩完美代理的另一个小众游戏创世战车，然后在完美平台看到国服cs刚刚免费就下来试了一试
初中和同学在网吧里第一次玩
今年高考完，8月份真正入坑小时候看阿衰漫画，就一直想打cs。后面高中同学给我玩过几次，虽然很难，但我依旧喜欢。暑假那会天天打，一次打十个小时，乐此不疲。虽然完美账号因为喷队友被永久封（因为那个队友丢雷火炸队友开局）但我换5e接着玩八月到现在已经玩了快400小时了，在c+徘徊，但饰品玩的不少看饰品的视频比学道具的视频多现在已经比较看平了，但我依旧热爱这个游戏
上大学买了电脑，没玩过游戏，先学人下了个steam，小白肯定是没有付费买游戏的习惯，先看看有什么免费游戏，什么？！在线第一？什么？！好评如潮？我到要看看这游戏怎么个好评如潮，到休闲起把野牛冲锋，从此踏上了一条不归路
倒余额发现有7天cd，想着放着也是放着，不如下下来玩一玩
初二的时候吧，经常能刷到排位掉龙狙的视频 然后了解一下发现很贵就喜欢看这种爽文视频了
我那富哥室友17年就玩树立绿宝石了
初中下载steam找免费游戏时候偶然找到的
忘了，总之高考完买了电脑之后几乎算是注册完steam后就下了cs，明明小学那会儿看表哥打cf都觉得爆破好无聊的
小时候玩生死狙击玩了很久，初二的时候疫情爆发停课了，在家发现了CSGO的新大陆
我猜一下，有没有之前看比赛上大学有时间开始打go的
开学刚买电脑，先玩了一个月生死狙击才知道steam上有个cs，从此一发不可收拾
被室友拉入坑的
小学玩生死狙击 隔壁同学玩 跟着下了个
高二的时候苦于PUBG去网吧玩被盗号封了，又觉得LOL打多了没意思，刚好好兄弟给我说CS国服开服免费玩，就开始玩了，不过当时玩国服死活没法进行那个荣耀认证和蒸汽平台绑定，迫不得已去淘宝34买了个激活码
24年朋友拉我入坑的，我本来非常反感fps竞技，但是他说无聊硬拉我玩就玩了，然后就一直玩到现在
那是16年的春节，那时候我12岁没有经济能力，那时候家里还在用x4 640 +750 ti的主机(512kb的网速下载cf要一下午，最后还打不开)，我用我的oppo n5 117看到csgo居然打折了，便求着我老娘用36元购入，购入条件为国内串门不许不听话
csfo免费，就这么简单
当年网吧不能上网……只有CS，红警几个游戏玩
兄弟萌，回来啦
揭晓答案，最终把这把破枪给了导购哥
揭晓答案，我最终还是把抢丢给了导购哥，这也是我第一次接触交易，余额来到了0.01
回想当时，经常宿舍5排，那段时光可以说是极度沉迷cs的。怎么说呢，最好玩的并不是游戏本身，而且组排的氛围以及**的损友吧
这里有个番外，导购哥在大学的时候一直倒腾视屏，但是后续毕业了（在cs刚发布的前期大概2/3个月吧）
他回了LOL的坑，完美避开了大牛
玩cs久的都知道，cs2刚发布前期一个月那个大牛预期非常足
后来我毕业那天我跟他说了一嘴，然后他说：别说了别说了，我感觉损失了一个亿，当时据他说晚一个月卖，可以多买5-6万元，各位可想而知这位导购哥的实力，当时还是学生已经有这么多钱
后来也就再没联系过。他退坑了，但博主倒是从一分钱到了现在几万块
tnnd我cf被十年了我就打打生化的休闲玩家。逼得我玩go来
以前玩codol停服之后转LOLLOL匹配机制把我恶心麻了23年开始就只打csgo和一些单机游戏了
朋友带入坑
舍友玩啥就一起玩啥，先和大学舍友打瓦，然后和高中同学打go，在和大学舍友打go
上高中的时候家里老破电脑打个lol都只有40多帧，当时看茄子玩觉得有点意思自己也下了一个发现游戏都进不去，高考完买了新电脑必须先下下来尝尝咸淡
小时候玩那种不知道是不是盗版的cs1.5还是其他版本的，有单机有区域网的，上大学之后想起来了就搜了一下
初中玩ssjj买号被坑几百，并且号也被毁了就退坑了后面玩cf不得劲，等高中换电脑了就开始玩了",https://tieba.baidu.com/p/10312260840,80,上了大学自动解锁CSGO
"现在升级可以得这个徽章吗，刚好还差一级就40了
什么门槛获得呢？
真有够丑的 像汽车人的头
检视还行，但是在个人名片上展示的看起来很丑
这个红色真好看
我2025年的现在绿色，现在30级，想肝到下一个颜色，不知道还来不来得及
最好看的还是2015服役勋章
一直不知道。打到红紫要怎么做到？感觉不可能吧！
一周升两级，也只有104级，再加上卡经验40级，怎么做到四转？？？我是真不信！
最多一次就是打到蓝色
红色好看，像苏联时代的，可惜肝不上去
这蓝色怎么看着这么浅呢 角度问题吗
帅啊，明年正好换，主要是今年也打不够了
如何在不封号的情况下拥有红色勋章
现在才十四级，有得哪怕普通勋章的机会吗",https://tieba.baidu.com/p/10314549859,15,【服役勋章展示】2026年服役勋章已添加到游戏文件中。
"你们觉得好看吗
比以前的有特色
这是真的？有点帅哦
可以换爪子刀了  这也太丑了
感觉像把17的嵌在18里一样
还行，挺好看的
啊？哪来的消息
两个半拉ak，下面仨螺丝孔
major竞猜奖牌复刻？
我现在10级，每周怎么打才能三转啊，感觉二转绿色好丑好像终端机还能加几级
我现在36级，是不是过了12月升到40级就能领26的勋章了
一股子苏联味儿
已经四十级了就等26年了
还是挺好看的
苏联勋章
可以吧
好像擦车里的那个logo
看这个感觉叉车回来了
确实挺好看的，双藤曼
感觉有点过暗了，一股苏联悲剧的灰色感
我二五年的好像还没拿到，这26年的就出来了！！！
灰色，红色不好看， 其他色好看
我靠，好看啊
毛子味不够足",https://tieba.baidu.com/p/10314201913,24,2026服役勋章
"租的箱子皮肤 过期还能用
不登官服就不会过期
666666
那50块租个火神是不是想玩多久就玩多久？
加仓热潮
收到，已加仓武器箱
来个人研究下
那还买个勾巴饰品啊，本来就是打平台的，来个董哥说下真的假的
还有这种事?
此贴终结 刚才跟朋友在完美打了把决斗，皮肤没了。应该就是上面那个人说的，只要过期后你不登录官服，就一直在
真的假的
此贴终结 刚才跟朋友在完美打了把决斗，皮肤没了。应该就是上面那个人说的，只要过期后你不登录官服，就一直在
这不是官箱的租赁吗，评论区说uu的租赁是什么勾巴
那玩5e这种第三方平台，能不能一直在
爽了，平台爽爆
没看懂，为啥楼主打了把完美决斗皮肤就没了，那意思只能看不能用呗？
我测？
直接平台进游戏 就不会消失我玩了一个月印花
感觉意义不大吧，一直不登官匹岂不是打不了箱子呀
卧槽？？？？
爆了兄弟
箱子租赁都是崭新的么
好主意
这应该是个Bug
6666666666666666
6666666666666666
6666666666666666
66666666666666666
666666666666666666
收到，加仓夜无眠
不进官服只打平台的话是可以的",https://tieba.baidu.com/p/10306187437,31,什么情况xdm
"不知道为什么明明延迟8ms网络却一直抖动跳红，队友都变成一帧一帧地走过去了（突然发生平均每个回合3次）而且屏幕ms忽高忽低额一会5.7一会突然变成11ms跟敌人对枪敌人瞬移打着真累
我也是",https://tieba.baidu.com/p/9887018075,2,完美平台很卡
"消息是早上6点传出来的，那时候还没进入新CD，理论上说上礼拜CD好了就应该有消息了，为什么这个时候爆出来
哦对不起今天礼拜五了，过昏头了
好像没有，现在有的图都不是今天出的
我反正是没见有人在更新后出，那张九头蛇箱子的图我已经在不同地方看到三次了
真绝版了今天抄底的人要翻倍赚
吃麻了
哪个帖子，是说稀有掉落干脆没有了吗？
稀有本来就不好掉啊（连着掉了三周千瓦的路过
我记得之前说手套箱子绝版了，原来是稀有掉落
哪有那么多人，现在挂箱子的早就被v社封的绝版了
消息都不知道真假就爆拉啊，胆子确实大
情绪到了  不管真假都能拉一波  直接解套
管他呢，情绪到位就是出货的时候喜欢追涨的人太多了。赚的就是这些人的米",https://tieba.baidu.com/p/10314967005,13,那么多人有人掉出稀有没
"箱子和枪涨了刀没涨
steam市场崩了，有点像真的
伽马翻倍了
我觉得假
但是所有稀有都绝版不就是等于没有利好吗，常规反而要跌吧
很有可能是真的，但是是真的不太可能
买个东西被卡报价
搞不懂现在那些buff疯狂扫货的人，有什么用，不怕撤回？
如果是假的不用管，如果是真的那稀有箱子获取方式要大改，囤了大概率要被v.社背刺
谁说的 谁说的 不掉落了 都掉常规的？
假设箱子真不掉落，大概率要出星星直购，绝对不能囤
真的，确实绝版了
后续感觉会有大更新，落袋为安了
所有箱子全部星星直购感觉一代手套要爆炸了
不知道，我调了个中端机，开了五个伤痕累累给我气笑了
如果是真的，刀子也会跟着涨的
不会又是出终端这样的箱子吧
肯定有一个大坑
v社：都来打武库星星，别挂箱子了
过年全部甩了
是真的，我从来没掉过
假的，昨天我还出了梦魇
如果是真的 常规箱也是迟早的事情 甚至后续都只出武库和创世纪了 老箱子被逐步代替 v社吃麻辣烫
常规箱子依然掉落，稀有箱子绝版 瞎意淫你老疯子呢
隔壁帖子都还是掉，假消息害人
掉不掉无所谓，反正也不会砸我头上，6年了一次稀有都没见过
感觉旧箱子进武库v社更赚钱，如果v社后续的改动方向是提高收益的话，那大概率是旧箱子进武库。
一眼假
事出反常必有妖
今晚更新就是真的
假的，不假亏的米我给你补",https://tieba.baidu.com/p/10314278659,31,稀有箱子不掉落了真的假的
"我的游戏时长有500小时，但是拿到的击杀还不如新手多，就是看起来比我迟钝地图也不熟不太会压枪的新手，他们都能打的比我好（我的KD经常是这样：10 ／20或3 ／15)伤害稳居倒一有时感觉身上装了吸铁石，经常第一个被颗秒，但是很少秒别人在工坊练枪的时候无论是固定靶还是移动靶，稍微压压枪就能爆到头，但是在实战中（比如我躲在在香蕉道）敌人从我面前跑过去，我ak经常打不死反而被反杀其次就是面对有掩体冲锋枪大拉来回的敌人，准星跟不到人，压根就打不到，反到被跑打冲锋敲头打成残血也有那么一段时间自我感觉良好，那时候玩狙能拿到很多击杀，基本见人就秒。但只持续了很短一段时间这种能力就消失了，现在反应反而变慢了感觉，也经常狙不中最后就是我感觉cs是我玩过所有fps游戏里最难压枪的了随机弹道……上手难度高，玩的心累，有没有什么变强的方法啊，该咋练，还是说我水平就这样了
1000小时起步
我的灵敏度是1.98我的屏幕只有60帧，多少帧最好？60是不是不太够，帧率低是不是会影响反应
一句话，想好好玩提升自己就找教学慢慢进步，道具，地图理解，枪法(配合地图理解的枪法，不是死斗打bot，那个没用)，最好找几个志同道合的一样组排，排路人你的打法就会脱离正确的打法(游戏底层逻辑——团队配合)，cs本质团队游戏，一个人杀第一久了就自己相信自己不会跟队友打配合了(当然碰到菜的没办法)
或者像我一样学点道具跑跑图增加一下理解，开始没钱吹子有钱大狙当瘤子玩，反正低分段玩的爽就完了，也不要求上分
为什么说打死斗或者创意工坊的练枪地图没用(其实死斗差强人意，起码有服役地图配合练枪)，因为我自己打aim rush(bot提前枪跑打)能打的不错，但是一到正赛比赛就不太行，本质就是地图熟练度还是不够，准星摆放不够精准，不知道peek角度速度多少，身位控制不理想，育苗一坨等等，这都要配合实际地图来加强训练，天天打bot你只是熟悉了打bot的地图，比赛地图比这个复杂多了(就算沙二也是)
升级一下配置吧
应该是打不到移动靶，我也这个毛病，创意工坊有打移动靶的地图
没有人能一直运气好状态好
你这是用4k在玩？这游戏分辨率再高也获取不了额外信息，大多数对枪都是局部碰撞，画面里东西太多还会影响反应。压枪是最简单最高效的提升方式了，不需要一个弹夹钢铁左键。杀人只要4btk最多5btk，压好前15发就能随便摁死你对局里能遇到的人
我把后坐力跟随开了，感觉提高了不少。不然有种习惯觉着准心瞄到哪里就打哪里
这战绩不如只玩冲锋枪跑打了至少还能为队友拉枪线
60帧的话 你帧数太低了实战影响还是挺大的
你的设备太差了，这游戏特别特别吃设备，设备不好你相当于先天让别人很多很多，再练也不行
楼主说的简直和我一模一样，我也是这样。打不准 没意识。可能年纪大了 反应慢了
你说的不就是我吗，1000多个小时，玩休闲经常一局都是0杀，又菜又爱玩
60帧真不行，我以前用60帧屏幕一直红rt，换240之后就1.3几了
灵敏度是1.98不会鼠标不能调dpi吧，建议换个好点鼠标/显示器，另外其实cs弹道是固定的，压枪练好了是能稳压的
买个1k 200hz以上的屏幕灵敏度拉低 说实话你这500小时不如人50小时啊
对比之下Cs弹道可不随机，玩玩瓦就知道啥叫随机了，拉出去定不到头就等死了
没前就先换个二手两百左右144hz的显示器过度一下你就感到差距了 上个A+没问题
低敏解千愁，我以前玩Cod的，高敏耍得很强但一直不会玩冲锋瞬狙，玩了CS不得不练低敏回头玩Cod发现以前一直不会的冲锋瞬狙也如呼吸般简单，低敏跟枪就是丝滑啊，跟吸铁石一样
60帧什么年代了小学黑网吧
多练枪多看教学，还有有空看一下第一视角的DEMO。。。我47了，昨天还看到一个48单排上S的大哥。。。
听你的描述你可能粘了下面几点：静步peek，选位人机，斜着走路，近大远小，明知对面是冲锋枪还不架大一点
有挫败感说明你足够热爱，，，慢慢来吧，先多打点休闲，死了多看打得好的视角看他们走位搜点和阴人。。。
500小时还算新手，换好点的鼠标，多练枪多打排位别怕死，慢慢来
我新手玩笔记本很卡，而且60hz.。插个显示屏，帧数100帧，就b了
这游戏很吃显示器和网络，我网络好乱杀，流畅之后手感都不一样。网络差感觉反应慢半拍，干什么都拖拖拉拉的",https://tieba.baidu.com/p/10313720289,29,打cs2的挫败感好强啊
"有点搞了
更新好久了",https://tieba.baidu.com/p/10315425891,2,突然发现完美app更新了这个哈哈哈
"前三那几个**，赢几个回合就在那一人扣一个问号。明摆着就是官配匹配机制的问题啊真以为自己很厉害啊，让他去打自己段位的人看他能不能碾压？对面一个B+一个B，还有三个不知道。我们这边就一个历史B，剩下都是C本地人
我一直在打伤害但是造成不了击杀，没手感（ADR80）
喜欢嘲讽的一般不是炸，是挂概率更大
开挂的也喜欢
装比呗 觉得自己人狠话不多
应该是完美被炸傻了，去官匹找存在感
他在疑惑为什么只是炸鱼老冯子也会上天
估计是被更高段的人打急了来找存在感，事实上越是高分，能炸鱼的更高分人会更少，这种也就欺负下新手和娱乐玩家，路边一条水平
官匹还较什么真呀，爱扣问号屏蔽他就行了
真正去炸鱼的除非必要（带彩笔老板上分也从不主动打？，会引起老板的反感，毕竟老板也是菜鸡啊），一般从不嘲讽，因为没有意义。等你有了可以炸鱼的水平，你去炸鱼，发现那都是自己来时的路，那些笨拙到脑瘫儿一般的操作，都是曾经的自己。打出的“？”，全是自己曾经的黑历史。   反正我曾打过多年CF，那些喜欢打问号的，大多是一瓶子不满半瓶子晃荡，或者就是开挂的，亲历队友开透视，还喜欢嘲讽，我身位队友都看不下去这种**玩意。当年CF外挂多猖狂，历历在目。总结以下，不必在意，只有弱者才喜欢在扣问号。
白银一不都是纯人坤吗...扣问号真的逆天",https://tieba.baidu.com/p/10314370677,11,为什么炸鱼的人都喜欢扣问号？
"好解读，今年喊囤刀，明年囤AK，囤起来囤起来
两把ak,所以是二西莫夫
满仓黄金pk
25年勋章爪子刀，也没见爪子刀涨啊，哥们硬解读啊
两把ak黄金ak中间有红线连着，说明下个版本两ak红线合一金ak
不是怪兽在b?
两把黄金ak，说明ak王朝了，囤流金王朝
收到🫡",https://tieba.baidu.com/p/10315167331,8,26服役勋章，暗示沙二下架？v社叫你囤黄金ak
"以前的
官方都告诉你明年AK王朝了
我还是比较喜欢今年的这个。
这26年的真好看啊，双AK
这些勋章都挺好看的呀，都挺有特点的
2024，更符合我审美
17年的
今年的不错啊 双AK，2027年双M4
25年爪子真的很帅
最难挑的一集
19/21/24
yysy，21和22的红徽章有点...你懂的，其他的到都还好
真的有人能打到红色吗
21 的不太行，24 嫩牛五方也不太行，其他都还可以
这么看颜色比款式更重要啊，这些红色的都挺好看的，但是基本没见过
喜欢17，25和26的
23因为我手打到了蓝色，也是我玩的最开心的一年
23吧
24.25最丑，不知道是不是看腻了的原因，反正圆不拉几的一托显得很丑
21，因为我真有。26年双AK，但中间的星星太小了
我只有23，我就投 23
哥 你说的这几个勋章我怎么在buff搜不到啊
入坑的晚 但感觉22好看 白色＋另一个颜色
16年入坑国际服只打休闲不知道可以领徽章，17年最后几天升的2转，所以觉得17最好
22的星星再亮一点更好了
23因为我这一年的断了
收到，加仓黄金ak
要等1月1才可以领取吗
15/16/24
26看起来很有质感呀
单纯问下如何才能在不封号的情况下能拿到红色勋章
老资历徽章
20年弄了个紫色的挺帅的
我想问，周周都过载能6转吗，感觉自己没少玩也才快3转啊",https://tieba.baidu.com/p/10314651617,34,【投票】近年来的服役勋章，你更喜欢哪一款？
"没搞懂buff卖东西变待结算金额可以用，uu卖就变冻结余额了
buff也只能用其中的小部分待结算余额
uu卖了你要自己提到余额里",https://tieba.baidu.com/p/10315352635,3,为什么buff卖东西余额可以买别的uu就被冻结了？
"对比隔壁刀塔2的用心程度和更新量来说不是V社懒，而是你游本来就是个抱来的养子，能出去给家里赚钱就行了，G胖说我都让CS2活着了还想怎么样
玩游戏，和谁是亲儿子有啥逻辑关系？
刀斯林这辈子都别想有cs的热度，游戏热度比不过赛事热度更是被cs甩开几条街，只能靠喊喊cs是养子来过日子了，酸死你得了
刀塔2的倒狗都被V社杀绝迹了，害怕普通玩家玩不起高端饰品，直接送就算了，还纵容bug复制饰品，以前好几万的饰品现在就千把出头
经过今年这些更新，估计都巴不得v社懒下去
dota早都半死不活了凭啥跟cs比  更别说cs的资本注入量太大了
不，现在已经是亲儿子了。我记得CSGO初期，制作组打的是Hidden Path，现在CS2直接打的VALVE
以前是领养的，现在CS2算亲生的了
是养子吗，感觉像看门的狗，三年没有一次大更新。隔壁一个月一次量都是这里的大行动的量了
大家都弃坑不玩了,它就当亲儿子一样护着了
现在是死锁了
没道理，dota2隔了一个间隔很长的时间才更新新版本7.40，还是个半成品
现在真儿子是死锁了
g胖在sd的描述中表示自己最爱的游戏是dota2，之前也透露过对dota2的喜爱，这个没办法，稍微好一些的资源肯定是个dota了",https://tieba.baidu.com/p/10314581355,14,说白了cs2就是个养子，隔壁刀2才是亲儿子
"哪套好？
1吧，单纯欣赏不来淬火
这俩都欣赏不来，要不再攒攒
个人觉得黑压只有爪子好看，淬火m9只要干净点颜值我觉得肯定比黑压m9好看亮眼
为什么不试试更便宜的蓝钢
好暗，m9+运动感觉还是双栖+P4/弹弓+自动化两套好看",https://tieba.baidu.com/p/10315347684,6,兄弟们帮挑选
"没绝版！没绝版！cs2开箱挂箱上下游产业超级大商说的
0.03不和绝版了一样
说是为了打击挂箱产业。
原来五合一是最后的上车机会啊谁让市场死 谁让市场燃
又要上月球？
又要起飞？
那感觉是bug吧不可能这么低啊，要么直接绝版算了
百分之0.03和绝版有啥区别吗
这概率跟绝版差距不大了
梦魇也快了，看这样子
0.03有勾八用，更低了，只会更贵
是聊天记录，不得不信了
要爆燃了
说不定以后出反恐精英终端机，手套终端机，伽玛2号终端机，突围终端机了，v社先吃一波买卖箱子手续费继续收割大游艇
聊天记录吗，不得不信了
1%到0.03%，和绝版有什么区别
每周打，平均63年掉落一个稀有武器箱和绝版没区别
一开口就0.03%，怎么不说0.00000003呢
这么多天还没吸够箱子？
哎哟我艹了，玩个破壁游戏还得天天看v社做妖不累啊
就别信什么0.03%，都是出货的张口就来
百3变成万3，比以前还难掉了100倍
感觉是为了武库的箱子铺路，毕竟武库能两头吃
1%我也没出过
吃麻吃串吃炸了
0.03%和绝版没区别，那1%和0.03%也没区别啊说的好像我从22年玩到现在掉过稀有箱子一样，而且今年还多加了个小号也没掉过
裂空是稀有吗
百分1我两千小时也没掉过😄
产出跟不上消耗就会涨。绝版和降掉落率是一个道理。涨的幅度不一样罢了。当然，最重要的是看消耗没人开，产出管够一样很难涨
所以现在掉落概率到底变没变
没区别，改没改对于我来说都是0，快3000小时从来没掉过
稀有箱子不是完全不出，是概率很低0.03%
我2kh就掉过一个光谱",https://tieba.baidu.com/p/10314376362,33,稀有箱子没绝版
"呢还说啥，直接给你了
我记得buff还价留言好多叫爹的
这是模板吧。你可以用抢劫那个模板他
就是不知道为啥，这哥们出啥问题交易失败了
不对呀，这个127咋估出来的",https://tieba.baidu.com/p/10314997388,5,太有礼貌了
"没想还有这么一把神仙ak，一看价格导购还没碰过真是撞大运了
请叫我cs2神仙饰品淘金客
这把好看的，就是磨损难以接受
拉过了 前一周价格120左右降下来的
第一把ak，后面换可燃冰了
局内不舒服
并非没有倒狗，这枪明牌强庄盘，还是河南商会的项目我这把用两年了，成本30，120也没卖现在饰品升级了放库里当纪念了
收到 立马把它抄上天
有品，这是我的第一把爱枪，看到第一眼就被迷住
容易腻我用过这个，但是太花了我受不了，现在换寒翠了",https://tieba.baidu.com/p/10314788783,10,复古浪潮yyds
"看看赚了还是牢了
第一把今天买的三件玫瑰暗金红线，原价1788还价1640购入
第二把泰坦15卡托 15克鲁日 Ex6TenZ15卢日纳波卡
第三把玛帕丽0.00极限磨损带五连气味相投爱心 卖家拒绝还价，这把原价520购入
Counter Logic Gaming全息四连红线原价988 我用868现金加一把四连贴纸酒精富士山换得
极限酒精四连红爪红线 原价500刀了20 480带走，感觉这把买亏了
略磨火神 原价3499 还价3380买来的
0.00极限磨损四连奶瓶极寒三色，溢价100购入
双14泰坦次时代 240买的，卖家还价没回应，真的喜欢就买了
这把2088买的，我感觉赚了，你们觉得呢
30块小玩具，溢价20块左右吧
崭新卡特尔四连小泰坦 原价1666还价1420购入，感觉牢住了
把我四金盾石墨黑收走吧
我最近也在找传家宝，想收个14科隆全息小眼镜头狙一直没有合适的
这把双泰坦噩梦沙鹰也是今天刚买的 原价386 我直接大刀292卖家没同意最后320带走的
第二把噩梦沙鹰，贴的比较好 160买的，这个溢价10块，不牢最近没用 放UU 2块一天租给别人了 这回报率🐮比把
我实在太爱爱心了，这把搭配我的玛帕丽，女大专用套 急售3710拍的，溢价200
你游鄙视链末端可燃冰我也整了一把略磨暗金可燃冰四个闪亮贴，溢价好像50块买的？忘了，不是很多，随便整把收藏
连喷小玩具，溢价10块
买这么多红线
四连全息老鼠
我最爱的AXIA，这把磨损也是0.00极限磨损，你看这个颗粒纹路，你看这个枪管反光，这把枪不需要任何贴纸，原皮已经是goat了
小玩具，我给他命名为 炎龙
又是红线，暗金四连普通老鼠贴，溢价50，给小号用的
这把是我原本今天想买的，但是还价50卖家拒绝了，我就买了上面那把了，喜欢的可以去冲
最近再收咖喱，目前没看到我喜欢的
为啥介么多红线
想收个警告咖喱，但是警告咖喱量少也没贴纸枪
这把传承自己贴的闪电，崭新1488买的套牢了，一直在找机会解套
渐变血爪吹风机小玩具，当时溢价10买的，现在和底价持平了，这把肯定套不牢了
红苹果小玩具
红压火焰，不耐玩， CD到了就卖了，今天刚卖掉
5000买的，准备留给下一代了
我的卡特尔，建议卡特尔贴全息比较好看
溢价三百买的传家宝
卡特尔原皮就挺好看的，我是喜欢血腥运动配四连faze贴纸好看
目前就这些传家宝，等买到好货了再来分享
没米只能买单贴的
全是购入的传家宝，虽然有点溢价，不过我认为传家宝自己喜欢就行了，拿到快乐就好
看看我的传家宝
顺便问问有没有想收这把的
吧友们，刚收的，92收的咖喱传家宝
好了，最近没什么传家宝想收的了，看眼缘收了
太传了，溢了三千买的
这是我的传家宝，好多年前4000块钱买过。然后退坑卖了，几年前，20000块钱又买了。然后又再次退坑。这次回来又看到他就直接买回来收藏了，三次都是同一把。其他磨损的我也不买了，就它了。每次回坑一段时间都能遇到他，也算是一种缘分
楼主还收破烂不
巡逻叶✓又换小号了
名场面 溢价200
新鲜收的两把传家宝P90，奉劝各位，没事做的时候别上急售乱抬价，这不给自己整了两活宝
楼主看看我的传家宝不",https://tieba.baidu.com/p/10305075154,50,早上上班没事做，来看看我最近买的传家宝吧
"到底本周三后有没有掉落稀有箱子，来放个截图呀
我这周都没看到晒箱子的，只有晒枪皮的，今天倒是有冒出来说掉落了稀有箱子的，自己判断吧
有些人上周打了没领，周三周四领取，就有了稀有箱子的领取截图，有没有亲自打了掉落的，不要道听途说的",https://tieba.baidu.com/p/10315461192,3,掉稀有箱子的出来辟个谣啊
content,link,reply_num,title
"我想问完美和朋友组队有没有只有组队麦啊就是路人队友听不见的麦
充vip就有，就是你排位界面，打字那里的聊天框，右边有个语音麦克风，算是团队语音，不过只有vip能开
去下载一个语音聊天软件就好了，比如说oopz，kook这些，我两个都下载有。都挺不错的，也不会有啥延迟",https://tieba.baidu.com/p/10313814068,3,兄弟们我刚玩
"我今日在uu购买一饰品，结果一直没有收到货，查看发现显示交易暂挂，还有20天才能给我发货？我能否取消此次交易？下面写我取消交易会被封7天？这究竟是什么操作？没有见过啊。我该怎么办？
别取消，等，谁取消ban7天
正常，等就行了，我也遇到过
这个封号是封你的steam号，不是平台想封你号，所以别取消",https://tieba.baidu.com/p/10315032485,4,交易暂挂求助
"捏了两年终于结束了
祖宗托了个梦给我
3000的荷鲁斯不下也赚了，拉到7000-8000了
傻子年年有 今年轮他家
除了导购自导自演，有人买？
看来不好找接盘侠啊
好看确实好看 我之前3000多的时候就想买了 可惜我打一局比赛都不一定打一把A4 所以就算了
这么明确要下架，为什么不满仓武库
本来想建仓的 那时候酒精才一千多 但是我看出租才七毛 又不想弄一直拿包租公的思维看
马后炮
跑两把 还有的建议先跑路 短期看跌
捏两年这钱该你转
别扯什么自用玩家",https://tieba.baidu.com/p/10307956328,13,当时你们笑我是傻子
"如题，我上周租出去了一把刀，然后在转租的时候，对方在归还的12小时内不发货，然后下一个租赁的人又在这12小时内取消了订单，等到下一个租赁的人的时候又是这样，又是在12小时内没归还，下一个租赁的人又取消了订单，这样的话，那他岂不是一直在免费白玩我的刀，虽然过了租期，那像他这样，饰品在他手里卡着不发，会不会按照时间继续给我租金。有没有大包租公解答一下，谢谢啦
属于白玩不给租金 取消转租吧
没辙只能取消，现在很多这种搞得租都要提前一天租省的不发
自己收回呗
活不起了这种人
巨恶心这种人，只能取消订单，我以前搞出租的时候遇到过不少，建议宁愿等七天cd都别便宜他
看来就我一个老实人，到期了马上还。白玩有人提示归还了也是马上就还。
请假一下楼主  怎么看租的饰品是要直接还还是帮他转租   租了一套饰品里面有0cd也有常规的  分不清了",https://tieba.baidu.com/p/10314709056,8,租出去的刀被赖着不还了怎么办
"之前也发过一个帖子说自己特别想要一个爪子刀，愿意用其他饰品来换，这个也是心心念念许久了，但无力于自己还在读书甚至没成年，然后成绩也是一般般，感觉对不起父母的付出一直一来都挺愧疚的，也不知道我爸哪得知的这些事情然后就有了下面这些，大晚上的感觉眼泪有点止不住了顺便问问5000推荐哪些涂装
祝家庭幸福，万事如意
羡慕了，真幸福
羡慕楼主了，尸检楼主之前的贴子，感觉识体暖暖的，鼠鼠父母对鼠鼠很好，但是就是不支持鼠鼠打游戏，觉得鼠鼠玩游戏就是吸毒，鼠鼠都是自己攒钱买饰品玩
能加点预算就黑压，不行就人工染色，还能配个手套，生锈也不错
恭喜， 可以买个生锈爪再配个手套，大猎酒精 深红酒精  渐变酒精 一线酒精这些都挺不错。
5000只有黑压是真神，破损都够
租着玩能玩很久
单刀的话黑鸭，刀套生锈配大猎
真羡慕
黑鸭或者锈爪吧，黑鸭不用调绣爪便宜点但要挑挑刀面啥的
真幸福真好
略磨紫罗兰，质感无敌
神仙父母
先租七天黑压试试
租啊，现在这个市场环境，3位数往下跌的…去uu看看，每周还有免费的玩，每周甚至能换着玩
推荐先给小水补几个万代的hg",https://tieba.baidu.com/p/10268145334,17,也算是圆梦了
"就追光谱箱子了赌一把，用我流浪者赚到的钱来赌箱子是不是绝版，只要箱子绝版光谱武器箱最起码一百块一个
太有魄力了
蛇怎么就到4.5了，昨天还3.5
假消息
涨到50顶天了哥们，你要看产出物的价值上限嘛，手套和反恐为什么贵，不就是因为崭新手套和661，富哥追梦主播整活才会开。
光谱二可以买，我都是二十多囤三十多卖的，就算没更新一年总会有时间到三十多，可惜现在只有两百多个了，前几周燃了卖了好多
假消息，稀有掉落箱子并未绝版。这个消息目前知道的来源是一个steam库存市场管理浏览器插件的发的，然后今早起床刷几个抖音就看见有些导购直播狂欢稀有掉落下架。
你别逗我笑了兄弟，一个箱子进稀有翻倍顶天了，这次等于十几个进稀有还想拉多高
价格下来了，快加仓
你这也赚不了多少啊。囤箱子都是一个组件一个组件的囤。再少也是几百个的买
追涨也不是现在追啊
不是假消息吗
18年这箱子一毛钱你不囤，现在晚了",https://tieba.baidu.com/p/10314523431,13,追了没办法忍不住了
"有没有哪个神人知道啊
能啊，有黄盾，撤回权利在人家那边",https://tieba.baidu.com/p/10176700395,2,如果我买完饰品就开挂被红锁了饰品还能被撤回吗
"炼金给脑子炼坏了还是有什么配方必须要酒精
这个怪像前两个星期就有了，不知道为啥
有些枪久经存世量特别低，这个不清楚
锁磨损了
开箱网扫久经，好像是
酒精容易出多普勒
五个酒精必出宝石刀
导购是不玩游戏的 谁说久经不能比崭新贵
88dog炼金好像全是久经的",https://tieba.baidu.com/p/10297357581,9,什么情况 为什么酒精比略磨崭新都贵
"大佬们这个屏幕边上的黄色边框是啥，能消除掉吗
没人吗
看看你是不是打开微信共享桌面，或者录屏软件
应该是在录制画面，看看你是不是用了OBS这种录屏软件什么的",https://tieba.baidu.com/p/10306395333,4,萌新求助贴
"投机市场采访什么 都是闭眼瞎蒙 也别说什么这那那这的
给钱就行，都挺忙的
给钱就行，都挺忙的
给钱就行，都挺忙的
给钱就行，都挺忙的
给钱就行，都挺忙的
给我买瓶冰红茶就给你大调查
一个布达佩斯胶囊接受采访
买了个优先账户
倒贴钱都行，都挺闲的。
一瓶可乐起问
给钱就行，都挺忙的
给钱就行，都挺忙的
给钱就行，都挺忙的
要问啥
roll吗
新闻学社会学还是🐴院？来问呗，有时间就回",https://tieba.baidu.com/p/10302255009,17,我在做一个关于cs大学生饰品的采写作业，请问有人愿意接受采访吗
"注意很久以前单个稀有箱子的掉落概率就是在0.02%～0.03%之间徘徊，只是总的概率加起来有1%，实际上掉落都是独立事件，并不是说100个箱子里必出一个稀有，然后稀有里再随便掉一个
V社认为稀有箱子掉落应该像彩票一样，是小概率让玩家惊喜的事件，所以不谈对V社的好处，这样做目的有两个：1. 增加稀有箱子价值，提升玩家得到该掉落的惊喜感，以前中了奖可能就十几二十元，现在箱子涨了就是几十几百元2. 一定程度打击挂箱产业，维护游戏环境，现在这么低的概率，只刷常规掉落很多工作室开不下去了
吧里好多人追了，你这个帖子要是打破人家幻想了，到时候会被冲烂的
发点假消息又能涨
所以现在疯传的稀有箱子掉落概率变为0.03%，如果是总概率还有可能，但也需要证据支撑，如果是单个箱子概率，那直接可以说是完全没变，不知又要套牢多少人，总之现在谨慎观望是没错的
原来大行动武器箱是进稀有掉落，我以为真的绝版不再增加了
狂牙箱子呢
v社，劳资一句话没说。你们这些倒🐶操纵市场。每天死几个“前职业选手”都有人信，这种事你们肯定深信不疑。
说实话稀有掉落百分之0.3还是百分之一对于普通玩家来说体验根本没区别，根本无法验证
这消息的来源是开箱网，然后他统计的数据是昨天到今天两天的数据，样本少，这波是老外假打，导致国内跟团，然后集体暴毙
笑死我了，跟大妈抢菜一样
网传不是稀有变绝版了吗？这周真没人出过稀有箱子吗？附上一张网传的图
人云亦云，等几天看掉不掉不就知道了
创世呢
大概七年能掉一个稀有箱子
稀有枪皮概率是不是也改了
换个思路想，你只有99%的概率能拿到常驻箱子，那剩下的不管是多少概率，加起来是不是1%",https://tieba.baidu.com/p/10314571096,17,关于稀有箱子掉落概率问题
"目前用的蓝顶 844 试过了很多都没有和服配红线那种适配感野荷买不起
看看怪b，颜色感觉还算可以
午夜层压板也是紫色
黄金ak
传承闪耀蓝龙四连吧，同色系太容易腻了，也没有特别性价比高还合适的，可能新金ak算一个
夜愿？之前太子好像有一套4连大眼夜愿配潘子
x射线或者火蛇？
霓虹骑士
皇冠火蛇吧，看着就像老玩家
金贴传承。皇冠火蛇
抽象派
好贴红线or霓虹骑士
霓虹骑士，看这样配的人挺多的
寒翠或者红线
复古浪潮也不赖
火蛇，x射线
看看淬火贴纸枪
枪皮不追求和手套一个色，不然选择太少
我是用的崭新皇军藤蔓，感觉还可以
黄金ak
黄金藤蔓
必须梅毒
夜愿，暗处荧光紫。。我也这么配的
精英之作啊，主打吕布骑狗，而且精英之作本身是不弱的，就是档次低了
淬火还是得挑全蓝屁股。去看看4和978和463
燃喷或二西莫夫，黄紫撞色搭配
我一直配的淬火
潘多拉配霓虹骑士吧，紫色系
潘多拉配霓虹骑士可以我之前这么配的现在树梨我配的血腥运动和藤蔓
好贴纸火神
我游戏里遇到的副歌 都是配野合 淬火 还有火神",https://tieba.baidu.com/p/10314761259,31,潘子配啥 ak 啊
125叠券买的，到手发现没有sn码,https://tieba.baidu.com/p/10315124980,1,qck hv l求看真假，采纳一瓶可乐。
"预算2.2收一个无损迈阿密！就这么多预算了，我的哥
自顶！",https://tieba.baidu.com/p/10315257341,2,视频交流｜收略磨迈阿密
一组件的东西不多,https://tieba.baidu.com/p/10315345562,1,刚发现坐牢几年的阿努比斯涨回来了！
"1.关于红合金的更新首先我相信所有的老玩家都没有想到这个更新，新玩家反而可能会。为什么呢？因为这个改动相当于改变了箱子的爆率。至于这个合成功能导致了多少金的产量？我看到很多人去查红的存世量，以此推算金的潜在产量。其实，没必要这么麻烦。经常开箱的人应该知道，当你同一个账号开出了3～4个红的时候，基本会产出一个金。这和完美世界官方公布的爆率匹配（0.639% 0.256%）。所以理论上，一个箱子产生了n个金，相应箱子的红应该是低于3n个。而现在官方是5红合1金，也就是说，理论上合成的金不会超过现存开箱爆出了的金。比如一个以前开箱得到潘多拉，理论上它对应开箱产出的红只能合成0.6个。如果算上这么多年商业红锁，玩家作弊封禁，死号的因素，实际上会低于0.5。 也就是说你可以认为合成的金只有现存世量金的一半以下。 有人会说粉、紫来向上合成，当然可以，但成本不低，你要知道枪械合成是10合1.以上我说的都是针对已稀有的箱子，如果是常规掉落箱子，你可以理解无论是金还是红，都任然无限产出，所以要和稀有箱子产物区别看待，因为稀有箱子的产物你可以认为已相对固定了。
2.对市场价格的影响我们看到23号和24号市场被情绪带动砸崩溃了。为什么我这个贴等到今天才发？因为我也在24号抄底了，为什么抄底？很简单，通过我自己的估算，超跌了。举个很简单的例子：我自己估算潘多拉合成的产出会低于0.5n个，更新前，它的市场估值是6w，而24号那天，低于3w就可以买到，所以我觉得超跌了，因此抄底，当天买了不少，但结果大家都知道了，基本上全部被撤回。只有少数的没有，比如镇楼图。所以这也是为什么等到今天才发帖，CD没过，我其实是希望绿牌们能继续喊崩的，这样可能继续抄。。当然我说的都是已稀有的箱子货，常规掉落的金我认为未来弟弟皮（小金）会持续低迷，只有少量所谓的大金，会比较坚挺。
不管怎么聊 金只会越来越多
老哥，不用说别的了，你觉得这个月几号市场爆炸哦，下个月
定心丸
3. V社更新的用意及后续的影响这个更新有人说是为了打击导狗或者第三方平台，是为玩家着想，V社不爱钱。但又有人说是为了让玩家回归steam市场，赚更多的手续费，真的是左右脑互博了。实际上这一次我也不好断定，如果是以前，我会认为V社是为了规避没有保底机制，为应对监管而被动做的调整。（其实以前算是有隐形保底的：0.256％的概率是固定的，但需要开出大量的箱子才能实现，所以这个红合金，就是明面上的保底）为什么我这一次会迟疑？因为我认为现在V社的开发团队有内鬼。其实早在CS2未正式公开内测的时候，市场上的原皮刀和伽马系就大涨过一遍。如果你说是因为当时内测的工作人员多，不可避免的有人根据开发进程建老鼠仓，我能接受这个说法。但到了热潮箱子的发布，初期宝石刀的爆率居然和普通多普勒同一概率，我就不认为是人为失误了。是有人故意为之。所以，大家关心的未来V社政策稳定性的问题，我只能说：在有内鬼的情况下不好说。 否则这个红合金的更新，我认为是好事，一方面消耗掉之前开箱的累赘产物，另一方面加入明面的保底，不怕铁拳突然砸下。而现在，万一内鬼还想赚快钱，突然整个新的幺蛾子？ 真不是不可能
最近是真不想买了，一买就撤回，我还是等价格平稳了再入吧这样至少不会被撤回
你小心马上空🐶穷🐶会来这里说，你胡扯，蝴蝶刀马上要新增好几倍
现在是炼金和导购相互僵持着，看似追涨今天一下就跌了。这次红合金最大的意义就是给所有玩家一个提醒，知道饰品价格虚高不要轻易入手。
4.对于目前舆论环境的看法这一波CS真的是出圈了，吧里来了很多不玩游戏的绿牌路人，当然还有很多这大半年两极互转的吧友（唱燃唱衰）。同时还看到一些和游戏不搭边的生活舆论媒体，也在说“CS饰品资产大缩水”的新闻🤣对于吧里的绿牌路人，他们的反应其实很正常，现况就是一个游戏的皮肤价值大幅缩水，还是n+7的市场，当然是开启嘲讽模式啊！但是对于黄牌吧友也能被带节奏的，那我只能说：哈哈哈哈哈哈了。你们知道24号当天饰品被砸到21年水平时我的心情吗？我当时在想：时光真的倒流了！居然还有重新再来的一次机会？！很多吧友叫我大佬、富哥，其实我是不认同的，比如之前潘多拉到了6万的价格，你让我再买一个给小号用？我很难下得了手，但5折大折扣的情况下，假设我3万入多一个，加上我之前的2个的估值平均是更新前的4.5w，我是能接受的，因为按我的估算，即使全部红皮合成金，也不够导狗和高端玩家分的，根本留不到普通玩家那一份。再次强调，我上面举例都是已稀有的物品，不是常规箱子品类。对于普通玩家，未来玩弟弟手套和弟弟刀皮成本不会高，是好事来的。所以对于喜欢用n+7、 k线来分析这个市场的，我希望你们加大力度，而对于吧里众多的老师：我依然是惹不起躲得起的态度。（其实你说一个老师，经常说自己买了啥买了啥的，又不提供购买凭证，就截几个不知什么时候组建的图，说自己屯了？！然后又说自己不收会员，但却让人私信他？？哈哈）
5. 关于撤回机制这几天很多人都受到撤回的影响。还有人说要举报撤回的，也有人说举报没用，这是V社给的权利。我想说的是：撤回这个机制V社一开始就说了，为了保护玩家的饰品，避免诈骗。也就是说这东西是给你用来补救的，而不是拿来滥用的。有人说举报对方，不是不打自招？ V社不允许商业行为。其实第三方买卖真的算是商业行为吗？我记得以前有人问steam客服，想要巨龙传说，但在游戏里没法获得，问获取途径。客服的建议是上第三方买。。所以，我理解的商业行为，应该是你利用steam交易机制，从事商业活动。比如开一个网上超市，允许用饰品充值或作为代币，这肯定是商业行为。玩家间购买饰品，这个应该不算。（个人理解）所以，如果因为卖飞了，滥用撤回，我真的不知道V社会不会对这个账号进行特定标记。我个人的话，不建议随意撤回。
OK，说了一大堆，不知道有几个喜欢看的。以前我确实喜欢分享看法。毕竟是从1999年就接触beta版本，1.5版本打过所谓的比赛，1.6、 CSS一路走来的，对这个游戏有不一样的感情。但到了CSGO以及CS2之后，大家的关注点都是皮肤投资上了，少有人真正在意游戏性方面的更新。其实最近的游戏优化和稳定性应该是提高了不少的。未来我也不会经常分享看法，关注我的其实可以取关的，我现在就是自己玩自己的，无论游戏还是饰品。最后再提醒一句：真有钱有眼光的，不需要拉会员也能赚钱，小心各位老师们所谓的好意。
但是真挺吓人的这波裤子给我跑掉了
以上，本贴可以转载，但请注明来源。 之前有人转载后当成自己内容，装老师。  我以后分享的内容不会太多，你转去真没用。 再会
很蹊跷的，十月五号左右很多红皮的酒精略磨就开始炒起来了，而且整个导购圈下半年的主要项目全是千百战
“常规”物品崩塌已然是事实，现在也就抢撑体面罢了。但要有人说几百甚至几千买到宝石？那真的不太可能了。我觉得v社后续肯定是有更大的更新的，比现在刀套品质更好的稀有物品。
现在买个饰品又要担心被撤回又可能会被游戏背刺，谁爱买谁买
老哥你怎么看有一些人说cs市场有可能让稀有武器反场。论据是外网爆料的终端机还没友金以及前几个月的武库竞拍，个人感觉这些都传达一些不太好的信号
支持帮顶
因为未来可能会删除所以箱子，开箱本质是赌博，所以刀皮手套都会上武库直购
看燃，但是感觉撤回不解决买方意愿不会太大，有点难搞
但合成的红这么多。肯定远不止开箱数量的两倍甚至三倍了。像这样推的话，能合的金就更多了。
感觉摇摇欲坠的市场只需要一根稻草就能点燃恐慌情绪，2324的超跌绝不会是个例，现在才是真在击鼓传花
我更倾向于武库会直接塞进能用星星换的刀套
好贴收藏了
这个点发这个，贴吧大部分会骂你导购说白了，跟穷酸老鼠没什么好说的，狠狠抄他们的底，赚他们的钱就行
原来一直以为金的概率是红的1/5，原来只有1/3么
燃喷要准备炒一万了
有理有据
我c老资历
对这个机制彻底失望了，24号抄底了两套准备自用，还没暖热乎就被撤回了，真无敌了
其实还有一点很多人没看到的 现在刀的租金高的吓人 前两天年化能到50%以上 这种情况哪怕买了刀跌个20%都能接受 所以未来刀的走势真不好说 没有人能说清楚的
其他的我都认可但是说的超跌我不认可，22号的价格本来就是左右手倒腾上去的，现在的价格又被炒上去，价格很明显是虚高的，现在入场的基本上不都是接盘去的吗
我感觉v社内部应该是不禁止雨昂炒饰品的，现在的更新上来看大体方向是在脱离赌博的范畴，还有就是在不断制造稀有磨损的稀缺性，内部员工只要不搞内鬼靠后台随意增加饰品，炒饰品对官方的权威性是不构成影响的
来玩彩虹的
叫什么叫
抄了7w被撤回了2w的货，本来想着30号跌下来补5w进去，也没机会了，撤回还是挺恶心的，一波少赚了将近2w，不过我觉得v社此举就是利好玩家，延长寿命
蓝宝石爪子刀未来存世量大概会增加多少百分比楼主
能锻刀挺好的，又可以买到便宜的弟弟刀了
老导购的从容不迫
已经要暴跌了 各大社交平台都在出大货
未来怎么看🥺🥺🥺，亏了几k心疼死了😭
前排膜拜大佬
我是认为刀子手套能炼出来，那就什么都不一样了市场回不了过去，未来也不乐观
v社如果能直接参与刀和手套的定价是最好的，这样至少有一个底部
说实话拿炼金说事的很大程度是忘记了贴纸市场的疯狂，五红合一金出来后更多是金的价值被转移到了红上，很多人说炼金能炼出刀所以刀一定跌，但我为什么买来炼金材料一定要炼呢，既然金没跌价，那么红就一定会涨，我只要拿着就能赚钱何必要担风险，说红量大的想想贴纸的数量多么庞大甚至基本没人买来贴，上半年的贴纸市场照样那么疯狂，这个市场的底子就是cs稳定的在线人数，现在唯一的风险就是v社短期内继续乱搞，不然跌幅不会超过23号晚上了
还有就是v社一顿乱搞下来，现在已经无人在意依然没修复的运动手套🐷手和奇怪的爪子刀切刀卡顿了。。。
老哥终于更新了
这次我是长期不看好了，我没法说服自己csgo市场不会变成dota那样。等到时候价格稳定把账户余额换成美金再说了，我宁愿把钱放在美股这个大泡泡里也不放在csgo里这也是我最近很少炒币的原因，加密货币和v社市场在我心里没任何区别
大家，我又看了一下，发现我用经验来估算还是算多了。按照官方的红、金爆率：0.639% / 0.256%=2.49609375  也就是说开箱出一个金，对应的只出2.5个红。所以估算的锻金产出，理论最高值是1.5n个，而红因为各种历史原因散失，还有部分玩家会留着红自用，所以我估算：某个箱子的金，它的合理估算存世量总共应该是：1.3n~1.4n之间所以，5红合1金，V社并不是随意选择的数字。这样来看，除了初期锻刀热情高涨会短时间造成供过于求外，长期影响没有想象中的大。 包括常规掉落的箱子，要锻造一把新刀，你需要开出2个金的量才能合成。所以手里有货的，无论是以前买的金或者红，或者箱子，目前应该都是低估值的状态。金已经开始回暖、红已经拉升，箱子未来不仅会回到之前的位置，还因红品质的高价值，而补涨。
请问哪些是稀有箱子
第一天软件都卡崩了，只在steam上面把余额买完黑箱子的低价红，看到你说绝版稀有掉落会涨，我就抄完两个软件的所有余额全买了红，今天最后一天几个钟头被撤回好多，心累。
看炼金辅料渐变琥珀就知道有内鬼了。更新前一直拉到一百多一个，谁会无限吸货一个常规掉落？拉高了出完给接盘散户，直接暗改炼金公式从此成为路边一条
我想问问咆哮哥对于棱彩1和2的红的看法，目前steam市场酒精都是到了70刀，buff大概270附近，折合余额比例0.65，这个价值，还有上升空间吗？
原本10个筹码8个在商人手里，2个在富哥手里。V社一更新，筹码变成了12个，并重新洗牌，分散到6个新入局的玩家，富哥增加筹码从2个加到3个，商人手里只剩3个。大家觉得，未来的牌局会像以前一样死水一潭，还是更活跃？V社这一步棋其实很开明，不得不服。
bd 正常言论 最近绿牌闹麻了
话说楼主在炼金更新以后有改过箱吗？我开了230、240个，大概就五个崭新，略磨就十来个，感觉崭新概率似乎变小了？
有一说一，黄盾限制了冲动消费，尤其是炼金术士的消费。因为过去走平台材料买齐，脑子一热就打了。现在黄盾限制你七天不能动，到cd了一看材料本身涨价这么多，理性的玩家直接就转手卖了。相当于上级出现了套利空间，但在下级材料的价格波动中就直接完成了兑现，因此上级数量的增量远远小于理论预期，下级消耗量也小于预期，最后是赌狗来完成负期望的炉子。
赋予红色品质应有的价值，增加远古贴纸的流通性，这就是导狗V社员工的市场调整。导狗开发团队的存在是把双刃剑，一方面不用担心饰品市场价值的崩塌，但你不知道V社内鬼下一个目标是什么。总的来说，在自己风控范围内投入，前景还是稳的。
E神 永远的风向标
新的社区创业工坊征集，改成了买断制，和梦魇一样。过去都是分红吧，现在改买断了，V社的胃口越来越大了啊
e佬阿努比斯下架了
e佬，大的来了，前几天阿努比斯下架，今天稀有箱直接绝版，新的时代要来了吗
老哥，稀有箱子掉率更低了
关于有消息称单个稀有箱子的掉率从1%变成0.03%，我不知道是否属实啊，V社没公布的情况下，只能留待时间来验证。假设，真的为0.03%掉率：1/0.03%/52=64也就是64年才有机会获得特定的稀有箱子？？这其实和绝版没区别。 拿bot刷箱子，每周也需要3,333个账号才能掉一个。。实质上就是绝版了。当然你依然可以嘴硬没绝版，那你觉得刷箱子的大商，在这个掉率的情况下，会多少钱卖你？至于绝版的影响，非常深远。我这里就不做预期了，自己把握
大家最近很关注的一个更新是新叉车地图是否上新。就我个人而言，cache的吸引力没那么大，因为这个地图结构不大改的话，和阿努比斯的节奏差不多。而现在阿努比斯也回炉了。其实V社手里有几张压箱底的地图还没拿出来的，我个人更倾向于de_tuscan和de_cbble，托斯卡纳在CSGO的末期其实已经更新了，但没经历过比赛的洗礼，也就是没验证过。CS1.6老玩家对这图的执念依然很深，这个图既有游戏性，观战性也不差。不知道V社会不会出其不意呢？ 以上
de_tuscan之前在GO时期上过，后面怎么没后续了，是不是V设认为现在年轻人没怎么经历过1.6干脆不放了",https://tieba.baidu.com/p/10174575836,67,闲聊几句
"卧槽给老资历跪下了
卧槽给老资历跪下了
卧槽给老资历跪下了
卧槽，真老家伙
啥年代了还搞这种
卧槽给老资历跪下了
老资历我好崇拜你
卧槽给老资历跪下了
这个在哪看的？
闹麻了，我22年选吧主号没了重新搞了个号现在都13级了
卧槽给老资历跪下了
无双呢
闹麻了，十年勋章看看
怎么说，我是勋宗吗
吓哭了
卧槽给老资历跪下了
老东西
豁哟老资历
比你久哦。4025天
老资历别找🌿
卧槽给老资历跪下了
闹麻了，谁没有啊
刚才翻了下，以前的物价确实便宜，现在都是泡沫
给老资历跪了
你是go吧
卧槽给老资历跪下了
我完全同意
一个闷雷把老王八们都给炸出来了。
在你面前 我就是个新兵蛋子
13级就算老资历么
不似的",https://tieba.baidu.com/p/10311969272,31,怎么说，我是不是go吧老资历？
"我觉得有可能，但是后续肯定是上架到武库上面现在还买箱子的等于死路一条，箱子是人家v社吃饭的玩意之前5合一明确告诉导狗别动人家的蛋糕这一波稀有不掉落后，后续极有可能上架到武库上面
没吸到低价货 急了？
有远见的就去屯画廊这种绝版货而不是屯过去的稀有箱，v社修改掉落机制和下架阿努比斯包就是明确告诉所有人买我商城的东西时间到了就给你们下架，现在发现5合1都打击不了导狗极有可能武库上架过去稀有箱子了
你当武库星星是白给的？？
太勾巴招笑了，我感觉v社已经偷偷囤了几万个箱子，自己拉高了卖，之后创世纪开启轮换，再割一波
真要上架有必要多此一举吗？
有些人这么急干嘛一切都只是楼主的猜测，只能利好不能讲利空？重点要看v社还掉不掉落稀有箱子，真掉落了还好不掉落了你们自己看着办楼主只是把这个可能性讲出来
问题是这大概率是今年最后一次更新，圣诞节放假至少放到明年一月几号吧，吃一个cd的波段还是能吃的
看到有人已经掉稀有箱子了
听说是改成0.03%
从1% 到0.3% 还是多少来着，反正更稀有了
把稀有箱子放武库的真是个人才，那么多老箱子，放了谁还去开新的，饰品生态还怎么发展。而且，17块的钥匙钱不赚，赚11块的星星钱吗，总不能几十个星星兑换老箱子吧。都是经济学人才
囤画廊真给我整笑了
这波我也感觉v社后面要搞幺蛾子，已经把我手套卖掉了（区间货，崩盘了求购都没地方丢）。后续箱子的产出会不会放进武库我不好说，我觉得不太可能。但是创世终端轮换很有可能会产生影响，说不定有新的金或者复刻。为了规避风险我换个便宜点的底价手套玩了
上面屯稀有箱子的好急
反正我加仓一百个了，到时候赚多少再说
闹麻了      上架武库  你看这游戏还能玩几年
我也感觉稀有箱子绝版会上武库，不过现在既然没绝版就不会上
只要说5合1打击导购的，多了不说自己判断啥成分
v社明显对市场有改革态度，明年上半年估计会有不少关于饰品的更新
又上架武库干嘛，那么多社区皮肤等着用，这批稀有慢慢就让他绝版啊，肯定去采用新的皮肤啊，这样整个饰品生态才健康
哈哈哈哈哈哈哈哈哈哈哈
你玩市场有半个月吗？",https://tieba.baidu.com/p/10314466198,23,有人说箱子不掉落
"稍微有一点消息，一群人就像恶狗扑食一样，前两周手套箱带动情绪，囤的50个突围箱涨到85出了，接盘的那个老哥没跑过cd一路跌到50多了，只能感叹cs不愧为情绪市场，有人赚就有人买单
牛顿都炒股炒就完了
股市又何尝不是呢，前些年白酒医药消费股拉得老高，接盘了的现在还亏着，我也是其中一份子，从此断了投资A股的念头。现在流行的科技股，尤其AI芯片相关的，泡沫更是吹上天，结局也是可以预料的
大环境不好国家印钱都流入股市的，所以现在投机氛围那么浓
钱难挣主要是现在，都想挣快钱
所以稀有箱子到底改了吗
这有啥不好的 投机被你们过于妖魔化了
确实,做盘思路变了,之前是找小众宝藏枪皮炒认可度让自用哥们接盘,现在都是奔着庞氏做",https://tieba.baidu.com/p/10314898231,8,大环境不好，都想来投机赚快钱
"蜘蛛感应这一块😋
你再看看迷人眼和子弹皇后呢
你要表达什么？
隔这么久 有啥好说的，千瓦本来就一直在产出，一直降是正常的 都一年了
一把弟弟皮肤闹麻了
中赢，大赢，特大赢
明年还能跌 我都出了等300以下再说
你要都不卖现在就赚麻了，啥子
新箱子正常，你咋不从寒武纪开始算起",https://tieba.baidu.com/p/10312438331,9,差点就亏钱了
"暑假8月份在周边朋友推荐下接触了三角洲，越玩越上头，抛弃了cs直到12月，重新开始玩cs，老是想要按shift奔跑，遇到拐角想要探头peek，几天才重新适应，今天突然想到如果cs的操作如果加入探头会咋样
探头拿信息无敌了我双架露个头看你一眼你能咋滴
aug 553王朝了
我会弃坑，本来就嫌键位太多
想起cs2刚上线那会的迈克尔杰克逊peek了
添加新的身体动作是会从根本上改变第一人称游戏的逻辑的，大拉将变得极其稀有，急停晃身式peek会被蹲起探头peek完全上位取代
三角洲的那个探头功能真的很垃圾，架枪优势大的夸张，这游戏就是啥都喜欢缝点，我觉得缝太多了，偏头和技能，这两去掉一块应该会有意思点
爆头率直线上升
会变成一坨
你看看R6就知道了",https://tieba.baidu.com/p/10302628363,10,如果cs能够左右探头
"@浔汐
op熊刀真快回到680这个价格了，现在740了，前几天看的时候还在800，然后转头买了个流浪者玩。。。
几十的浮动都能忍住也不差这几个月
这纯属乞丐，要饭还想站着要
得送他才行
钱在钱包警告，发把刀警告
现在买亏了你给他补吗？
四年不买刀的，结果刀掉价立马发帖嗷嗷的nt，你指望他买啊，这种人等着G胖免费送他
600都白菜价了舍不得买，这种人就算降到100块也会说等50块再买
现在也七百，稳的一比。之前1600呢，腰斩可以玩了
600都买不起的 去玩玩cf得了 那边真免费送
这种瓦充的最狠了
这b刀送我都不玩，说实话600的刀都要考虑，你真得反思下为什么兜里连点存款都没有了
土货一个 不知道我还以为他是想买高端三幻神，嫌价格又起来了，结果一个op熊刀都不买行不
买了把蝴蝶亏了五百块***
66666666666
就几百块钱的东西还拉不拉的
不是，OP熊刀不是免费租常客吗@浔汐哥们芝麻信用分攒个六百几免费租也不花钱啊
绷不住了
就几百闹麻了
伽玛蝴蝶爪子一天涨幅都几百块 ，大跌，喜欢，不买😅
没绷住，嫌贵租不就好了
这刀纯属7天乐，没必要买
这人脑子有问题的
几百块等g胖送得了
他的当务之急是考虑下顿吃什么牌子的泡面
闹丝特麻麻
这就不得不说我用那会儿熊刀的价买了一把屠夫海豹
六百五都整这死出，要是买了掉个几十块不得哭坟还有这种头像的我一般默认库存里有把久经可燃冰
我还以为五位数的货
CSGO时期的op熊刀可亮了像镜面，现在可惜了
我上初中小学那会儿熊刀op应该是400左右，短剑op也是400左右，这一轮快给价格打回去了，不过还差点
看了眼是个中医粉钱都拿去买智商税中药那确实没钱买饰品了
买刀是不是都是等赚的心理啊，我uu免押租美美玩各种刀，花不了多少钱，还是说富哥收藏用的
这种沙口你就是降到100，他也会选择90挂求购
这种充木柜子纸片人最狠了
我记得我2000多买过op熊刀，怎么又回来了
喝喝再等等g胖送了还用买吗没有饰品不能开游戏了
人家都四年不舍得买刀了
别买，10年后免费送，倒贴50
这熊刀的普通切刀感觉都不如默认匕首
钱都生蛆了也没花出去
这不就是蝴蝶刀 800 那批人吗
本来要买的，想想这刀有些平平无奇，算了搞了把短剑
兄弟发把刀
兄弟来和我一起ROLL龙狙! 复制消息 $11 ￥8juhZbwe￥ 打开【IGXE】！
玩家的话语权已经很小了，现在都是大倒狗小倒狗互吃
我还是贪了，蝴蝶最低1500那会我想等蝴蝶澄澈到1500入手，余的前还能买个钴蓝，结果后面不降了，就买了个骷髅凑活玩了，剩下的钱换了一套键鼠。
现在也就783  20251218 13.00
六七百块钱的东西，真喜欢就直接买了，还能等几个月啊",https://tieba.baidu.com/p/10303739701,50,想问下楼主熊刀买了吗？
"书接上回，这次大概19炉
这是不是红宝石
刚刷到上一贴就有新直播了
没传错 就是二连
又是二连
okk
崭新黄宝石
蓝宝石
我要好的蝴蝶刀，不要这玩意
裂开来
光谱几打几,你这要是梦魇多应该挺不错的
等会，上个厕所去
比较极限的酒精
酒精黄宝石
有几炉肛塞没截图 懒得接 看了就来气
没了？
总成本约6w。现在算下来加了一下 应该能卖将近9w不到的样子
什么？你们问我价格算上去投不上？
那是因为我一开始漏了这个忘记截图了
反转有点大
不准炼了
沟槽的红宝石蝴蝶这样出啊
不是哥真出红宝蝶啊不是哥真出红宝蝶啊不是哥真出红宝蝶啊不是哥真出红宝蝶啊不是哥真出红宝蝶啊不是哥真出红宝蝶啊不是哥真出红宝蝶啊不是哥真出红宝蝶啊
龟头刀专家得吃了
恭喜，roll？
红宝石救命了
4万能玩十几炉了我的皇后给了我把大理石猎杀
p2 不是红宝石
md录播是吧
举报了
骗兄弟们进来杀是吧
这p2好看
坏练兄弟",https://tieba.baidu.com/p/10312675391,33,再来一次 锻刀大赛
"官方直播看着没意思，看会ququ 直播，不怎么玩这个，为什么现在这个主播口碑崩塌这么厉害？  还有它的助手流星好像也不在了，有没有人能解释一下？发生什么事了
不造啊
有崩塌吗？流星上班迟到早退，自己开播去了
牛星走了？
流星单干了？
崩塌了吗 还好吧 只是热度没之前高了吧
不是早几年就崩了吗，业务水平一般，人品不行
我以为流星是他老婆，原来只是助手吗
流星自己单飞了
几年前不久没啥口碑了吗
流星本人非常丑
牛星士兵我命令你打开加一
流星现在在蹭dota大锅饭，虽然ququ也是熊掌的
好4⃣️ 以前发刀事件 还有他老婆流产还是啥 在直播间讨礼物不去照顾自己老婆
佳慧倒水
流星去哪播了？
最早洗挂，然后虎粮蝴蝶刀，再就是太功利了，还有那会说是茄子肝硬化，ququ吃饭的时候一个劲的劝酒（这个我只是有点印象，茄子在那说喝不了）
流星好像是单干了，前几天完美a还排到她过
一直都不怎么好吧，quitquit
流星签熊掌单干了吧，就在斗鱼但是也就几百贵宾小主播，还是比当个助理强吧
rp不行
啥时候好过？
最近qu没啥节奏，解说水平确实不太行。。。
前两年我刚看比赛的时候他就出过事了
塌了就塌了呗，又不是什么能在cs圈掀起大风浪的人，谁都有人气低迷的时候，很正常啊，他最近也没什么瓜吧，不清楚也没怎么关注，倒是知道流星只是单干而已，并不是什么分道扬镳，跟ququ关系也不差
没见他好过
我记得的最后一次大节奏是虎粮蝴蝶刀那事。。。ququ的热度一直就那样，口碑也一般，年纪大了游戏水平也不行了，解说水平又跟游戏水平半斤八两
这人刚出道的时候名声就不咋滴，解说水平一塌糊涂，全在那边尖叫，能再崩塌到哪里去。
ququ解说口音太难听了
还好吧，之前假赛风波 他一点都没沾上 也没什么负面
流星确实有点丑
口碑几年前不就没了吗
节奏最大的是发刀。不过这主播，经常打瓦罗兰特三角洲。
他解说时候的翻译准吗
不是好久之前就塌房了吗 不是送礼物刷的等级不给发刀 不过对比小波这种塌房的cs主播强多了
早就塌房了，非常规退出大师quitquit
刚了解cs玩cs是5年前，那时老刷到他的视频，那两年给我印象就是大龄（退役了？）主播，似乎腕儿还挺大的，不过总感觉声音刺耳，咋咋呼呼，听一会就眉头紧皱，直播间还老是流星流星、常规常规的喊。我一个舍友爱看，觉得能学技术，还梦想在他直播间抽中刀，反正我看不下去
路边一条，无人在意
他啥时候有口碑了 在发刀之前就不怎么样了
解说水平差，只会说个《常规!》还有早几年5e天梯洗开挂的徒弟，所有主播都说qu收的5e天梯第一是挂，qu自己看demo说看不出开挂，结果就是qu因为收了挂👃🏻的钱才帮挂说话，还有qu解说老是念错选手名字文化水平低，一个选手能念出好几种英文名字，就像现在的🍆以前不懂csgo的新手看🍆的比较多，现在大家水平都提高了就知道🍆是什么成分了没人去看🍆直播了，这种主播随着环境淘汰罢了
吃相难看
之前说粉丝虎粮刷级不给刀那波不是被冲的挺狠吗
苏一书亦苏哈索嗨小夫
声音太难听了，几年前就不看他了
玩机器可以告诉你场上正在发生什么，ququ可以告诉你选手语音正在说什么
比赛解说我只看枪兵
以前在虎y的时候牌子到多少级可以发刀，很多牌子就差一点了，他特么跑路去某鱼了
人品太差
ququ风评一直不太行，虽然我也是看ququ入坑csgo
那张红包局quit的图呢，这才几年楼里都没人提它原来干过的那一串拟人事了？
从来不看他，受不了那个司马夹子音，哪怕b看切片也是直接跳过
看了7年了 没觉得有什么不好
别的不说，老婆流产不抓紧去医院，先给直播间发抽奖是真难崩
觉着cs有500h以上或者有点英语基础的会看不进他，很尬，就这样
直播间都没几个活人，说的话就跟这评论区夸他的人说的话一样，都跟人机一样
ququ解说能看下去的我是真佩服
我刚开始看cs比赛的时候就看的ququ解说，后面看的多了才换成259，wjq
看他不如看淡出呢
23年入坑，第一次刷到我就和我舍友说他应该叫蝈蝈，别的不了解就单那个声音确实让人挺不适的
quitquit
之前发刀事件，就是他有个活动粉丝牌达到多少级就送刀，有个粉丝天天在他那里看直播刷那种免费的礼物到了那个等级，结果蛆说他没有刷钱就不给他发
流星被谢彬喂饭了，签约熊掌，又一个女老蔡
ququ的口碑什么时候好过？退官匹打红包局，老婆流产，卖槟榔，别人免费礼物攒够了等级他不给别人发刀骂人家臭作弊的，解说方面选手名字念不明白，解说思路也是一坨，也就刚入坑的玩家看看他了。从虎牙跑到斗鱼之后刚开播那会和玩机器比贵宾数，当时都是5w+左右，结果现在玩机器大赛稳稳10w+，他呢？
哦对了不得不说20年最重量级的洗地就是他给5e的天梯第一这个臭作弊的洗，一个开挂AUG提前枪在中路对枪，人都没见到就开枪，他嘴硬说不是挂，其他几个主播包括莱昂凯都说是铁挂了后面还被5e封了他还是嘴硬
我转瓦三年了都还记得 他粉丝牌送刀的事情
不是老早就塌了吗
粉丝牌等级送刀 免费礼物观看时长升级的等级 不送
口碑一直都不好
前两年回坑看他解说，只会叫流星干嘛干嘛，完全听不到比赛内容活该凉了
流星被弹幕开黄腔气走不干了
受不了 前后鼻音错误率接近100％完全受不了
虫区虫区前几年就塌完了，后来换平台分流少自然而然就没啥热度了。一个在韩国拿的网吧赛冠军营销成世界冠军，打官匹为了加红包局退游戏，老婆医院难铲依旧直播间要礼物，水友刷礼物得蝴蝶刀说水友作弊。关于解说能力更是拉中拉，乱叫选手名字（以前液体的osee叫哦sir），基本的游戏战术都叫不明白，还总是搞一些莫名其妙的梗到处碰瓷。
解说水平太差又尬，只会鬼吼鬼叫
好可怜，发工资招助手，被一群舔狗，舔起来起来了以后人跑了，还要挨带节奏………
本来业务水平就这样吧
作为路人，应该是之前粉丝送刀事件崩塌的吧，等级牌然后看他几乎白嫖来的，就不想发，最后被架住发了
虎粮➕私密事件之后基本没刷到过他，而且也没啥活，解说没玩➗激情，直播效果一般
我不看ququ一大原因就是流星，印象里感觉她喜欢在ququ解说最激情的时候夹着嗓子叫一声，太刺耳了。
光解说 弹幕氛围我还是经常看他的，反而玩机器那个直播间一直在刷幼稚烂梗完全看不下去
这个比 一直都很恶心。
比赛还是看老9，9✌🏻是真有东西的
主要那个流星夹的我犯恶心 正常说话不行吗
妈呀 原来这么多黑料，早知道不看他了 ，我刚看他不到一年
本质没活
意淫流解说
他直播间全是阴兵冬瓜强5000贵宾弹幕比蛐蛐一万贵宾多起码十倍十万贵宾全是阴兵
口碑这几年没变啊，属于是平时没什么人关心，偶尔说到他的话题了之后说一说他的黑料而已
有人靠虎粮刷礼物等级上去了，不给刀，没上去之前说欢迎白嫖，结果有人到了以后不给。后来就说必须要刷礼物才能有刀。
从20年开始风评不就不好了吗？我还记得20年还经常和朋友开玩笑说你是蛐蛐粉丝，
现在他助手布丁是真的可以，至少是真的有水平
不知道啊 没注意这些 我也就是比赛去直播间看看
心眼太小了，也没见过那么势力眼的
人品不行，但没jee崩的那么彻底
不是早崩了吗
人品不太行，解说也就那样
我只说我知道的几个点 1.开了一把官匹 因为约了跟别的主播打红包局然后直接退游戏（后来好像给那几位哥们送了枪皮）2.在某牙的时候粉丝牌等级送刀（一哥们去别的游戏专区弄出来的积分还是什么 送给他 然后粉丝牌等级升的嘎嘎快 正常要两三年 然后他意思是不算 要在他直播间消费得到的积分才算 被别人钻了漏洞 后来不知道送没送）3.他老婆流产没去医院陪还在直播 总结人品不太行 太功利
ququ整体说话像是嘴里含了个脊脖一样 流星是个男的开变声器
狂鸟丶ququ：我z啊索嗨，这么苏哈的小夫你竟然不叫我一起梭哈，简直就是休！伊!
现在反而没那么臭了，主要因为大主播一个接一个都爆典了，他最先爆的很多新观众都不知道
只知道这个人念字，例如星和心 风和分 念不明白
问，苏一，索嗨，休一，小夫，分别是谁
中年油腻男
解说不行，技术一般，真没啥了，人品不了解，走远了也正常
他自己搞崩的，roll刀事件节奏最大，还有就是我发了条+1的复制弹幕就给我封了一年，然后我再也没看过了，只能说好似
什么狗粮蝴蝶，洗挂，假赛，菠菜都干了
他就没口碑啊 一开始给钱洗挂 送刀皮口嗨 老婆流产还要别人刷礼物。太多了
ququ、太私密
现在才崩?早几年不就烂完了?
专业度不如259，幽默节奏不如玩机器，甚至还有CSBOY兜底，看比赛的就这点人
本来也不看，光在那瞎吼
我觉得还不错 qu总还roll给我过一把可燃冰 流星关注我的抖音和我对接的，后面qu总也出面了
magnet:xt=urn:btih:E6AD95432087 E5FAE2D9C47386E3600D2B01E07
这啥勾从roll龙狙不认账之前就臭大街了
纯路人，老早之前刷过他的视频，有一波应该是精彩操作然后自己在那边做了个这这样的表情，但是很🍬 感觉生理不适，给我恶心得一身鸡皮疙瘩。
蛐蛐不一直都是蛆吗，比赛解说尬的要死，只会叫，模仿选手内心活动太乐了，dy第一个拉黑的就是他然后就是鬼狙张不才那一类
别的不说，听他那句自造梗“常规常规”就恶心",https://tieba.baidu.com/p/10210555706,116,最近看比赛，问下为什么ququ口碑崩塌这样了？？
"朋友给我发：orz-7orz7orz-7orz7我说这不是老梗了吗。他说你看托子的id，torzsi。s是皮鞭，我说卧槽好变态啊，前面t是什么，他说是前后夹击。我没招了
没有人类了
这，吧友也想不到
没有人类了
堪比毛虫的想象力
咦咦咦噢齁齁嗯嗯哦哦哦哦噢噢齁齁啊啊啊🥵
依旧天赋级银商
人类极限
这真无敌了
没有人类了
鬼脑这一块无人能敌。
伏笔了托",https://tieba.baidu.com/p/10312955959,12,有时候也很佩服他的想象力
"可刀，UU
我是说咋眼熟",https://tieba.baidu.com/p/10290435449,2,无损全息小眼+无损14全息navi
"….总是打不死人我怀疑是鼠标垫该换了
肯定赛睿啊  不用犹豫，便宜好用，奎克海威
国产几十块一堆   现在的鼠标传感器不吃垫子随便买   还有性能焦虑就看看这位
不对，应该是没吃饭，吃了饭再来玩，一定杀全场
我买的5块钱的得力和我n年前买的steelpadqck一个手感
赛睿（SteelSeries）QcK Large(QcK+)游戏鼠标垫大号 donk同款鼠标垫游戏电竞 fps顺滑鼠标垫450*400*2mm
买了个这…不知道用习惯了不
我用dy上一分钱的垫子
诡道电竞波塞冬，因为我刚买",https://tieba.baidu.com/p/10310111963,9,求推荐细面鼠标垫…..性价比高的
"如果我在对阵绿龙的时候没把对到donk有100%的胜率，其余时间都是二线水准，有进一线队并拿下major的可能吗
这是个网站还是什么吗？在哪可以看看
二线队你还得确保和绿龙一起进决赛淘汰赛你都进不了
没有可能你过得了绿龙 带着拖油瓶 能过mouz 蜜蜂 falcons G2 navi furia 蒙古 faze 这些队吗就问你 进了淘汰赛每一局都是生死局 5v4 不仅仅是简单的5v4 你要是实力达不到一线水准的话 你可能扔个道具 漏个脚步 对面就能分析出你们队的进攻意图 还有你平常打比赛 被针对也更容易犯很多小错误 这种队伍除非你两个donk 两个zywoo带着你  不然16强都没机会进 连碰上绿龙的机会都没有",https://tieba.baidu.com/p/10309348740,4,观布雷德十五勇士有感
"rt我电脑配置是i512400f+rx6500xt，amd驱动换成了25.9.2之前是gx9602g，只是帧数低，从没有试过这种卡顿现在换成了6500xt之后，帧数200多，但是ms时不时就变高，然后画面就卡顿目前试过游戏设置改变、完全重装驱动，但还是出现这种情况完美、5e都会、官匹没试过 平时不玩官匹
这情况我也遇到了，不知道咋回事，我有一台5500g的核显机，去年玩还没有，这几天玩就会出现这种ms蹦到好几百，但是网也不卡的情况
换n卡",https://tieba.baidu.com/p/10312656131,3,cs2帧生成时间过高，游戏画面卡成ppt了
"视频来自：百度贴吧
希望周三更新
150星手套？440，要是真这个价格就有意思了
信的这辈子都有了
细节左边上海major
这要是真的。那我可充钱猛猛刷星星了
哈哈哈哈 众所周知视频不能p
一眼真
细节只上热门货
建议发dy，那边的人信
我是秦始皇
2042
众所周知视频不能p，所以一定是真的
只卖手套不卖刀？这就卖房梭哈
这是AI做的？
G胖新游艇被燃炸了决定把CS下架，加仓
肯定是真的~楼猪是穿越者，左边2024上海MAJOR表示楼主的时间线比我们这晚1年，只是因为是不同时间线，所以在我们的时间线无法实现，不过在楼猪的时间线马上就是事实了。
真是啥贵你特么上啥",https://tieba.baidu.com/p/10201425532,18,不保真，让子弹飞一会儿
"lz喜欢黑红配色感觉可以上个自动化呀(๑>؂<๑）a1感觉印花集也很搭999很好看
换刀吗？
就你买红苍蝇就看出来不行，价格是价格，颜值是颜值",https://tieba.baidu.com/p/10308471470,3,审美品味这一块打分1-10
"我都给他用饰品抵扣了，还卡我报价
是在担心这些破烂回升值吗
你这是图啥啊
怎么用饰品折扣 求教学
找到 还价抵押
**买个500块闹麻了 拉黑一条龙就知道你有多脑瘫了就你还在浙江啊 是不是蛆你自己心里清楚
密码给别人添匹眼 你把给别人锁几b
取消报价 这种垃圾 换个p
大伙说话注意点，这是大D哥
一堆破烂换过去人家还得想怎么卖出去
又是你这个2b啊一堆不好卖的破烂玩意儿谁更你换
这不是红线哥吗不买命啦
楼上几个纱帽跌真都给你们闹麻了，脑子是不好使的，内容是不看的，游戏是不玩的，别人用破烂换我的红线捯成了我是买家了？我才是卖家啊，纱帽们，并且这些底价破烂还怕卖不出去？玩过游戏买过饰品没有啊搁这看到我的艾迪就进来喷？纱帽闹麻了
传家宝作为溢价区板块，被砍价本身就非常合理，不砍价才是纱帽，算了，像你们这些天天玩些底价货的玩意儿，溢价20块让你买都要你命了",https://tieba.baidu.com/p/10309023681,14,这种真是闹麻了
"感觉大超还蛮帅的
这么恨吗",https://tieba.baidu.com/p/10314932378,2,来个高手把后面的thank you改成fuck off
"新手定级c 有点菜不太会压枪只会点射 熟图中 求看pv还有教学
刚打完字想回你上一个贴发现贴子没了，是不是骂人的太多了，有丶惨",https://tieba.baidu.com/p/10314693514,2,瓦转cs有没有人一起玩
"假消息放出来没证明真伪就开燃，后面发现是假消息就开始回去了。
cncs是这样的，抢先一步哈哈 刚刚千百战起飞是我喊的 现在终于解套了  收藏品末日也是我喊的 千百战的货也是我发的   你们收藏品砸的货也是我接的 晚上你们的女朋友帮我带套  而千百战的你却被死死套着
哈哈哈哈
也不是cncs叭 国外炒的比这快 五点多消息 steam市场就开始了
夸张哦
你的感觉是错的，兄弟，这波不是国外先开始扫货吗？国内反应慢了
又cncs上了，那次真更新前steam市场不比uu扫的快？
这箱子昨天就180没涨多少
有点好笑
和cncs有啥关系，凌晨steam市场就开始扫货了
开燃不带我是吧速速给我把印花集打上去
你这种云比真是闹麻了 就跪着舔你的白皮叠吧 白皮扫的比谁都快 还要把锅背在别人身上 而且这啥时候说是假消息了？ 那个人的消息一直挺准啊 人家是正经搞各种更新消息的又不是导购
司空见惯，+3
笑死我了
煞必，难道不是白皮先人一步扫steam市场？
老外先扫的
这是什么？
唇竹 这波不是海外先扫的？卡价都涨完了你cncs才反应过来
CNCS太牛逼了全都是CNCS
算了吧，这次和阿努比斯包都是老外先猛扫的，国内慢半拍。阿努比斯steam都被老外扫到巅峰70元国内20都没到呢
别什么都CNCS了，几年前倒狗大头是歪果的时候也天天cncs
: 炒个饰品也要给白皮跪是真闹麻了
又cncs上了
闹麻了，多少年了市场主力一直是外国
🪵🐑🐩
老外扫起来真没cncs的事，10月末日材料都是晚上翻倍爆拉。
国外弱智导购也不少
夸张哦",https://tieba.baidu.com/p/10314568549,28,哇，这就是cncs的speed吗。
"一直喜欢精英之作还有什么贴纸和这个搭的呢
有没有好看精英之作拿出来看看
贴纸枪就没有好出手这一说，全靠眼缘
这把500？我想要
用了六年
精英之作这样贴就是最好看的",https://tieba.baidu.com/p/10302687405,6,500买的以后好出手吗
"锯齿二选一，一直喜欢锯齿，之前买不起，现在只能看看这两个，大学生想少亏一点，推荐买哪一个？
还有就是芝麻信用没有600分，一直都用微信，想租刀还要交押金，押金大部分都比刀贵，就有点不想租
生锈流通性好，大马反光好
生锈，非常好卖的皮肤，哪天不想玩挂底价几分钟就出去了
底价低10块求购一把生锈，不想玩直接底价出，基本不会亏，每天成交量也很大
2好卖，一能返点光，看自己想玩生锈吗，都租点弟弟刀来试试
生锈体验感不太行
大马。生锈太丑，你如果能接受也行。流通性肯定是生锈，但是大马也不难卖。之前挑的细纹，卖的时候区底+一百多两小时就卖出去了
加点买op
此帖终结，下午的时候买了生锈就一直没看贴吧了
加钱OP或者底价0.6以上的生锈
加点钱买OP，好看而且好出",https://tieba.baidu.com/p/10308876525,12,二选一，预算1.5-2k
"只要是平衡人数，我必须是被分到对面那个，都***多久了。无一例外。昨天连续4把把我分对面去了。G胖有钱买游艇就是不修复是吧？
休闲换位机制是,最后一个进房间会被平衡过去,比如正常10vs10,你是最后一个进来的,对面突然叛变,你就好被拉过去,最好方法是见有人叛变直接T出去就行
现在只玩国服死斗，之前一直国际服休闲，后来休闲里全是刷广告的，踢了又来
这样，这样，你带我打两把dota2🥲
最后一个换边的哥们会被换回去",https://tieba.baidu.com/p/10314441370,5,休闲这个垃圾机制是不打算改了是吧？
"小群，只要活跃的，不活跃的别来，平时开黑聊聊天讨论比赛，氛围很好，欢迎各位帅哥美女加入
dd私
111
私我兄弟
ddddddddd
让我进进
Dddd
新手可以拉吗
Did
111
111
dd私
挂一个挂机扔闪恶心队友的出生，steam主页网页链接
拉一个
拉我一个
123123
现在刷到还能进吗
拉一下
低于100万库存的不能来
ddd
拉我一个吧
1111拉一个",https://tieba.baidu.com/p/9844279790,22,cs交流开黑
纯小丑，糖人,https://tieba.baidu.com/p/10309688499,1,c5预售发不了货这种情况有老哥碰到过的吗
"视频来自：百度贴吧
卧龙对凤雏，奇虎相当。
双双殉情，給我整笑了
小伙双双立正
哈哈哈哈哈哈哈哈哈
不用急着丢，瓶子就捏在手上，然后人死了瓶子就会滑落，哈哈
沙二小伙立正了
BGM配的不错
匹配机制很合理
要是吧里鱼塘局视频都有这么好看就好了
精彩！
欧亨利结局
双方都怕沾因果
这警还以为是csgo呢，烟雾弹脱手即灭火
秋刀鱼起来一看天塌了
听出来了T：好火哥们，好火CT：可惜兄弟可惜，没拆掉。
原本以为殉情只是个美丽的传说
请在该视频中找出人类
666
太变态了
梅姨个诗人
没有人类了
真·一秒不用剪
@贴吧用户_JQZ91E9
一想到这俩之间要赢一个心里就不是个滋味
绷不住
这种的玩游戏就是单纯为了最纯粹的乐趣的
这火后面粘一下12滴血也太疼了吧
什么鬼布娃娃
这辈子直了
火中做自己？
没有人类了😭😭😭
精妙绝伦
赢没赢吧
苦命鸳鸯
第一个我没笑，第二个我笑出来了
唐心双黄蛋",https://tieba.baidu.com/p/9910918263,37,一秒不用剪
"有没有大手子讲解一下，p1是不是蓝得多，黑斑不明显，p3p4感觉刀尖斑有点重？
无脑p1
p1性价比高点，p3双翠也还行，个人感觉p2效果最好但是刀柄不好看。
没钱p2有钱就绿宝
p1选蓝头，颜色分层最均匀的那种。剩下一般般
ok感谢各位
p1，选个蓝头的，p3p4刀中间都有一段暗斑，p1中间是紫色的斑，我个人感觉好看点
P1蓝头绿头看自己喜好，买不起绿宝买P2，P3P4不考虑
p2好看吧",https://tieba.baidu.com/p/10315117610,9,伽马蝴蝶怎么挑
"游戏和鼠标设置都改好了，进入游戏一瞬间时还可以切，过几秒就没反应
其他游戏都可以用侧键。在前几天侧键和中键还有反应，这两天突然不能用了
完美屏蔽宏文件，只绑定游戏功能目前是正常的",https://tieba.baidu.com/p/10315083891,3,cs2进入游戏后鼠标侧键和中键没反应
"如题真的太搞笑了 我串了这么久真不如小紫的真情流露，龙知道自己是top20吗
龙哥龙哥叫的自己都信了，他都没进过top20的选手，全是印象流
龙哥本质就是个加强版马西西，打法稳，有爆发，打弱队刷不到数据，打强队数据也不会好看，这种人在队伍变阵的时候最容易被踢，估计龙哥会被x队回收，x队是真爽，高价卖出去的选手全都能零成本回收",https://tieba.baidu.com/p/10314639526,3,龙的粉丝到底都是什么人
"这蝴蝶啊，就得渐变
雀食蟀，配上迈子更帅
估计渐变没伽马好看，大拉那会永远伽马比渐变贵，五合一增产之后渐变才比伽马贵
恭喜恭喜渐变帅的 现在价格很合适  其实我很喜欢蝴蝶刀都市伪装搭配王蛇的 后面想换王蛇但是搭配渐变有点违和感 都市伪装跟王蛇都是白色套
渐变蝴蝶就像22、3的高冷学生妹一样迷人又亮眼，优美的身姿，不凡的气质和穿搭，就像璀璨的星辰安抚着我聒噪的心
确实好看
晚几天买就可以避开这波亏损的，更新前的那个周末空仓心痒痒买了一套，亏的钱够买一把93渐变蝶了
你再仔细看看刀尖，仔细看看刀刃，再仔细看看刀身上的那条槽
芒果刀感觉真比高渐变好看啊蝴蝶没有底下那块白的
老哥钴蓝怎么挑，略磨还是极限久经
哥们，我跟你一样，我也非常感谢这次5合一。 我也玩上了蝴蝶渐变，我的是带一点点紫头的。 芒果确实好看
也太好看
这个确实好看，但是渐变之色太贵了，只能用大理石
我在这会买蝴蝶刀的时候伽马价格是比渐变高1-2k的
不许诋毁伽马，因为我真有😭
我喜欢渐变94.5左右的，这几天又想入手了
太暗了v给改的",https://tieba.baidu.com/p/10307375613,17,虽然合金事件亏了很多，但也借此玩上了以前想都不敢想的刀😍
"贴纸预算400左右目前考虑奥斯汀全息液体，或者效果好的金贴
四张GL2023巴黎，只要一块
布达佩斯金贴不挺适合的
21，22银液
最新的4连天禄，全息红配蓝很合适，要是金贴就更好了，等胶囊打折我要整一把，现在用刺绣代餐中
蓮花五連？
25的naf奥斯汀全息也可以
巨龙金帖，刚刚好我就有一把
我是奥斯汀金贴，还行而且便宜
看看我的，四连闪亮18波士顿Navi",https://tieba.baidu.com/p/10309772646,10,传承贴纸推荐
"本人是一个50个小时的新手，比较喜欢打狙能稳定杀三四个，我想提升自己，因为我打狙用的是高敏，不怎么好压枪，吧友都让我放下狙，这是为什么
“能稳定的杀三四个”我艹
因为目前的经济系统不支持你把把起狙，能一直赢还好，输两把经济就炸了。如果是单排最好还是练练步枪。而且50小时新手能把把杀三四个，你是真有天赋还是串
本质molodoy吗
狙太贵了，单排自己的钱很难经常有狙玩
新手想咋玩就咋玩得了听8u的干啥，打几十小时恐怕都不确定想当娱乐玩家还是竞技玩家吧，怎么舒服怎么来，先享受游戏吧
打呗 等你狙不能保证每局杀两个了再换
你现在什么段位呢，因为低段位基本上没有人会反制大狙，基本上都是无脑干拉，但是段位搞一点别人会针对你的到时候见没有那么好发挥，再加上进攻狙不好打，如果你想打到高段位，步枪的准度是很重要的，你可以练练先定位压枪，因为你狙可能本来就有天赋，步枪练出来了就能很厉害
我建议新手多起狙，因为低段位的人不会应付大狙，狙到他们不敢来A，这把狙就起的值。高段位的人会身位控制会闪光覆盖，常规狙位效果没那么好。你说你要提升，那本来就该练步枪手枪，灵敏度就不适合太高，不要超过800x2
起狙一把能杀三四个？？
爱咋玩咋玩
吃经济，而且对面会玩狙你要是死了狙没销掉就炸了
打得休闲嘛，人多好杀不愁经济
玩好自己的，别理别人
杀三四个是一整局还是一小局你要说清楚
狙很贵，你不是把把有钱买
不会说是休闲模式吧
低段位主要是对面不会处理狙，狙就格外的强势也会导致你认为是自己太厉害了，当然不是让你别玩，而是别忘了练长枪，我以前也跟你一样特别喜欢狙，后来练ak后就再也没怎么起过了
容错低，不过能杀人，有作用就行
狙有很大的局限性，且容错率低，针对狙的玩法很多。最简单直接的就是爆弹抱团打补枪，再厉害的狙也得转cd，没枪位很容易就被补。回放难，大狙很需要掩体，在回防时不可能会有能让你利用掩体peck的机会。跟步枪比连杀能力有限，因为你很难去站步枪手站的位置，步枪手站马路中间可以避预瞄打连杀，狙一次只开一枪，别人不会在马路上给你开第二枪的机会，能给你这么啥的说明对面纯菜。知道为啥职业选手打残局大部分要换步枪么？就是因为大狙不好找人
因为你路都不会走
现在是12，不是以前的15，经济容易黑洞，大狙还不好回防，掉了没准就是对面打你们的利器。这游戏只有先玩好了步枪，接触狙才知道自己打不打的准。
简单来说你想变强就要跳出自己的舒适区
稳定杀三四个？这恐怖如斯，非人类啊
50小时先上上分吧，打多了就明白了
你打进攻起狙如果是靠死架让队友探点送死拿三四个那还是算了如果你进攻狙是靠首杀或者拿狙蹭省道具拿人头那我没话说ct的话感觉低分段也就是架了，能杀三四个不赖
想提升就买个大点的鼠标垫，把edpi调到1000左右（最好以下）多练步枪，我新手的时候也是高敏爱玩狙
一整局能杀三四个真有点厉害了
我现在1000h，反正觉得起狙一把能稳定杀两个就很厉害了
玩狙的成本太高，对面稍微会玩，你们这边经济就容易崩盘，还拖累队友
账号贴出来，我去看看战绩
你小回合，能杀三四个，保持住，同段位基本无敌了属于。然后随着水平整体上升，你也可持续练狙，才能到高手平还能杀。不用杀三四个，进攻狙，先杀一个不死，后打残局，防守防稳定杀2个。。。无敌。。。不用考虑段位。持续练，猛练。
狙太贵了。掉一把狙很伤的。载物都不是把把起狙
主狙最好找个固定组排队友，才玩50个小时就慢慢玩吧，先打到500个小时学会基本道具、预苗压枪急停有个大概认知才能说入门，主要是cs2狙打警还好，打进攻狙太难打了，手感差的话马路中间放炮等于给对面送狙还拖队伍经济，打狙的话可以多看高手天梯pov（不用看比赛pov，比赛和天梯是两种节奏），激进点就看monesy、molodoy，保守点可以学sh1ro、jame、device这种
把战绩贴出来才有说服力
先玩明白 AK m4 再谈别的，定位不好玩不了狙
你要是打到被人用ak见面就秒头的段位，就会开始用步枪了
狙那几个糖比实属误会，你可能不会打狙
因为你都没完全理解地图，不知道哪个时间那个位置可能有人，然后哪个位置自己架狙是优势，这样
一句话 步枪锁定队伍下限 狙击提高队伍上限
玩cf呗把把有狙玩
因为低分队友走路掉血，均势你不杀那就是把胜负权交给队友。5v5，你先杀2个，打成5v3，和3v5你杀2个打成3v3可能后者更难，但是前者对低分来说更有意义。冲锋狙在cs2又确实有点傻杯，就很难搞。真想玩又想赢就开麦“兄弟们听我说，我狙很狠，都别急，我稳定杀2个”最后就是，别动不动说什么我稳定杀几个几个的。游戏内那是“哄”队友，让他们听指挥。游戏外你还这么讲，只会让人觉得你有那啥。
想上分就玩步枪，到了高段位都是出来一枪秒，大狙需要极高的地图熟练度和意识
想我当年cf转cs一开始就是起狙打打c+段位，起狙甚至能杀五个，而且各种瞬狙甩狙，自己都觉得自己帅，当时一起的还问我是不是外挂，后面段位打高了就不行了，我才发现不是自己强，而是对面菜
整场杀3-4个吗，那很强了
你能稳定狙杀谁说你啊，巴不得这边有个这种大神，队友叫你别玩肯定是你有问题的
我和碰到的大部分人应该是看有队友狙起了稳定小局收2个人，都会抢着给你起狙和捡吧。除了那种进攻狙蹲家里不动，队友死完了你杀俩个无效击杀。
狙贵，但狙是这游戏最简单的枪了，新手喜欢玩啥就玩啥吧
如果每回合稳定杀一一到两个，已经很牛了
叫jee滚，你去天禄
不打职业的话 喜欢玩啥玩啥 注意点经济管理就行了
大狙吃思路 狙是不用练的也练不出来 枪械优势导致你以为自己打狙很厉害 实际上是这把枪强的离谱
等你上到会拉地速预瞄大拉你还会爆弹逼你枪位的时候你的狙就没用了，想上s就老老实实先从预瞄搜点身位控制开始练
步枪是一定要练的
大狙也要压枪吗？
练步枪能提高你的下限，因为你不可能每把都有狙用
先练步枪，步枪准狙肯定也不差，而且对局中大部分时间玩的都是步枪
想要提段位就别揪着你那高敏不放，玩不玩狙和你是不是新手没有关系，你从新手就开始练狙之后一直当狙击手完全没问题的，但是也要会打步枪，去找个练压枪的图一天练俩小时一连练一周你就啥枪都会压了
步枪比较便宜吧 你要是步枪能一枪点一个 打狙肯定更强 要是逆风局没法经常起大狙吧
新手想玩啥玩啥，享受游戏最重要，别信这帮人的
主要新手连自己鼠标都抓不稳，更别谈定位了，游戏意识约等于无，你先练补枪，打C+爆头率能有个65%以上，再回来练狙随便杀
好打只是因为你现在段位低 打多了上去了没那么好起狙的 步枪是必须会的
好的步枪手不一定能打好狙，但好狙一定得是好步枪手步枪是练基本功的，不可或缺的一环
你打狙每个回合都能杀三四个那另说这种情况直接吸血叫队友给你发狙就可以了在现在这个经济系统下大多数回合不靠队友发枪是起不了狙的，所以用好步枪是必不可少的环节，多用步枪能提高步枪水平和一些其他基本功，这样你在没有狙击枪或者不得不用步枪的时候也能起作用
我带过很多萌新 基本上都是不爱玩步枪爱玩狙 我来给你分析一下为什么 ：步枪太菜了 根本杀不了人  狙上手简单 架简单狙瞄出口就能杀人 而低分段的人又不会闪光拿枪位和烟雾弹燃烧弹覆盖 导致这些萌新觉得自己玩狙很强 看见那些一有钱就起大狙没钱起鸟狙的我都默认萌新 事实上强的不是你玩狙 而是狙本身就很强 给了你一种自己玩狙很厉害的感觉。萌新玩狙事实上只有打守方有用 一到了回防和进攻阶段 拿着把狙就走不动道了不敢进点。CS就是要玩步枪的 不是把把有狙给你玩
想打好 枪都不用开先学走路和准星摆放 找个舒服的灵敏度
稳定杀三四个的还会在c+？带4个bot都乱杀了吧
因为低段位人的走路习惯和鼠标摆放很差让你很容易狙中，高一点段位常规狙位都是预瞄位（沙二AB狙位，小镇木板 大坑等），而且都有道具针对。练步枪主要是练习你的定位预瞄鼠标摆放等等。你鼠标摆放正确的话其实自然而然就很利于打狙。举个例子:你鼠标摆放基本都是有人的位置而不像低段那样把准星放地上或者墙上，当你玩狙时候，即使关镜没有准星你也有很好的肌肉记忆。这样以来 看见人后你需要移动鼠标拉枪的距离就变短了
因为强的是狙而不是你，打个不恰当的比方，你是一个养胃，靠伟哥加强自己，一旦伟哥停了就又软了（打个比方，别生气）
你要是稳定杀三四个你都不知道什么概念，donk来了都做不到每回合稳定三四个，而且你要是没有什么基础就先打步枪，你步枪定位选位身位都练会了你狙自己就会了
你就只管有钱起狙，然后掏出狙之后保证一局狙俩就行，你要是能做到就能稳定上分，等你上不动了你再琢磨该怎么打步枪和手枪
新手先把步枪练好
就练狙，学jame保枪，实在不行叫你的三鸡or诺伯特or爱达不溜，一直纯e半起给你发狙
没必要，你觉得顺手就玩呗，等你真的到了用狙打不过的段位，那时再转步枪也不迟，又不是rpg游戏加错点不能洗点
打不来步枪的狙击手就是纯瘤子可能你狙特强特能杀，但除非大比分领先是没有那么多机会玩狙的，也就是说大部分时候你都会成为突破口
我也高敏大狙，但也是玩了好久才打主狙，前几百小时都是在摸索中
错了，反而是这帮新手的最纯粹的，跟防御塔似的
因为你步枪打不好会拖垮队伍，一般打狙厉害的步枪也厉害，不过a分段以上你才会有这种感觉。新手随便你咋玩吧
因为你不去学习这个游戏的根本逻辑，急停是无法进一步提升自己的，你现在玩狙能杀只是因为段位太低，他们击杀效率和补枪效率太低导致的，本质上并不是你厉害而是你手上这把狙的输赢可以让你在远距离对枪上取得很大优势。第二，狙击枪对于经济要求是比较高的，如果在大顺风情况下你可能没感觉，如果赢两把输一把这样的经济，你起狙会给队伍的经济和道具配置带来负担，进攻狙会拖慢队伍节奏。简而言之，如果你是为了娱乐，随便怎么玩好了，怎么开心怎么来，如果想长远玩这个游戏并且对自己分段有所期待，一定要练习步枪
因为劝你的人点头比你准，而大狙不用点头就能秒他们
大狙纯轮椅，打身体一枪死，你打多了以后养成不好的瞄准喜欢不利于你打步枪，建议多玩鸟狙
起呗，只要你不是特别瘤子影响队友，爱怎么玩怎么玩，玩游戏本来就是图个开心，别管有的没的
因为你现在还是鱼塘局，你起狙能拿到头并不意味着你比对面强，单纯是大狙强而你的对手太菜了而已
步枪和狙都要低敏
打狙没什么问题，但你不能只会打狙
因为这玩意高风险高回报，可能在现在的段位能游龙，分高一点那就是空一枪死一个队友了
毕竟是以百小时为单位的游戏，压枪肯定是久了就有肌肉记忆了。可以b站搜创意工坊练枪地图来训练。给你个最好的建议，多打死斗，训练重点放在遇到人不要蹲和锁死手腕，脱敏以后对枪很有帮助
除非是超绝甩狙天赋哥，玩狙还是得把步枪玩好了再玩，因为狙在博弈和速度上是劣势的，需要有大局观和对对手下一步行为的判断，来提前落位或者面对peek成功博弈，不然在高手面前就容易被恶心还显得很呆
因为不可能把把都起狙杀人吧，没狙的局不会玩长枪你要怎么办
要全能，不然就是巨婴
可以闭麦当瘤子
练步枪，偶尔一把可以，别刻意起狙，基本功上去到时候再玩狙也厉害
拿狙就能稳杀三四个，如果一点不吹牛逼，你这么连着杀上两三个回合，就算没狙找队友要队友都抢着给你
bro能保证每把第三回合起出狙然后一直不掉每把稳定杀两三个的话那就继续玩而且高敏照样能打步枪压枪，灵敏度并不是不想提升的借口
单排玩狙很难的，没人帮你保狙养经济，捡到狙也未必给你
高分点peek一下看你位置，拉出来一枪头给你颗了。练步枪才好上分。步枪上限下限都比大狙高
低分段身位控制差狙容错高可以慢慢瞄准，高分段晃身定位有可能接个大拉给你磕秒了
你现在狙能杀人是因为对面枪不准不会预瞄，往上打之后常规选位是很容易拉出来给你一颗秒的，再一个c野牛跳拉你都未必接的住，感觉看看职业哥的视频，跟着改改设置灵敏度啥的，练练步枪
几十个小时的话 做不了什么参考 但是想好好玩步枪一定要会 狙很吃经济 正常队伍就一把狙 步枪不会的情况下 前面一直白给 给队伍压力 很难打 等好不容易起到一把狙的时候掉了那就更难受了 我是从cf的老兵 来着之前我也以为我狙很屌 刚开始都憋狙 打到还没100小时的时候就决定换步枪练压枪了 现在1600小时了 已经转步枪手了 你的狙要么能快准稳 架点突破都很猛那么你就去多练狙 但是前提是你的步枪也要能跟上正常的水平 单有一把狙  不行 不行 不行
几十小时的话不用太过上强度，怎么舒服怎么来，喜欢打狙就先玩着先
一是起狙的钱从哪里来（纯大狙不起道具的另算），要是那种大顺风钱多无所谓，其他情况很难有那么多的钱，别告诉我说你是连续e几把队友起枪你不起的那种二是天梯单排没啥团队配合的，经常有那种大狙和团队脱节的，队友要进点还搁那远处架的，最后队友没了自己用狙美美收几个人头输掉游戏的。这种和那种部分纯大狙不起道具的类似，光看数据很华丽，再看参团率为零
管他呢，自己爱咋玩咋玩
我草我以为是三角洲吧还寻思起狙杀三四个没问题，结果一看吧名是csgo。你能杀人那你就玩呗，反正你问就是不建议新手打狙，打上去还能攒狙出来杀三四个你就是天才少年，打不上去还一直起那总有一天你会成为老登，那大伙也没人说你
我觉得你在吹牛逼
因为太贵了啊
玩游戏不开挂不卡bug不故意送就行  你爱咋玩咋玩  玩游戏是为了爽  不是来当爱慕的
太吃资源，并且极不稳定。新手建议核心逻辑，每局稳定杀一个
我CF出身刚玩就打狙  玩的还行手感好漏就秒  队友都扣问号   后来玩步枪  狙和步枪灵敏度不一样  一调灵敏度  现在啥都垃圾  狙也打不着人了  步枪也打不着人
加林是否有些出了峦衢
天梯，狙击手，把把稳定三四个。哥，你喜欢玩狙我给你丢，你带我。
打的是休闲还是死斗？
我对你的建议就是不要听他人的建议
真想提升现在就别碰狙了，好好练步枪，步枪打好了狙自然也落不下
26""
不用听别人的，新手都是从喷子和狙这种能秒人的枪起步的，最终还是要会步枪，步枪需要付出时间成本学习，练得太晚等你段位高了会陷入不会用也不敢用的循环
练好手枪，起不了狙的局就起手枪帮队友丢丢道具啥的。
一小局沙三四个巅峰森来了
先学压枪，完美本地训练有压枪图，再学定位，每天打500个bot（打头），再学疾停，上5e练枪预苗图
再串草饲
你把杀3 4个，你就是一直上分的情况，请问你在担心什么？照你这个速度，一天打10把直接上两三个段，一个星期魔王s，不好意思这不是我们这些彩贝能讨论的犯愁了。
你要真能每回合杀三四个就好喽
新手地图熟练度，两把手枪 两把长枪的压枪控制都要练，，，把把杀3个你比donk都厉害了。。。加油吧。。。
狙比步枪难的多，身位，选位，游戏思路要求都高不少，你能杀是因为你这段位都是新手，不会玩步枪就别想段位更进一步了
我不信，除非对面一直静步送，cs2的狙巨难用，大拉完全不好接
你不能发个完美id出来么",https://tieba.baidu.com/p/10311766232,125,为什么新手不建议打狙啊
"概率没变
收到，已撤回
收到，准备末日
收到，已撤回
收到，已抛货
有更新文件吗，还是开局一张图啊
收到，已清仓 🫡
给我搞昏了，v处啥都没公告干事他的嘛嗷
图都懒得放了吗
手套箱本来想平地起的 谁知道消息是假的 又萎下去了
到底什么情况 0.03%还是1%
图呢 解包数据呢  怎么什么都没有
官方不出数据，我们全都是卡勒米
哥，一会说绝版了，一会又说没绝版，现在又说可能绝版了，我收藏品砸了换千百，箱子砸了又接回来收藏品，咋库存总价值越来越低啊
我已加仓
收到，已撤回
收到，已空仓
虽然是假消息，但是拉升的已经拉升了，降是一点点，涨是几百上千涨",https://tieba.baidu.com/p/10314685328,18,假消息，箱子没有绝版
"v社能整出啥大活
什么活
steamdt没出更新的解包啊 我觉得年前都不会有更新了
无事发生
今天不更新的话冠军胶囊什么时候出啊，总不能圣诞节以后吧
加仓纸尿裤
阿努比斯重新上架了
还真是越觉得它要更新它越不更五合一马上两个月了这游戏模式地图啥都没更
从哪传出来的要更新啊，真邪乎
商店能直购刀手套了
兄弟，到底什么时候才能睡啊？
还要等多久
现在可以睡了吗
24号那天睁开眼习惯性刷buff，看见欧米伽怎么800了？嗯？是我的幻觉？又是什么乐子人在故意压价整活儿么？点进去一看，不对！怎么全部都是800？再看自己库存，嗯？我的库存价值是不是少了个0？咦？我昨天30买的星使怎么两百了？这群导购又在搞什么幺蛾子？打开贴吧问问兄弟们，什么？你告诉我什么叫做刀和手套可以合成了？兄弟们不活了
正好上夜班
就在明天
更新了冠军胶囊，别的没有。听说暗改了箱子掉率，稀有箱子不再掉落
2026新服役勋章
什么时候可以睡一手",https://tieba.baidu.com/p/10310807391,19,今晚别睡太死哦，明早大概率更新
"donk来CF都得被校长被打成路边一条吗
闹麻了从前年GO瓦之争的时候就看出端倪了，都在互串就CF自己一个人当真了，给自己封个校长的名号去各个评论区底下跳脸，看见有人嘲讽瓦说FPS有人物技能我是真绷不住了
所以说cf才是fps原神 喊他几声校长真以为自己是老大哥了 天天碰瓷这个碰瓷那个
cf多少宏孩儿不清楚？
一个破烂8tick服务器还玩出优越感来了
教父是打过cf的，打得咋样就不清楚了
互联网说ky还得看撸🐩和cf，逆天水平远比op。别问问就是游戏人多流量大
经典cf犬自嗨吹比牛皮上天，还cf一线职业实力人人都donk水平甚至更强，别招笑了。cf之前有个一线职业的国内冠军打csgo连国内小比赛都打不明白也是舔着比脸吹起来了，国外都没人看的上你cf那破比赛，cf这种国际化程度不如王者荣耀的拉几还是gun一边去吧，cf吹上天的cfs世界赛放cs里撑死是个铜牌水平的赛事，你cf要赛事没赛事要奖金没奖金人家打你cf干嘛？
百强没有一个绿色，cf 校长确实厉害👍
cf都是科技人
cs2这么高的奖金是cf选手是不喜欢吗
我也打cf也爱玩充了有小10w差不多 服务器tick低而且是一个跑打还有就是个别武器无解充钱变得更强
瓦好歹是世界联赛，CF是……？
只能说天才玩啥都厉害
正确的，魄狙来全杀了
魔怔人，这游戏不弄个挂你都不敢说自己是绿玩，一个官号拿外挂（大哥），校长标榜自己也没谁啦。
cf确实难，毕竟手感💩一样的
没想到撞车了孝长确实招笑啊
还真不好说。我看那个胜利广场的狙击视频。随便选一个击杀都是就让解说高呼惊讶的镜头。
cf这游戏贼无语的地方是，你打了他一梭子，以为对面没啥血了，结果一看20.30，但是别人狙一下就把你杀了……
cf我没记错的话有个冠军选手在瓦的vctcn是属于被一脚踹死在路边的水平吧
百强一半挂确实打不过
天禄那批已经是国内高水平了，出去一线都打不了，Donk这两天打一线队打两个五杀，a1平推吓哭了
就那破8tick游戏 没玩过的谁打谁不迷糊啊
串子罢了
马上就要有喜爱福玩家切割说串子了,感觉话术都一样,一部分人乱咬恶心人+另外一部分人装白莲花,搞得被咬的人才万恶不赦一样
难他冯个币，就好像CF我没玩过一样的，我当年还心悦会员呢。那游戏难？那怎么让我这30岁人无脑轻轻松松几百豆的？难个DER😅。最简单的游戏就是CF了。COD都比他上手难😄
玩个劣质抄袭游戏真当自己牛逼了啊
你直接一句，我库存买你cf商场完事儿了，整那么多有的没的
明显的串子
库存买他命
8tick游戏闹麻了，CF就生化有点意思
可以跑着扫，跳扫的抄袭游戏闹麻了
小时候很多人都玩过cf纯是当年没吃过好的 现在还觉得cf好的可以直接联系精神病院了
这不是一眼串子
就一句话，cf那帮职业要是真人人有donk的天赋水平，都不用组战队，随便找个队都能年薪百万美元起步，还用天天在国内打这自嗨比赛？cf职业哥是不喜欢挣钱，还是不喜欢装逼？
味太冲了，一眼串
喜爱福日常最中幻想
你到CF吧发啊，来这里干嘛
向上碰瓷很正常就像撸狗碰瓷足球，go友碰瓷撸狗，cf碰瓷go也是理所当然，游戏体量摆在那里
这帖子我好像在哪见过
全是主观和臆想，没有实践也没有拿得出手的论证，就是一个活在自己精神世界的愣子
天天吹那个胜利广场 其实是一群没了幻神的容错和架复活点就废了的手残我cf至今0氪，步枪个竟能破百。狙个竞不碰，没幻神差距太大了11回合生化能破千。
肯定啊，他又没玩过cf，连点位都不知道。刚复活都没见到人就被蹲点穿死了
faker不来王者夺个冠就不能说是moba顶尖选手是这个意思吗
两款游戏怎么比
抄袭pay to win挂犬游戏跪下！
包的啊，来cf人均开个范围不给你瞬成路边一条
当初cf孝子还到处说fps届的op是csgo，结果瓦来了洲来了，那些人一玩才发现op是他们自己，现在还提cf的人单纯是智商问题了
donk出圈后人人都可当donk了
现在cf不就是fps类型的的奇迹暖暖吗，皮肤和枪我可以不用，但必须要有
CF校长 那cs1.5不成他爷爷了
喜欢一句话，宏不是挂，没氪金武器打尼🐴排位
校长是孝子，这称号是嘲讽用的
别提着沙👃游戏误我青春 亏了我至少一百万了
也没说错其实
实际上这群虫且来打cs连走道都走不明白，急停都停不明白
哈哈哈
cf的狙看起来太吓人了，
这些玩cf都不知道cs1.5 1.6吗？我真成老登了？
自嗨游戏是这样的，顺从就完事了
cf现在的的卖点就是终结者模式，谁家好人去cf玩爆破5v5，没幻神没挂进去找不自在？
你要说打挂的话，确实
圈地自萌情怀游戏
这么牛逼去打职业啊 超过donk的水平一年100w欧起步 而且不用学英文 另外四个人学中文配合他
全是潜在的法喜寺分子
donk放这个世界上任何fps里边都是薄纱的存在
定位准打啥都一样
go瓦俩竞品互串情有可原，CF什么路边一条自嗨游戏还当真了
cf也配跳脸了，懒得喷，只想笑
背背背起了行囊。
之前打cf22年最多上过90个豆，后来转csgo之前是完美b+，cs2最高A一半多
cf当初出名的是靠生化和挑战模式
我以为是调侃自嘲 说个梗之类的，原来他们是当真的啊。话说cf还有职业联赛吗
幽默服务器，打个竞技只能干拉，架点打三分之一子弹。qb.01都不敢打完一发撤。
这话说的，让筷子来不给这校长💩都打出来，芙蕾雅和索姐的延迟弹道准的逆天
对的 都是因为cf玩家看不起这一千多万小钱所以才不去打major
这不是串的话真是见过味最大的了
8tick游戏闹麻了🤣，go瓦互串就cf当真了
不知道为什么我玩CF玩一会儿就会头晕，打CS就不会，感觉好奇怪
游戏不一样，比不了
这是纯还是串啊
闹麻了 叫声校长真把自己代入了
8tick打空气命中也能高超啊
喷不了，这是真糖
真糖，以为别人没玩过cf是吧。
这个是真逆天了 ，说话一股味儿 。
哈哈，笑晕了
cf，启动！
cf校长这个称呼好比两个人在对骂，一个人骂另一个司马，另一个人回击他四蝶了，这时候路过一个人非得说自己是孤儿院大王
cf的起源就是为了碰瓷cs而生的，不碰瓷活不下去，玩cf的小学生长大了也还是那个b样
魄狙来真全杀了
那夸张了，碰瓷不了donk
阴沟里的曲罢了，你见哪个真有实力的只在喝了黄汤以后装逼
依旧高招，真这么容易怎么不见你们随便去拿个major。
当年玩CF就被人说小学生，快20年，这群小学生到现在还没长大么？这发言中蒙昧的稚感是一点都未褪色啊。很难想象，这种发言的背后是怎样失意的一个奔4中登。
CF最招笑的就是充钱不能变强
两个游戏都玩，cs只会打步枪，cf只会打幻神
cf校长什么时候归还沙漠灰
劣质落后小游戏，画质也垃圾，只有这帮区真把自己当校长了
这种人估计以为Steam也是QQ登录的
cf这个游戏本身就是抄csol的
cf就是比csgo难啊，一群byd还以为人家在cf里打不过donk啊？有天赋cf，没天赋csgo，那幻神给你人抽的整个人都走不动道啊，csgo不能瞬狙啊，限制了反应力，来到没有限制的cfgo里再试试呢？五杀如喝水，cf是最看重个人能力的游戏，幻神会平等的秒杀所有人的，本来就是啊
游戏风格差太多了，不能类比的
想看donk玩凌晨十二点的个人广场
狗一岁等于人7岁
本身就没毛病，我中路无敌踢腿炮谁来谁死
闹麻了，水平这么强不见你来cncs捞金，你有donk八成实力就能一个人爸整个cncs所有流量吃干抹净，你去哪个解说水平说得过去的野鸡主播直播间常驻。他人气能立刻追平玩机器。
吃饱了撑的没事干真当自己权威了，我看只玩过一款fps的人是容易入脑啊
go学长和瓦学弟 好歹是圈外人封的 。自封个cf校长尽显小学生爱占便宜的本色
5年前cf荣耀枪王500多豆，csgo最高完美A+，这就是我
cf不如生死狙击一根，生死狙击真有天梯霸榜goat找不到对手转的csgo，连拿三届5epl第一名的
8tick，步枪吞子弹，道具照搬1.6
糖的发昏，跟野狗一样到处碰壁真有实力直接组个队伍把国内的天禄、LVG踢死，进major拿贴纸分奖金不香吗？
所谓的cf校长我真是蚌埠住了，还有什么黄埔军校生死狙击，cf不说了至少玩的人多，一个破生死狙击我小学都嫌弃的游戏，我不知道有啥脸碰瓷的，画质还不如cs1.6呢，黄埔军校我只认cs1.5 1.6
清朝游戏现在还爱玩这辈子真有了
真这么简单，几个人找五个人组队，反正人均donk随便炸炸咯，CNCS也烂过来一脚踹死美美拿他们的贴纸分成岂不美哉。一次几十万美刀呢。就当赚外快了。
用demo的bug吹选手操作牛逼，幻神可以透烟但是不影响平衡，朝鲜式自闭比赛但可以代表全世界水平
校长和大哥一开始是讽刺捧杀词，结果真有cf巨婴以为是吹和夸的，本质上就属于没吃过好的，一直活在自己的小圈子里了，还一直嘴硬美名其曰各种游戏都玩过，都不如cf最后回到cf，到底是游戏的问题还是人的问题
唐完了，真觉得自己厉害就打个5e完美第一
校长不知道行不行，但是魄狙哥肯定随便虐。
玩cf的智商确实低下
这不是反串就逆天了
虽然这些人很挠贪，但看到从小玩到大的cf被打成FPS原神，唉……
早就想喷这帮cf嘉豪，仗着网上大家对cf的情怀加成天天跑去别的fps游戏评论区找存在显优越
前一段时间回坑CF玩生化娱乐模式确实挺好。但是这逼游戏bug实在是太多了。打个个人竞技经常七八发子弹下去一看 伤害居然是 0。别人秒我到轻轻松松。烦的一批，还有打生化的结算 bug 我寻思打生活凑时长拿筛子，结果经常一局下来一分钟不给我加，问题我也不是挂机啊，我就认真打，打个四五百分，还不是一次这样，经常这样
弄个比赛画面一卡一卡的跟抽搐一样
不是一个游戏说个屁",https://tieba.baidu.com/p/10277800206,128,这我真绷不住了
content,link,reply_num,title
"回挡五合一？😂😂
下一个是收藏品在武库里返场
他也没法公告吧最烦不发公告的了
返场一代手套，把一代拉这么高，该分点油水给V社了
感觉V社市场相关的更新一棒子一甜枣的套路越来越明显了5合1 ~ 贴纸板 ~ 创作者收益减少 ~ 阿努比斯下架下个更新不出意外是利空。。。而且这次阿拉伯神话跟阿努比斯有什么关系我是真想不出来，难道阿努比斯2026要上了吗
找玩家当外包做皮肤，还得是v➗
不发公告 万一是bug呢以前巴黎也突然下架过 一下子又上架了
没发公告前就是一场豪赌
暗金枪可以炼手套
沙二被删，黄金藤绝版
什么时候v把市场上限开放了，普通玩家是真完了
这个市场就是g胖随心所欲，想靠这个发财的有福了
分解红皮变成金碎片，固定数量兑换
参考10周年印花胶囊莫名其妙单独下架，脑缠散户冲进去狂买过，两天说是bug又恢复上架了
做任务龙狙免费拿
v社就是幕后黑手 最大的导狗
老箱子上架
快进到周年活动，上线免费选任意手套一副，刀一把
下架阿努比斯是为了上叉车收藏品包
为啥这么多人希望返厂收藏品呢，正常不应该希望出更多的皮肤吗
社区武器皮肤那么多还返厂啥老收藏品皮肤
老收藏品返场是不可能的，只有保证老东西的绝版稀缺属性，才有足够多的人去购买新收藏品的东西，自用那点购买力在导购和投机者面前九牛一毛",https://tieba.baidu.com/p/10302342234,22,直售不下架的先例被打破了，下一个被打破的先例是啥
"让眼光长远的人赢
收到，立即执行
下一个下架什么
下一个a1渐变之色
下一个梦魇
不通知也是一种通知
大行动和武库会通知，其他是没通知过的吧
其实没区别
有啥区别，有无公告都是第一时间看到消息的人吃
上次通知都被欧盟罚成啥了，罪名好像是具有引导性的下架通知会对价格产生影响什么乱七八糟的，所以现在25星的兑换皮也不上架了，下次下架肯定不会给你通知",https://tieba.baidu.com/p/10302506102,10,建议v社以后所有东西下架都不通知
"森破吊锤a队就足以证明了csgo就是个枪法大于一切的游戏 你只要有森破的枪法任何战术在你面前都是摆设
你不会以为navi没战术没配合吧
只要对枪的时候反应够快打的够准就可以理解森破如何吊打a队了
确实，转起来职业哥也是弟弟
gkd
首先这是个5V5的游戏 光靠S1MPLE一个人狂杀是不够的其次 因为人类做不到像陀螺那样的碾压一切的枪法  而s1mple也是人类 才会有战术 补枪配合最后 s1mple这样的人你目前不可能再找出来第二个 更别提组5个s1mple你这样以偏概全是不可取的有了这些前提 为什么说不是枪法至上 你强 我也不弱啊 你的对手不可能永远比你弱 甚至有时候比你强(除非你是炸鱼的)你有本事就组一个全员全年对枪胜率90％的怪物队 就是因为这种阵容在顶级赛场上不存在 一旦双方的对枪胜率接近 配合和战术素养高的那边肯定占优势
这。。。。让一年前的a队来navi是肯定打不过的，，枪法重要，但a队成绩最重要的来源是战术和纪律性
阿杜这段时间拉了
所有战术的实施都是为了最后拼枪的时候能稍微有点优势 你拼枪如果被碾压了 那一切战术都毫无卵用 我说的没道理？
别整那些非黑即白的理论就行 另外gkd
只要够杠 任何道理在你面前都是摆设
1级小号别逼逼嗷，没点说服力，起码弄个黄牌再逼逼
你说枪法倒不如说是游戏理解，道具配合可是太重要了，tyloo枪法不一定比多面查多少但是配合嘛？你也不想想 你说这话森破会不会说，他会说枪法吊锤战术这样的话嘛？ 这不是无视团队的努力嘛？Nv赢谁都知道不用看电子哥和森破 要看吉祥三宝
那现在的职业哥岂不是可以只练枪练到出神入化，完全不研究任何战术任何道具点位了？
真是有什么说什么 闲出来的
在职业赛场上，把枪法跟战术分顺序分先后是很主观的行为。你觉得战术是为了拼抢的时候稍微有点优势，但是比如闪光烟雾覆盖到位，你拼抢会拼得很难受，会把白的睁不开眼睛，错失一个枪位，等你打算拉出去拼，对方已经架住你了又或者是转点，假打骗你的道具，回防，骗得对面就留了一个人在包点就这么一点“优势”，往往胜利已经倾斜s1mple这两天打的是准，但他强在没人想的到他敢拿把狙穿烟出去一换一的液体双架，敢中路拿狙出去穿烟秒一个，白着盲狙一个这枪法好吧，可是换其他的职业哥来想复现这个操作，一样有top456可以做到，可是没有意义，因为其他人根本不会想到这么打。作为18top1，19top2，他这种游戏理解搭配他的瞄准能力作出的选择，才是他成为top player，吊锤其他队伍的原因那这个算什么，通俗说是意识而一支队伍的意识，就是这支队伍的战术和配合怎么会说没用呢？
别说这个，我世俗，只想知道镇楼图，gkd
大家都是职业哥，实际上枪法完全比对面高一个段位根本不现实所以要靠战术拉优势
森破的意识和决断也绝对是最顶尖的那几个
不会有人以为A队之前能赢单单靠战术吧
不应该是两者缺一不可
快给我把四级发言装上把，总有这些☁️玩家来
那为啥18,19年top1，top2就是碰不起冠军呢，照理他枪法碾压绝大部分人
建议去看下18年DreamHack马赛站  A队是怎么打死当时以枪刚著称的SS的。还有液体枪那么刚，18年被A队压着打了快一年。不是想反驳你的lz你的说法，因为确实一切战术打的再NB到最后枪打不过都是白扯，但感觉lz你有点过度神化枪法的作用了，好像说的teamwork完全没用了，不知道你是不是这个意思。s1mple的大多数决策都打的好，枪还打的都准，队友配合的也到位了造就了他能够有亮眼的发挥。有手还得有脑子才能成为真正top1，哪个都少不了。
那simple还能顶着闪踩着火混着烟给人杀了？
楼主意思simple没有参与队内战术，烟闪都没有上去就刚，然后吊打天下？
不否认simple的能力强那么有几个simple？那么为什么NAVI没4冠？一场比赛定理
战术和道具只是为了更容易造成击杀。，总不能用道具砸死人吧。就算战术道具再好，你也要把枪掏出来找人呀。最终的结果还是要对枪击杀敌人获得胜利。
确实确实，建议把把游戏simple直接中门拿把ak出去全部秒杀呢
枪法大于一切？液体被a队吊起来锤怎么说
是的没错，在绝对的力量面前，任何招式套路都是花架子。可惜，我们普通人没有这样的绝对的力量。所以，我还是选择学点道具和尽量的和队友配合。
navi之前拿过几个冠军?
说我一级小号的看看我关注的吧 这就是我的大号我只是从来没关注过这个吧而已
纯论枪法到极致要是有用的话xantares早拿major冠军了
别跟我来这一套 gkdgkd
你不会以为他不会配合队友吧，你不会以为他1.5w时长的意识是假的吧？
一级小号反串黑？
森破假拆那一波给我看瞎了。真杀意感知。其实能说通，要是我也会那么打，但是我估计我卡不住那个点。他那个预秒线也略显牛逼。
楼主☁️ 别说了
现在的navi跟去年李逵很像，刚猛枪法+无数小配合
啥也不懂 还出来秀智商 真以为看了一个比赛 啥都明白了？
首先，在csgo里大多数情况ct优势大于t，所以在当匪时就不能完全靠枪法，要是一点配合都没有不可能打的下来
？FAZE打navi的nuke怎么说？
然而以前大多时候不管液体 navi 还是之前的ss都是被a队按着*
典型的以偏概全啊
火男p小将拉跨的时候，navi基本都打的很艰难，队伍短板太明显，对面就拼命打你这个点，枪法体现在个人，战术体现在团队
你说的是这样吗
navi也是有很明显的战术的，比如打a队的a平台，闪光下雨一样，ct连混烟和收过路费都做不到。
缺一不可好吗你这话说的实在是搞
我认同枪法大于一切，不过不应该是枪法是上限战术是下限，而应该是枪法单独弄个上下限，战术影响对方的枪法往下限降低
一粉顶十黑这句话是有道理的
这都什么人啊，居然都在讨论csgo
参考大陀螺
众所周知 a队没有枪法 液体没有战术
CSgo的下限确实是枪法，但是上限决对不是，载物强吗？为啥输给森破。而且现在navi是有战术的。当初玄冥二老时期navi枪法普遍不如吉祥三宝时期，但是玄冥二老战术好。
只有我一个人在看gif图？
事实是simple和电子哥只有一半的时候是稳定发挥的，很多情况下战绩并没有吉祥三宝好
枪法决定下限，战术决定上限，枪法不可能保持长期稳定，战术成体系后更稳定，去年上半年的液体就是鲜明的例子
枪法是基础，战术和投掷物是让你的枪法更能得到发挥的机会，单有枪法毫无战术的话，怕不是出去吃对面10颗闪捂脸冲包点送对面枪口上
枪法只是取胜的必要条件，但是并不是决定性因素
要是光靠枪法就能赢，cncs早就世界强队了
笑死我了，Navi前几年被A队打成🐶一样，过了这么多年肯定把A队的战术研究透了呗
我觉得你的逻辑就有问题，考虑战略的时候就已经把战力算进去了。枪法只是制定战术的时候的一个考量因素。职业战队的数据变量可复杂多了，一局比赛里每个时间点该做什么，由谁来做，这些东西都要强大的数据计算来协助判断的。你只能说simple的个人能力太强。但个人能力跟战术没有比较的意义。
a队最强的时候5人上top，多打打游戏，玩明白了再说话
好的战术可以多打少 可以制造对枪优势。大b去之前 navi并不是最强而且急不稳定。证明还是需要队友的。再强四杀五杀一局也没几次啊。
现在立马给g让提要求取消道具
战术可以模仿，枪法没法模仿，所以说枪法决定了上限。毕竟是fps游戏，道具再好，战术再能骗，对枪对不过被人2+3刷了，一切都是枉然。我站LZ的观点
那为什么A队可以建立王朝拿四届major冠军 simple做不到？
simple 这么厉害 为什么没有蝉联过top1啊？ get right 冷神 载物都是两年连续top1 simple 没有做到啊
土耳其狠人表示很淦
时空警察来了，fw老猪不如载物一根，载物3major冠军3MVP，不需要加定语的goat",https://tieba.baidu.com/p/6522840799,71,森破吊锤a队就足以证明了csgo就是个枪法大于一切的游戏 你
"昨天闲着寻思看个淬火爪子配双栖，在底价突然看到这把，检视面这个蓝感觉像一朵蓝玫瑰，太艺术了，直接激情下单，这回封仓啦
梅瑰也是梅，霉瑰也是霉
低情商：一坨高情商：蓝玫瑰
我单方面宣布cs吧友没有艺术细胞
迷彩王
高情商：双栖百搭
梅毒的梅，梅瑰
还得是双栖
我也是双栖陪淬火，不过是蝴蝶
我出200給我登记一下
底价好模板双栖卖了换了夜行衣，蝴蝶牢住了
丑到爆炸
感觉像.....梅毒
欣赏不来
太丑了
正面全蓝呢别藏了
谁拉这了
丑的无法形容，发刀都没人捡吧
好帅的蓝玫瑰
好丑的蓝霉瑰
淬火是对的
火蓝刀锋
史一坨
玫瑰？梅毒！再配个青铜形态绝了
溢价100拿下
淬火是这样的，买的时候高兴一次，卖掉的时候又高兴一次
淬火玩家是这样的
哪里像玫瑰了¿
一般般
淬火玩家在抽象方面和达芬奇有得一拼
蓝环章鱼哥你好
登记一下兄弟
双栖救了这刀一命这么一搭还稍微顺眼一点
挺好看的还是底价，不过持刀面啥样
玫瑰在哪？哥们你骗兄弟没事别骗自己行吗
看我的
帅爆了
属于是.d我都不捡
哥们什么磨损的双栖
卧槽，蓝玫瑰帅的。
冯的，梅毒真下头。
你说像不像玫瑰，那确实有点这个意思，问题是这也太脏了
离我远点我怕传染",https://tieba.baidu.com/p/10308322238,43,兄弟们，进来夸夸我的蓝玫瑰淬火爪子！
"感觉这把枪很好看，想入手但是又怕价格不稳定，问问大佬们
半年以后，也就是明年3月份买
好看在哪？这价格为什么不买血腥运动
大猎这样搭
新出的枪皮，价格波动参考传承AK的曲线
V社强庄控盘，没有下架预期导购压根不会碰的品，稳得一批。但建议等到明年至少开春，这个是根据steam市场价格浮动定价，目前存世量不算多，等等应该会将。参照23年以前受欢迎的ak皮推出后的价格曲线决定入手时机。
会越来越低
稳定下降
这枪就是V社给新玩家的福利。几百块就可以玩到最新的枪皮
别听那些人的话，想买现在就入，言尽于此
你们都不买？那我要建仓咯
一般情况下新箱子至少等一年才稳定，不过早买早享受啦
比较稳定
为什么不买略磨红线，血腥运动，燃料喷射，美洲猛虎
v🐍的教学盘口
箱子下架必📈，不下架阴📉
喜欢就买，这个枪倒狗是不碰的，价格稳定的一逼，不过也就是因为倒狗不碰，未来也不会有暴涨的可能了
稳定阴跌的枪
现在没啥是稳定的
你这不如买把新红浪潮过过瘾，还不贵亏也亏不了多少
挺吃磨损
这是最稳定的，因为游戏里买比这个贵
还要跌，一直在产出
大型配虎牙我觉得挺帅的
我感觉比较稳的了最近想玩就能买
还能跌
也还行吧，跌肯定会跌，但是上个月我看的时候也就1400，现在也就跌了个二三十。
還會低
现在别买，这箱子才出了3个月，你现在买啥呢
會更低
怕亏就租，我1480买的，买了好久，到现在降了100，能接受
挺稳的 我这种从来不买新出皮肤的人都买了一把 挺好看
不稳定 这玩意只掉不涨",https://tieba.baidu.com/p/10308980568,33,这把枪价格稳定吗
"黏度最佳指挥大表哥
大表哥老串子了，舆论怎么说他就怎么串
有点像老vp的感觉了",https://tieba.baidu.com/p/10314565222,3,爆了爆了爆了！
"你挑的这些怎么都是吃磨损的
看看极限酒精陆军
终点线，警告，西装革履，陆军，大猎哪个不比这些强啊
首先看你是什么刀
裹手吧
而且专业手套和驾驶手套都特别吃磨损，驾驶手套还能挑模版，专业手套那个字母和大拇指真的难救
你也可以自己想一下，这里面同价位拿出来真的能打嘭吗，可以租一副，但嘭留着没问题的
深红可以不吃磨损
之前买的
加点上大猎
破损大型猎物，不吃磨损
再加几十块钱上大猎多香，我今天才买的基本看不出什么磨损
买陆军少尉，不吃磨损
大型猎物
你这非说都建议略磨
真别选这些，低价磨损烂的很，考虑下极限酒精陆军吧，磨很小
个人喜欢王蛇 和红网Ng
王蛇都1400了吗不愧是动物朋友
这里面一线特工最耐看，也好搭配
可以看看极限酒精烟雾弹
前面几个都吃磨损 底价没得看 下面几个确实不好看  这个价位看看大猎  烟雾弹  警告  套印吧",https://tieba.baidu.com/p/10312578283,21,预算一千四兄弟们帮忙参考一下
"阿努比斯纪念版重新上架，确认此前下架是 BUG
没醒的兄弟提神醒脑一下，骗你们的
你看你骚的
今天还会有更新吗
再串达斯
兄弟我还没买，这是给机会吗？
是真的，买到了
尿吓漏了
是真的我买到了
大水比
给我尿吓出来两滴
差点跳了
那还说啥了跳了
真的吗，买到了，感谢提醒
再创达斯
再串超死
🌿撕逆
更新了你老冯子被塞入阿努比斯纪念包然后永久下架",https://tieba.baidu.com/p/10311286228,18,更新了更新了
"现在稀有箱概率改了，伽马爪是否比伽马蝴蝶更保值
伽玛爪本身出身就大于伽玛蝶，炼金前一个8000一个14000，现在差距拉到一倍了，而且梦魇一天不从常规池移除存世量的差距会进一步拉大。如果今天关于稀有箱子的传闻是真的，只会加速这一进程
更新炼金前伽马爪就是刀皮龙头了",https://tieba.baidu.com/p/10314515849,3,想问下吧友
"今年真的没想到faze地狱归来让我钻石币爆炸了，但是我突然想到了2022年里约major的另一个传奇，ben这个战队，当时有谁能想到世界第一的faze会被我网吧队给差点打解散呢？，不得不说这个队在当时真是创造奇迹，可惜现在看不到这种故事了啊，真是我剑也未尝不利！
致敬历史关键局从rmr获得major席位的关键先生juanflatroo！尽管后面已成蛆，但也算是完成了历史壮举
你要是没把小蜜蜂放最后，本来也拿不了钻石币，淘汰赛一路填小蜜蜂的话，faze不影响钻石币的。
笑死我了 安特卫普冠军里约0-3光速回家 我faze粉朋友直接朋友圈开喷bne了",https://tieba.baidu.com/p/10311932957,4,看到大家都在讨论faze地狱归来
"个人感觉这个变阵无敌了，马西西和宗主回归了，这个阵容我感觉就看马西西指挥怎么样了。下赛季期待绿龙表现
这么一想让马西西指挥，会不会是因为马西西新指挥，哈利好搞场外既定战术那一套？
见过有人走出牢房，第一次见有人改造牢房的",https://tieba.baidu.com/p/10313701987,3,绿龙变阵你怎么看
"不接显示器开麦没问题 一接之后开麦就没声音了 别的微信语音啥的都是正常的有没有大哥懂的
游戏设置里的语音输出没弄对吧
电脑里声音输出设置要改成你外接显示器的
兄弟解决了吗，我也是这个问题外接显示器之后开麦队友都听不见我说话，队友说话我能听见",https://tieba.baidu.com/p/10107617040,4,为什么笔记本接完显示器打cs开麦没声音啊
"65折🐟一共肝官匹纯手动打了2个月1012⭐出了1红3粉4紫回报率还是可以的小赚5k+😍
那是你运气好，我抽了600星粉都没一个
怎么倒的65折
坏出，兄弟，坏出
你这算运气好的主要是出红了
你这是狗运，不是回报率
你这纯运气好，你再肝几套看看就知道真实回报率了
我6张两个紫
我也1000星，开了三个号
好游戏都这样
我1200⭐，就两个烂粉",https://tieba.baidu.com/p/10311822104,11,武库1012⭐结果
"1.dpi的类别 低dpi转身困难怎么办（我现在是800*1.25）dpi会影响什么呢2.rt上不去怎么办 我的rt现在不到1，如何提高？一直打死斗和匹配可以提高吗？
dpi这个我才800*0.9除了不好背闪感觉没啥太大问题
800*1.25不低了 转身困难是你小臂一点都不动
打bot,新手还是练急停吧
买个45x40的鼠标垫，学会甩鼠标吃满鼠标垫的行程，结束，话说一般灵敏度不是在自己习惯的移动范围极限内从左甩到右差不多转半圈到1/4圈就可以了吗
多用会慢慢习惯的。我开始是800×1.2 现在是800×0.8
我跟你一样也是新手，现在满脑子问题，运动方式压枪方式一点一点实验吧
低敏我最近也是打了这个游戏才开始用上的，之前一直玩cod没觉得高敏有问题现在玩CS高敏真是跟不住跑打的混蛋只能练低敏了
堆时长的游戏咋可能急，除非你把这游戏玩的跟学习上班一样",https://tieba.baidu.com/p/9800050194,9,新人求助疑问贴
"一直很喜欢夜行衣，从底价到伪双黑再到t1双黑，结果连很多t1双黑无论大小都感觉有很明显的白斑，最后也是买到了我心目中的第一模板，几乎没有任何白斑，还是找贴吧老哥买的感谢贴吧
略磨没白斑
这啥模版
lz能不能推荐几个模版以及购买建议，后面买的时候可以避雷
34，619，640，640老榜t1里最牛逼的了，夯
贴吧没人骂了，夜行衣再也赚不到米了，贴吧老哥们糊涂呀
确实是好模板，老哥啥磨损多少收的
加一，t1模板是真的帅，感觉豹纹像梅毒斑
楼主多少钱入的
想请教下t1模版一般溢价多少的，也买过3、4次夜行衣了，但以前都是捡的底价伪双黑那类的，现在也想整个t1
玩了10几双夜行衣现在非双黑不玩目前用的16模版
我的2号模板
T初始手套2.0
619 0.27磨的溢多少买合适呀lz",https://tieba.baidu.com/p/10310262043,14,第四次买夜行衣了，分享一下
"大的要来了，说的好像价格被吵起来就末日了，绝版了，再也买不到了。殊不知，我买不起就是买不起，不买就是不会买，你降价降一半都买不起。
？他的意思不就是让你别买吗
这人的意思应该是这批资金可能是来割韭菜的，提醒你别盲目去跟吧
3万无损的迈阿密随便挑吧 满红和服也能蹲一蹲，这洗碗手套真比之前的旱武帝还逆天啊 吹都不知道怎么吹
我挺喜欢的，如果价格能再翻个倍我觉得比树篱还好看谁懂？
上来就是欧美打法，劝后面别跟啊
大便上席，也有人吃，口味不同
这个价位为什么要买
这破手套就是干到100万，我都觉得他丑，，，
今年确实一堆东西拉的我都不敢碰了这批人跟以前的倒狗本质思路就不一样，就没指望咱们这些打游戏的来接盘
俩织物单论颜值是比西装还低一档的，月色一千深红五千的时候我会夸这俩不吃磨损有性价比，现在纯纯一坨了
资金盘，啥叫资金盘，就是大资金是吃肉的，小资金喝汤，那谁是肉
那你快跟到时候被套别到处叫就好
他们炒树篱，炒潘子，我都可以理解、接受，多忽悠忽悠，各大平台洗洗脑，再亲自试试，发现东西确实不错，很好看，大概率也就跟进场了。但现在他们炒的是什么玩意......你能接受么？反正我接受不了，也说服不了自己进场。就这么犹豫中，这些“老破烂”就一飞冲天了，很好！这下就彻彻底底断了跟进场的念想。  直接就说服自己“这波不该你挣，没上车就看着吧”。",https://tieba.baidu.com/p/10299961859,14,买不起就是买不起
"脸都不要了
你还到底价我都不卡你
多少沾点不要脸了
刚入了一把94.6的
蚌埠住了，刀这么多
也就是当年谢逊没碰上他了
我草里的，一刀砍六分之一是人啊？
一共2.4砍tm400
总共两千四🔪四百
这是真把你当爹了，是真要钱
没绷住，这价格我刀20都不好意思
屠龙刀，要是能一直卡着就好了
之前买尼泊尔红网850我刀10块钱都被卡了十个小时
这就是吧友们天天吹捧的BUFF没有赚钱哥
你就是难受死了都跟我没关系
都叫你爹了
学聪明了 不直接还价了 但依旧是连底价都不愿意出
我看看你还不还
没明白人家砍价你接受就卖，不接受就拉倒发出来就是让别人知道啥？
哥们是会砍价的
话说渐变海豹手感怎么样，当初想买来着，最后选了op锯齿，已经玩腻了
400多也太变态了
刀个几十块得了，刀几百属实是神人了
2060也太逆天了。这刀95渐变的求购都2200了。能砍到比求购低的是人啊
刀50我都要愧疚好一会，刀400脸都不要了
砍1/5  666
2k的东西砍400 臭区一条
如果-48你会放手吗
小砍一刀而已有必要吗
八折而已
也不知道是什么富哥让这种类人生物尝到甜头了能这么坚持
挺可爱的，多卡两小时
🔪88都理解 2.5k一🔪砍400也是神人了
不错了 我500的印花集刀一百这些屠龙刀真该滚了
今天遇到了一个挂23000给我砍到18000的
我买个一万的东西都不敢砍这么多
昨天排了一把枪也被卡了半天
哈哈哈",https://tieba.baidu.com/p/10303200420,38,你叫我爷爷我都卡死你
"每次大更新前必有意想不到的品类被提前拉升，就像知道内幕一样，10月份的喧嚣红皮，这次拉稀有箱也是一样，只拉稀有箱，常规箱一点不动，跟以往每次箱子拉升都是一起涨的完全不同，大伙猜猜会是什么更新
稀有箱进绝版
以后不掉落稀有箱子
卖了100个稀有就没卖了，看了下steam，也有人在拉，等一手信息再说主要也是压价太多了
你想多了，单纯给喧嚣铺路
常规箱凭什么动
没错，赶紧加仓
稀有箱子跟绝版没啥区别了
major期间不会有大的，圣诞假放完前不会有大的
租赁不消耗箱子，同时随机租一个金皮？开箱改成笔记本直购同款？亦或者或者彻底绝版？
跟欧盟DFA有关系
major 打完前不太可能有啥更新
所有稀有箱全进武库，倒狗趁着更新前吃最后一波
五合一之前，基本所有红皮都拉升了，就连变色龙之流都拉了，真的是歪打正着吗
是为了一代手套而已，字母d和王风项目啊
10个箱子合一把自定义钥匙
武器箱掉落机制移除
我猜是跟绿宝石相关
厌蠢症犯了，手套箱大涨有没有可能是要把一代手套和一代红以及喧嚣拉上去？其他的箱子只是被情绪带动罢了
以后没有掉落武器箱了，只有武库换
箱子在武库用星星抽奖
你可以反着想，很可能要出替代品了，拉升找人解套，拉一代手套箱那下一个就是背刺一代手套
极限抄底
3k小时至今没掉过稀有箱子，一次都没有。。。
稀有箱其实和绝版也啥区别
预言家
666
6666666",https://tieba.baidu.com/p/10265188699,28,每次大更新前必有意想不到的品类被提前拉升，就像知道内幕一样，
"兄弟们，这个收藏品里面的A1，渐变大狙，还有蓝莓樱桃留意一下，我不让你们买，只是说留意而已，别喷我。#饰品价异常涨跌你怎么看#
你不让我买，我偏要买
都涨多少了还留意
收到 已加仓
收到 已加仓
收到，马上砸盘
收到，马上砸盘
收到，已满仓
涨完了叫关注吗
CD已经转好，等待拉升
谢谢你，素不相识还带我吃米，加
没毛，一大堆人冲雷击，雷击比渐变狙好的基本面在哪？人家做盘的也不蠢
套牢了 加不动
里面有实际做盘价值的就一个澜麟，散户太多拉不上去，看看隔壁伊卡怎么飞的，其他收藏品涨了一圈回来结果澜麟这个fw变成cncs收藏品价值洼地了，现在还鼓吹着要一起上车一起拉，而且major期间饰品一般走低，现在来宣传那不是给散户埋伏，那是让庄家埋伏散户出货呢
15楼经典的贴吧反买出现了
存世量太大涨不了多少
经典让人追
买不了一点导购囤好准备拉伸了来贴吧吆喝撒子接盘了？
好枪兄弟
这个系列收藏品全是日本人
贴吧这群人就存量存量的说事，事实是狗屁不通在那指指点点，澜鳞这玩意跟赤红绑定赤红涨它就涨存量在多也没伽马蝴蝶多，情绪市场导狗只需要点燃情绪就行了
后续必上1w，在这种情绪市场存量就是个笑话，导狗只需要拉赤红新星再开几个号每天都挂着排名3.4.5求购就行了完全可以把盘子控到死
又要引流有不敢光明正大👍🏻
这个绝版量少，拉伸资金也不会需要很多，一声吆喝就破万的事。能听你们话的都是不开游戏的，不会去看东西好坏。反而去拉渐变大狙一组的，量大，自用党还多，两极分化严重，喜欢的早就买了，不喜欢的一直说丑也不会入
我以为是刚出的时候您说这个
贴吧反买，这个定律  还在否，澜磷这玩意  量蛮大的，赤红量小好控   这个就…
fn57挺好看的，无奈太贵了
fn57没必要吧，这玩意太好炼了
价格已经很高了，渐变只有崭新和略磨，价格不可能高。按照出货的概率，各个磨损的概率乘以相对应的价格，很多收藏品价格还没渐变大狙高。
为啥儿子比爹贵
别忘了还有远古收藏品，能不能吃上肉就看你们了
指点江山的请亮库存
要不先带你那空仓狗浮木进场先呗
收到，已经抛了
收到了，马上观望
你知道我牢了几年吗
为什么不看看美杜莎炼金下级直接价格倒挂控死了
留意下荷鲁斯
兄弟们，笑死我啦，叫你们不信我
你就直说会员费多少就完了",https://tieba.baidu.com/p/10294583115,40,兄弟们，还能信我一次嘛？
"视频来自：百度贴吧
蓝车不搜，有点感觉育苗都是装样子
A门和蓝车都没搜
是挂捏，没人的时候就假装育苗一下，实则通透得很
只能说疑罪从无，我也感觉很像，但是没有100%证据就不能说是
铁挂 玩过育苗挑战就知道A门不是这么出的
客观来说锤不死，个人感情来说smgb
像，特别是这种没人的时候切刀跑，还原皮刀检视的
他都隔着墙在瞄人了，你还搁这问我们是不是挂A门打掉一个人晃一下大坑跟厕所就挪开压根排不干净，在A大敢切刀直接上平台一点不担心蓝车跟平台有人蹲，就好像一切搜点不是为自己搜的而是做样子给队友看。快下完包的时候就隔着矮箱在瞄人了更是不演，装都装不明白
出A门打死一个后不搜门拐角，不看蓝箱不看侧墙不看大坑，往A平台走切刀不看平台一箱，不搜蓝车，不看电梯位然后直接瞄着梯箱上面的人，一打五谁给他的信息
没刀没手套，还特别猛的，说是挂大部分冤枉不了
搜点预瞄很奇怪都算小问题了，第二个压枪那个准心抖动是人类吗，看着像跟软件抢控制权。
这么过a大是吧
不止透 还有🔒
最后来个不知所谓的道具，挂✓最喜欢给自己加戏了
铁透，隔墙看到了就假模假样搜下点，没人就切刀乱跑出a大不搜蓝车的
不能完全石锤，但看a门那个预瞄概率非常大，谁家好人这么预瞄的 给个80-90%概率是开子
没啥问题啊我感觉，什么搜不搜蓝车的，一打五本来就是要赌一赌的，一个个点搜过去包都来不及下，何况不知道场外有什么信息，队友说中路三四个什么的，只有过警家那波有一点可疑吧，锤不了
铁透，坑位不搜
说不是透的说明根本玩不明白沙二这张图
看哪哪有人，身位也防的死死的，正常打timing不会这么好，打成中立以下
有烟不封过点，a大还切刀跑了一段，众神之父赐予你视野
a门倒还好，残局杀一个就该赌没人，从到a大就不对劲了，没人就切刀有人就正好掏枪
除了从a大上a平台这段路走的有点通透。。别的地方看不太出来。得看全局表现
头线架的很稳，确实省了很多育苗，但这是1v5，可能本着放手一搏的心态打的吧，不能捶死是挂。
一直很好奇，就原皮刀子到底有什么好检视的？？？
大坑不搜蓝车不搜，没人就套刀，除非队友信息给全了不然默认挂得了
a 大敢这么上？切刀走一半了快遇见人了开始预瞄了
难辨，我如果打1v5我也不会去刻意搜一些点了，1v5对面大概率也奔放着打了，出来a门那块，别的都挺正常的，而且你们1v5会蹲在蓝车？
路由器雷达根本锤不了
铁透啊    哪有人预哪   没人直接切刀跑    太通透了
没人架就切刀，a大直接切刀走真6，知道包点没人架是吧
下堡镜头跟着人走
下包的时候，盯着a小的下，还不是挂
锤不到100%，但是游戏里遇到了100%举报
都隔墙瞄头了
这育苗跟没有一样
队友都说了看包点，说明没信息的，铁透
杀第一个装模作样有个人架他早死八百年了
一眼透
对面5个都开了，头都往准星靠了
挂，只看前面就感觉有问题了，a门杀了直接上a大，要么一个一个育苗警家小道过去 再回头看看屁股这种慢打搞成1v1，要么直接抢回防时间丢警家烟上平台，这视频打法就是通透没逻辑的就是瞄那哪有人
挂，过A斜看沙地往B门方向看，下完包直接起身打A小，1V2的时候跟A大对完换子弹起身给箱子上的爆头，换正常人我只能想到运气好和炸鱼苗
蓝车大坑都不搜，感觉很bt啊
铁透，一堆点不排，信息不可能全
如果你问我的话、我答你是
铁透，不用看了
只要架的地方就有人，完全没有任何破绽
第一波就锁头上了
铁透，但是听会演戏
开头都露肩膀了，装没看见
绝对开了，就出a门的时候装装样子
我说白了第一个人绝对看到了 这能继续正常搜点我吃 低分局就是挂
虽然pac了，但a大出得确实没问题。打完第一个25秒1v4怎么可能去管大坑和车位，肯定赌了瞄着平台就上了啊
大坑和蓝车倒是看一眼啊！有烟到是封下过点啊！有火到是扔a小再下包啊！你特么是timing的神啊！
这杀第二个人都抖成帕金森了 福🪵在天上帮忙都压不住的fvv
只能说不确定，同段位所有1v5都是运气加对面有漏洞，ct1v5除了a小两个人其他都各打各的，后面回访也是，t这个视角又合理也有不合理的，一个片段就说是不是挂有点那啥了，要我说我前几天强运隔门被闪鸟狙了对面两个头我更像挂一点
我感觉不像，运气成分多点。老玩家都会判断队友死的位置，至于切刀很正常，不拼时间等对方回过神根本没机会
最后一个人的时候 这货铁挂壁
初生中的典型
90%透，第一个和最后一个的timing都很怪，第一个人像又要演又很急着想打死这个人，装模作样预瞄两下其他地方，最后一个人的timing是真的好，伊戈达拉真好人过警家，看到没人那后面一路瞄到电梯位就合理了，但这个timing本身就有点怪
这演的有点蠢了开局a大透到左边站个人就已经肉眼可见的急不可耐了，但是还是控制住自己假装先瞄了一波空气
已经PAC，大快人心
他怎么知道没人的地方没人
除了A门那段其他都正常
杀A小第一个来的人是瞬间定位的，甚至是提前枪，这点很可疑
铁挂，从斜坡下来的时候不去看警家，人家全程没露脚步，直接去看电梯位，父母也在天上帮他报点
这肯定是啊
这个意识过a大门缝没看到人我是不信的
为啥还要讨论开没开，不应该讨论演没演吗？
铁挂，a门打人后不带搜点
一路掏着刀子上a大已经说明问题了
抬走，除了第一个还能解释 铁挂
哪有人下包视角不离人的
m4掉了，这个人
准心跟着人走
正常你出a门就遇到敌人，你搜不搜a坑，a大打掉人你第一时间看不看警家，小道回人在中路已经报点的情况下，中路都没说话，你看警家多还是小道多。
带包上a平台直接切刀，铁挂
别说什么1v5蓝车不搜没问题，你大脚步跑着过去，也得贴左预瞄着过去啊，这是肯定没人了才会有这种动作，顺带看一眼根本不费时间的。
看他打最后一个还是可以锤的
很难说，有时候时间不够了有些点位我也不搜
铁挂逼
透，直接举报，门后不是这样搜的
玩不起开挂
演都不演的通透
育苗半天沙一个，然后提刀，不知道的还以为是对面只剩一个人
A大拿刀冲是吧，信他这辈子有了
我想说开个透视玩的有意思吗？还得装着，多累？不知道为什么那么多作弊的
第一个杀了赌a大1个人到正常，是我没时间了我也会认为就1个，有烟不封个警家就姑且当他忘了吧。上平台的动作真的很变态，还有18秒又不是还有8秒，提着刀就往平台走，一点也不怕包点藏一个啊。杀最后一个人的时候也很哈人，看到他去警家，然后警家才搜一半准星就已经往上抬去看梯箱了
确实通透了点，后面俩还好前面仨有点假
100%开了
段位应该不高 装的一点都不自然
没打起来的时候装模作样瞄一下 后面打起来下意识全程准星跟着人  没演好
那么多点没搜一路前冲，不是挂是什么
前面可以洗运气好，最后两个人头铁挂
残局出A门近点直接不搜，然后直接提刀上A大，这不是透啥是透
你们在干嘛？a门出来都漏身位漏枪管了也不打，知道人在哪还一个个站大马路上，枪也不开的?是没买子弹吗？
基本上是了，纯找人打
通透世界
太通透了
A大切刀出是吧
虽然我感觉对面也不适人但确实嫌疑挺大
这不是透是什么？装模做样打完A门外直接大脚步跑过去杀人
他是挂我去泡汤
大坑不搜蓝车不搜。切刀上包点。对枪还能洗洗。因为都露过声音。但搜点真的是有很大问题。
看完觉得奇怪疑点多就对了，这种100%桂犬
身法一坨，枪法屎，职业意识，挂无疑
挂壁，因为我开挂也这么玩
A门这个出发有问题除非有人给他报门左边 蓝车不搜倒没什么但是连着平台箱不烧火就有问题了 最后斜坡烧火第一时间预瞄也有问题
第一波出a门一眼假，最后一波，也挺假的
开挂都差点被反杀
肯定开了啊 你看他下包的时候瞄着前面那个人在动
第一个人就有问题好吧，明明在a门里能看到一小部分那个ct的身子，但是他装作没看到，假装的都是透
装模作样
掏刀不正常
残局不搜点
外挂，通透的一
疑罪从无，残局a门杀一个，我也会倾向于认为每个人都单走，所以不搜点。蓝车相当于a大，一般是狙架，步枪架的话也该架点补a大枪。a小大脚步不多说。但是后续就是有嫌疑了，不过我锤不死。答案是我肯定是举报按烂
太敢赌了吧这，A门拉出去后门后，大坑，蓝车都不排点
常规点位
一样挂，装模作样给队友看
进A门小心翼翼，杀一个后无所畏惧，这一点很奇怪。起码大坑和蓝车要看一看的，鉴定为透
直接切刀再预瞄，孤儿一个
除了第三个其它看不出，，，我昨晚也是一个1V5残局4杀，，，回头看视频开了X光看自己视角也有很多是对着墙育苗的，，，
低分鉴挂闹麻了，是挂我就吃肯德基
铁挂啊这是那有这样出A门的
有点通透了
是挂我吃kfc
11月份，我遇到过，绝对的神中神，绝对的天才少年，但是在对面我们被打的只拿了1分，也叫这个名字，好像对面五个全是挂逼，我承认我是中老年人，但也不至于只拿了1分，后面我们五个人拿野牛前压被对面一个爆头全灭，你告诉我不是挂，人没到枪就已经打过来了
出A门打死一个，不知道右边或者大坑还有没人，你不搜至少架一下吧
控枪稳的有点吓人
下包的时候，视角就差完全看包点进的人了。越是透，越是会装
一打五残局，不看大坑，不看蓝车，不封过点直接过。铁挂呀
这要是没掉人5杀还有洗的可能性，这都1v5了你赌ct不报团？切个刀这么走，纯他老冯子天上报的点
大坑不搜蓝车不搜蓝箱不搜平台非预瞄位拉出去就是头闹麻了
就是g蓝车也不看，育苗漏洞百出
还有手上有烟，不给个ct烟就很可疑了
这里看到人一点反应没有，真没问题吗？
真nb，和着a门大坑让他填了是吧，这ct敢直接走过去
不搜a们不搜蓝车有烟不给过点连看都不看两眼
通透世界
蓝车有人怎么办?警家有人怎么办？
不搜蓝车？切刀跳拉？耳机50万？
不服？就是封不掉气不气
按照5e育苗挑战的话第一个人站的属于非育苗位，出a门不搜门后和大坑，反而在搜一遍蓝箱，可能吧",https://tieba.baidu.com/p/9946661187,145,这波1V5怎么说？是不是有点通透？是不是开了？
"这价格就算23号前也没多少人会买吧
他还真信暗金的标价啊，这玩意不比普通的低10%卖得出去吗
暗金的我看都不带看的，包牢的
暗金除非整活儿，不然就是给自己坐大牢
我看还是不急
暗金刀蓝钢谈磨损双重地狱笑话
真是个出，让你买了吗？人家求购都1100，你还想900，想刀想疯了？人家凭啥卖你？
把卖家当傻子，真是啥人都有
自己好好想想你890现实不。
没买到890的刀，急得把人挂贴吧上了呗，真离谱了哥们
兄弟来和我一起ROLL龙狙! 复制消息 $11 ￥eP9dZuLi￥ 打开【IGXE】！
还有日后谈我是没想到
赶上直播了
价格自己定
这刀除非有收藏癖的应该没人会买吧，再说折叠多普勒也比他贵不了多少，黑压还比他便宜
这人有点神秘了,单顶楼的图我能理解,有人买牢货没看成交直接买的,卖的时候也就参考自己买的价格.现在更是纯晚餐儿追出来骂人,连幽默eco求购截图都出来了,
是不是卖家本人 ip都一样
抽象，这卖家是真急啊找半天连eco这无人问津的平台都搬出来了，要截也是截uu和buff的求购啊
上面那个发癔症的：吧龄0年，关注的吧只有本吧，等级一级，没发过贴，ip和卖家同款陕西
卖家本人来了也太搞笑了
笑死我了，卖家本人来这人格分裂了，直接把这个帖子抬上一个高度
920差不多得了
燃，我看2000
卖家还破防追过来了
就喜欢看这种气急败坏的小丑
有个人好急xswl
该不会这个diner1300买的想找吧U解套吧
这种牢货，谁买啊
还有后续？！一人震三龙来袭！
尊敬的@贴吧用户_J6514ay之前随手发的帖子给你带来了不好的情绪，我挺过意不去的。当时就是随口记录点想法，没考虑到你会产生不适，应急破防，在这里向你郑重的道歉
尊敬的@贴吧用户_J6514ay日子本是按部就班的平淡，直到你带着一堆细碎的乐子闯进来，才发现平凡的每一天，都能被笑得眉眼弯弯。不缺柴米油盐的琐碎，只缺突如其来的欢喜，很庆幸有你，总在不经意间制造小乐趣，驱散生活的沉闷。
黑盒正常。这软件里的人可以说是最睿智的，说话自带一股🍬味儿。比b站抖音都逆天
这价也不低啊
谁买这b刀啊
暗金加弟弟刀加垃圾磨损加垃圾涂装一年都成交不了几把
？怎么贴吧最近那么多“系绳哥”
太有活了
这才是精品贴啊
整挺好
乐子太大了
妈的我要看的战斗爽环节呢
牢完了
1000的破刀还买上命了，真特么难绷
故事完结了
现在go吧还有年度吗，感觉可以竞选一下了
神人啊 笑死了 赛季末冲分呢这是，准备给吧里的唐人榜+1？
他从哪里听来的高磨黑曜石
他是不是喜欢用eco，那就用eco成交价出吧，顺便提醒一下这哥们把自己顶的求购扯一下，一会别被人丢求购了
好小丑啊。真是演了一出好戏。给我笑死了。
这都有舞台剧看的哦
蝴蝶刀挺好出的
卖家可以联系我，接有偿对线楼主，等级和IP都挑不出毛病
这个低价出确实离谱。
依旧买命
可惜了，一直挺喜欢高磨暗金蓝钢折叠刀的，预算2000出头，没想到已经卖出去了😮💨",https://tieba.baidu.com/p/10291372740,55,难绷“低价退游急出”
"突然就有了
给我搞红温昨晚卸载了
大概率内存问题，搞个TM5检测一下
游戏验证下完整性就好了",https://tieba.baidu.com/p/10311385165,4,xdm咋回事
"书接上回，本人上次面试通过了，由于刚毕业没啥钱，遂决定准备把饰品卖了在上班前去旅旅游
留点便宜小件 什么时候指不定回来玩有惊喜
你这个跟我差不多，我1w赚一千，拿了五天，过两天就能跑了
旅游是对的，上班以后想有时间精力去旅游就没那么容易了
我虎牙之前7天乐亏了500，这波又赚回来一千，算上之前的累积1500，已全部清仓，除了黑压爪子没到cd
1万块钱来沈阳包你胖10斤回去
给山建✌🏻跪了
这才是正道，把钱用在该花的地方⊙▽⊙",https://tieba.baidu.com/p/10256424853,8,对不起😭兄弟们我撤退了
"都丑  巨丑
两个吃磨损，还有两个又吃磨损又吃模板，还丑
选这四个为什么不从被你排除的那两个里面选
不如玩嘭
血压还行
能接受梅毒手背，就选青铜能接受灰多就选红网，有预算就加钱上好磨损血压
血压或头巾吧
其实……这里面头巾是最推荐的
要看搭配什么刀，个人喜欢深红之网
嘭好看
血压和深红
我选血压
血压不咋吃磨损，其他太吃磨损了
反正不要绯红，拇指永远有灰，崭新都有，驾驶手套最重要的就是拇指
我自己用的是青铜，我觉得挺好的
不是 头巾不比这些抽象东西好看吗
我用过血压，0.27酒精磨损可以忽略不计，就是有点暗
自己把两个最能看的给排除了
上来就排除正确答案
深红之网，这个磨损高了就灰多点不是很影响
血压吧，红网你要买字母完整的，不知道会不会超你的预算
嘭吧，或者挑个好表皮列赞玩玩得了
这里面没一个比得上头巾的，你这啥眼光
我选这个
这四个选血压吧
绯红吃磨损，青铜看个人能否接受颜值，血压感觉不好卖
必须青铜，玩过才知道她的好
你排除的那两个比这些都好
梅毒，实际上手还是挺亮的，没有网上说的那么不堪
绯红，实际体验不错的
我去这第一个还以为是深红织物
当然选青铜，因为我在用，这玩意刚发布的时候我就买过，当时略磨的价格和酒精的树篱价格差不了多少，前前后后买了估计有20次
血壓是裡面最有好看的
青铜，能接受的话还是很喜欢玩的，我已经买了4次了
绯红太吃磨损了，不然我觉得绯红特别配匪
我在用深红久经，很灰。颜值还可以，但是搭黑色枪皮的话手套质感看起来很差
青铜形态持枪视角吊打另外三个，就是看切枪持刀的时候你能不能接受了
别选绯红列赞，吃模板，你早说我卖你极限无磨了血压好一点
青铜，因为仔细看发现就是个沾血的树篱
青铜好
给你们再上个手机拍摄的图
血压或斯深红都可以，但是注意深红的话意味着刀也得深红才是一整套，否则没意义了，血压的话可选余地反而更多一点。
青铜，另外三个酒精都是一坨大的，青铜虽然也是一坨大的但是略磨也是一坨差不多大的。或者血压，酒精是半坨大的略磨是一坨小的预算有限玩这些吃磨损的不难受吗，不如买个针尖
腥红头巾怎么你了
你偏偏把最好看的一个划掉了
青铜或者神经，最好买弹弓
硬选的话我选深红之网但是感觉不如嘣
右下角露一半那个
嘭好看的
血压上手最好
绯红列赞低磨损的很好看，皮质感
你把好看的两个划掉干啥
血压最好看",https://tieba.baidu.com/p/10311501777,53,四选一兄弟们帮忙参考一下
"想卖个箱子点出售没反应啊，加速器也开了
steam确认了吗确认了的话等5分钟刷新一下
大促期间好像经常不让卖，防止倒余额",https://tieba.baidu.com/p/10314893635,3,大佬们为什么点出售没反应
"今年配了新匕首吗？
配了，被撤回了
v社都帮到这地步了还有人嘴硬等800的蝴蝶才是最搞的
不然问什么  难道问你今年被挂钩踩头了吗
我买了吧自动化杀猪刀，还挺好看的
我刚才看也没绷住，就差刀子了
被腰斩了
等50年再买
配了个弟弟皮m9美美把玩了
去瓦倒是配了一套
今年被挂狗拷打加嘲讽，举报还没用，对面老外队友都看不下去打字叫我们举报了。
这个游戏时间占比100%是怎么算的，我就每周打打箱子别的steam时间都打别的游戏也是100%",https://tieba.baidu.com/p/10309907320,12,这年度回顾也太搞了
"视频来自：百度贴吧
感觉除了第一波无脑走a大以外，后面都没问题
你就没有菜被打急眼说别人开挂的时候吗
上个视频还好，这个有点像透了
今天对完美彻底死心了，新赛季100场b，开学前还能1.14的用rt，9月份最近10几把几乎都是红的，绿的局基本是输的，准备换5e玩了
很像是透
不应该啊，下的A小包为什么要去主动去A大对枪
第一段：出A门的时候不看大坑不看蓝箱不看油桶近点所有点位一眼不看我就当主视角听到A大人走的脚步了，但是隔墙看人是干啥？后续也不看蓝车跟A平这么确定没人？不怕一箱后跟蓝车偷侧身？第二段：A大一路走过来确定没人上A平了为啥敢下A小包？而且他丢了警家烟而不是A小烟，他过点时发现沙地两个警家大概率没人，沙地那个狙不确定有没有信息，没有的话就不能排除A小有人的情况，但无论如何下A小包的风险与收益根本不成正比。从后续他丢A小火的行为可以看出他是知道A小后续可能来人的，但丢完火直接切刀走说明他根本不怕有人在A小楼梯近点偷他背身的第三段：后续大脚步去A大根本不怕警家烟里有人静步摸出来，打死A大那个没啥疑点刚好是正常育苗角度，打第一个A小的也讲不出毛病但他还是不怕警家下面有人（我看视频外放听不到到第二个人脚步，要是能听到A小后面那个的脚步还能洗一下），但后面穿二箱大狙明显瞄了一会瞄到头了才开枪结果角度不对穿到A平边缘的矮墙，格洛克跳打在空中又瞄头上去了。综上所述这人是透的概率有八九成往上，在执行了高风险决策的同时获得了与风险不符合的高收益——直接走最快路径去打人；行为前后存在一定矛盾——下A小包不怕A小有人，下完包才想起来给个火防人出，左右脑互搏；操作缺乏合理解释——主要是隔墙瞄人。上一个视频片段能洗这段不好洗
明显透啊，都明演了好吗，谁还在洗啊？
这个确实没得洗，就算有队友信息，也不可能这样过a大的。
演都不演
走路像癫痫一样划刀减自己速就算不是挂也是莎笔，这视角像一坨构思，更别提这全家福等于单人照的动物演都不演了
怎么这么多收藏
没皮肤＝每亩
？这都不演了
开挂已经无疑问 还不找悟光封他
所以你上一个视频是故意挨骂吗？为什么不把这个视频带着上个视频的标题发？你是m吗？
这洗不了，抬走
纯挂钩。。。把 x 光开着看 donk 视角都没你那么自信啥点不搜瞄准就有人，别把户口本拿出来祭天
人家浮木在天上给它报点怎么你不服气啊
这是挂我鹿
应该是
第一枪就开始笑了，最后一枪给我笑得肚子疼
这不明显透么。。。。没人切刀跑，有人大拉。下包下个a小包。。。。。还不是提前给a小火。
开挂打游戏就是轻松，非常适合弱智残废等垃圾人种
唐成这样还能杀人包是挂犬的
这不是全程找人打吗？搁这打cod呢
p90其实还好，这个狙属于是一眼透了
这不是透我吃屎
这个走路不像高手
一切正常啊，这不就是典型的外挂吗
这种纯若至
一眼透
最后一枪演都不演了
官匹吗如果是的话就包是挂的
第一枪就确定了，蓝车不搜，过点烟不丢，不看警家直接看中门，演都不演了
就是透吧，拿刀直接进a大；第一枪打沙地没问题，可能队友报点。第二枪和最后一枪狙不是透我吃
很正常，我只看了大哥的坚持和努力
浮木在天上帮他报点呢，正常操作
这里演都不演了
很明显是透吧
私募了
铁挂而且户口簿空白那种
不用洗，绝对有问题
一切操作都在告诉你，知道人在哪
上个视频真不好说，这个能捶死
这种唐氏，给他个透照样给他屎打出来
我要不是自己打过灭队我都信了
有这种操作为什么不打职业呢，是不是比赛不让插u盘导致的
我绞尽脑汁都找不出一个不符合无可置疑原则的操作镜头，还是直接点埋了吧
前面我感觉已经锤了但是还没有太夸张，最后在a大隔着箱子瞄拆包ct的头的时候我实在绷不住了
路都不会走。。
不考虑幸存者偏差的情况，首先单一小局锤不死，人少打人多想赢的话很多点位不搜也属于正常。但这出A进包点几乎是所有常规藏人点连看都不看一眼，如果队友报了存活CT全部位置信息还能接受，没人报点只能说大概率有问题。
这谁洗谁扫码，这不一眼开个透视不会演的唐比吗
这都不演了
杀意感知
一眼透，高手不这么炸鱼
2打4能提着刀一路跑的啊？
最后都隔着墙穿了
一开始还没问题 后面越看越不对劲
是个透吧？
第一波，队友要是看到沙地四个的消息直接走有啥问题，给了警家烟，a小火预瞄了a小，看了下警家都没出，a大不就到了，唯一的疑点是确定a大只有一个，打死就直接走了，不在架一下，但是残局这么打，也不是说不行，回去的路上正好打死平台的，time有点好，只剩一个了，这个时候听到a小还有脚退a大，听到拆包声，下的a小包，穿一下也没问题，但是跳电梯位可能比走斜坡好一点，有疑点，但锤不死，习惯不好，不是高手，但是本身这个段位应该也不高，老手有可能，透也有可能，没全段不可能捶死的
只是高敏手感好，18岁，磁轴键盘，高帧打低帧，用的卓威显示器，老玩家定位快，满级铭文，5090，杭州打外地 别太敏感不过是打的时间长了，厚积薄发了，换外设了，找人调机器了，用职业哥同款cfg了，努力练枪了，戒鹿了，早睡早起了，换刀手感好了，换枪皮会压枪了，换人体工学椅姿势舒服了，换耳机警家听匪家了，吃完拼好饭来手感了，高敏状态好，磁轴急停快，本地延迟低，剑匠定位准，540hz，高帧打低帧，平时喜欢用甘雨练习预瞄定位，学习元素反应锻炼智商压制 手法 绝境 突破 自我 证明 巅峰 枷锁 答案 依赖 尽头 诠释 冷静 逆境 自信无限 打破 困局 质疑 逆转 磨炼 极限 止步 假象 结果 终将 问鼎 冷静 挣脱 限制领域 绝巅 过去 诀别 回忆 束缚 破镜 零碎 绝劣 缺口 细节 天赋不奖励，不用杯子，不被榨干，王牌营养师，王牌心理师，不交军粮，早睡早起，心态好，不上班，不调休，耳机两万八，匪家听警家，迷城听小镇，队友报点了，gpw4，8k接收器，卓威显示器，wooting满配，卓威鼠标垫，傲风电竞椅，冰袖防摩擦，磁轴急停快，CPU超频，RTXON，可升降电竞桌，常看职业pov，aimlab常客，和主播认识，杭州服务器，wifi7顶配，延迟个位数，坐在暖气旁，双手温度105度，天赋与努力，线性四比三，跑图千万遍，不抽烟，不喝酒，高敏，1000fps打60fps，教练是布雷德，向大表哥借的战术字典，世一暂，汗腺被割了，练枪两小时，打之前吃六味地黄丸，20000小时游戏时长，父母在天上，总之别尬黑真的很正常，早睡早起，DPI6400x2.5，4090，9800x3d，卓威2586x，满改wooting 60he，等高线2.0，毒蝰mini se，剑匠零，线性43，4:3，冰袖，电竞公文包，杭州打外地，万兆光猫，8类网线，超频，练了两个小时枪再打的，霸体的，青水的，大司命的，出法帽加里奥的，有天赋的，努力的，生死狙击的，csol的，ow转的，马可波罗的，靶场1000小时的，上过黄埔军校的，辅助瞄准的，吃了鸡脚筋的，抽了利群的，官匹经验高的，队友报点了，漏脚步了，高敏状态好，磁轴停的快，高帧打低帧，常规预瞄，法拉利大拉，timing[星星眼]
开出幻觉了
笑了，开挂就是挂？
脑子想破了我都不知道怎么给他洗了
烟是给呲的，穿箱子没绷住
小透不算开
高手只是枪法好，意识好。不是间谍卫星定位。
66666
不演了都，除了职业高位TOP可以说绝对是透
一个残局80%时间拿刀切来切去，掏枪就有人，开镜就是隔墙瞄人
真有人这么玩游戏啊
哈哈哈，就这个还有人说不是透
这是演都不演了
拥有超越职业的意识
这个就是100%透视，后半部分全是问题。  准星预瞄点全是隔墙跟人。
这是通透世界我笔记本直接瞬间变成9800x3d+5090
不用鉴，这太明显了也太多了
挺正常的，早睡早起没🦌，DPI6400x2.5，4090，9800x3d，卓威2586x，满改wooting 60he，等高线2.0，毒蝰mini se，剑匠零，线性43，4:3，冰袖，电竞公文包，杭州打外地，万兆光猫，8类网线，超频，练了两个小时枪再打的，霸体的，青水的，大司命的，出法帽加里奥的，有天赋的，努力的，生死狙击的，csol的，ow转的，马可波罗的，靶场1000小时的，csol的，上过黄埔军校的，辅助瞄准的，吃了鸡脚筋的，抽了利群的，官匹经验高的，队友报点了，漏脚步了，高敏状态好，磁轴停的快，高帧打低帧，常规预瞄，法拉利大拉，timing，总之别尬黑
问就是科技强国
洗不了
开局切刀跑A大按包？下A小包，跑A大防守？大脚步，切镜必有人。这不是透？
《我也偶尔能打出来》《这也叫挂？》《不到A不要鉴挂》
耳机一万八 匪家听警家
这没脑子，A大都没人不下A大包
没问题在哪
目前一切正常，没有发现任何异常
按我玩三四百小时来看，这一路往a包走连人都不排一下，对面还是满人的
这就是本质高手吗？
穿箱子准星都吸上去了竟然没穿死
这些外挂是真的🍬吗，看着像流口水的沙子。又菜又爱装，开个挂以为自己是世一自由人了说是
不服？就是封不掉气不气
铁透视
这还用看？一眼透视
狙了沙地一个，知道沙地还有，就直接下a小包？生怕对面不上a小，知道a小会上人的情况下封火然后直接跑a大，就算是想确定a门有没有来人也没必要跑这么远吧，而且也不怕警家可能有人混烟出，透应该没跑了",https://tieba.baidu.com/p/10032500594,96,1、是你们菜！2、这不都是正常操作吗？3、新手能看出来挂？4、c*闹麻了
"好久没出了
创世不是刚出没多久
笔记本💻一点存在感没有了🙂↔️
一年两个出完了
v社已经准备圣诞放假了，居然有人指望他们更新
今年少出一个箱子，武库箱子没有轮换
V社（已圣诞）
大胆一点，圣诞大行动，故事线合作模式回归带个hxd就能打合作还不用被工作室机器人恶心
去年是千瓦 画廊，今年是热潮 创世纪。只是创世纪这个是全新的模式，所以后续是继续常规箱子还是延续创世纪这个模式就不确定了。
等明年武库吧，V社已经等圣诞和元旦假期了
我感觉大概率沿用新世纪了
整个创世纪内容轮换
创世掉落的时候，裂空转稀有了，说明，创世也算是武器箱。短期内不会更新武器箱了。
来个格洛克印花集吧
dota在更完以后说今年放假了，v社应该都是",https://tieba.baidu.com/p/10306147096,15,今年应该会出个新武器箱吧？
"这个有溢价吗？我炼金出的
那么丑...还溢价
蓝刀头，蓝刀柄，应该有一点吧，不是很懂梅毒
能溢一点，但不多
一百多还是可以溢价的，再高就得看眼缘了
底价+1k等砍
底价加50收了
底+200我收了
放buff拍卖呗
刀头蓝  溢几白",https://tieba.baidu.com/p/10312678575,10,问一下吧友
"糖人一个，t方大部分时间在队屁股后边补枪，偶尔单摸ct大部分时间守点 丢雷丢火我要练什么？道具？枪法？
你打完美首先要学会的是，要输的局猛猛送头，要赢的局不去k头，只有焦灼的局才发力
你该去练育苗打突破
你首先要卸载cs  下载lol
所有fps最重要的就是枪法，所以枪是肯定要练的，每天打点bot，练习育苗，低分局不是要你打配合，一个人杀穿就是了，思路和获取信息的能力在实战中积累
练关键道具，忍住别乱摸，炼预瞄和定位就行了，上个a没问题
先提升设备，别人都比你满半拍，怎么样都能杀
皮肤卖了换硬件，cs2现在吃配置",https://tieba.baidu.com/p/10309633331,8,fps唐人要提升应该做什么？
"2k uusm
我21年买过一个四条传送带的，卖了三个月，最后亏200出的
祝早出，降价了也说说
才知道套印还有模板一说",https://tieba.baidu.com/p/10305033184,4,出对称套印
"说来惭愧，第一次在吧内发帖是这事。大伙当个乐子看也好本人之前开创世终端开出了个AK47流金王朝的崭新暗金版（图1），当时核对了下市场感觉能赚几百。但没想到市场一天跌一两百一天跌一两百，一着急就没细想直接在BUFF和UU上各交315元保证金预售双挂了。今天QQ有人加我好友要保证金（图2）才发现，两个平台被同时下单了。这下我是真懵了，大佬们有啥法子申诉保证金吗😭？以对方恶意下单为由能行吗？
纯粹你的问题
怪你运气不好遇到个小人
你不懂，又正好遇到小人了
都不发货气死他
我也都上架了，咋没人来给我上一课
？你自己要摆两个，对方甚至愿意还你一半了
你应该谢谢人家
没任何法
他不联系你又能怎样呢。。
这不是该谢谢人家吗，遇到好人了还差不多
要是真能还你一半的话你真得谢谢人家，但不排除你取消了之后出现：‘我还你个蛋’的情况
我之前也挂两个平台卖被人一起扫了，没赔手续费，店被封了三天
我给你补个蛋
他还还你钱这么好 要我肯定不给了
不发货也就封几天
不发货就行了
如果是1个steam号能不能都点发货
u上发货，然后去buff找客服说已经发货给买家了但是平台没反应
他是咋加到你QQ的，你放在steam个人资料首页了？
你预售有保证金铁赔的，正常双挂倒没影响
纯纯小人行为，什么玩意
如果对面是一个号购买的，你爽吃了。相当于一个物品卖两次
预售敢双挂就受着吧
你要问那我肯定说受着
我在b站上看过类似的情况，b友给出的答复是贴着一张贴纸或者挂件，这样系统就会以为你原本的饰品不存在了，从而判定是一件新饰品，原本的饰品就会被下架，不过听下边说这样也会被扣保证金，我不敢保证能行，反正你试了亏钱别怨我
难道不是遇好人了这都能给你返一半？
给st计数器转一下，我试过几次转计数器发货不成功也没惩罚
职业打假的
往好的想，说不定赚两份保证金（买家加你，估计是他不想要这枪了，他不想亏保证金，所以还想套你让你提前取消订单）
我同时双app挂着这样子操作三四年了也没见扣过什么保证金啊，听都没听说过
喜欢预售，等哪天你预售的物品被撤回了就知道好坏了
经验加三
你留了口子还怪别人
这AK真的丑 无敌了
这不就是你自己的问题吗？认！
预售双挂你胆子真大
uu撤吧，封了还能交钱保释
啥叫恶意下单啊，不是你自己挂的吗",https://tieba.baidu.com/p/10296704136,39,预售皮肤在平台双挂被专业买家整治咋办😭
来个老板收了吧,https://tieba.baidu.com/p/10315046078,1,出个底价弹弓
"这个帖子本来是发在赛事吧的，但是却被吧务删掉了，明明别人也发过大嫂事件的帖子，也没被删，偏偏删我的，所以我发到这里。我看到有人梳理这件事情，但是只是大概说说，很多细节都不知道，导致jee在这件事情的恶劣程度被轻描淡写。我算是吃了全程的瓜，我就大概说说。背景：苦主是富二代，和女朋友是青梅竹马，女朋友是很喜欢cs这款游戏的，所以带着苦主入坑，苦主陪着女朋友看比赛，也开始玩游戏，买饰品。因为女朋友非常的喜欢天禄，jee又非常的高调，表演型人格，于是成为了jee的粉丝。第一阶段：认识他们之间有牵扯是这样的，就是女朋友喜欢看比赛，苦主就陪着女朋友看，通过钞能力，经常能在比赛现场遇到职业选手，于是和jee在线下认识，苦主的女朋友是jee的粉丝，于是苦主又给jee刷礼物，借饰品，卖力讨好jee，希望jee可以加自己女朋友的联系方式，让女朋友开心。第二阶段：眉来眼去因为线下见过面，所以jee对苦主的女朋友印象很深刻，可以说一直惦记着，当然，两个人有意无意的互相撩，可惜苦主没发现，我可不是瞎说。b站有视频，jee感谢苦主女朋友送礼物，苦主的女朋友也挺有意思，苦主的ID叫做夺命长脖鹅，但是女朋友叫做夺命长脖鹅的主人。从这点来看，感觉他这个女朋友的确不怎么样，属于对她好，她不会觉得你很好，只会觉得自己很牛逼的那种人。然后jee感谢苦主女朋友送礼物，接着话就不对劲了。“我给你们说啊，这个夺命长脖鹅的女朋友长的巨好看，两个人还是青梅竹马，我贼羡慕的那种啊，长的巨好看，巨好看你们懂吗？祝你们白头偕老，到时候结婚了喊我。”这个可能一些神经大条的老哥get不到，但是他当时在直播，这话是给直播间的粉丝说的，你们带入一下女主就知道那种微妙的感觉了，这其实就是一种撩，属于绿茶发言，只不过发言者是男人，所以感觉不是很明显。什么羡慕，好看，其实就是在暗戳戳的撩。第三阶段 感情出问题了自从加了jee联系方式之后，苦主和女朋友之间的感情就开始闹别扭了，最终开始分手。半个月后，被粉丝看到和苦主女朋友在一起，被jee叮嘱不要说出去，粉丝答应。结果几周后，jee自己官宣了，苦主发现不对，爆了。第四阶段 jee造谣，转移焦点jee反驳，说他们是一个月后在一起的，并且在自己的粉丝群造谣，说老板出轨，还表示自己还了老板送的礼物之类的话，和老板切割，还说老板骂他父母，把他骂急了，经典骂父母，和之前赚的多的回应如出一辙，一遇到舆论危机，就造谣说别人骂了他父母，装可怜，试图伪装受害者形象，这一套他这会儿又用到老板身上了。粉丝看到老板爆了，想到了自己之前的所见所闻，粉丝于是主动联系老板提供证据，证明jee至少在苦主和女朋友分手后的半个月就开房了。这里再补充一个jee很出的事情，那就是在苦主和女朋友分手后，jee还和苦主借蝴蝶刀，当时他要比赛，打算借老板的蝴蝶刀玩。（据说就是被粉丝看到带苦主女朋友去开房的那一天借的蝴蝶刀）当时的苦主不知道jee和自己的女朋友在一起了，所以就借了，毕竟他认为自己和jee也算是朋友。分析：粉丝看到jee带着苦主女朋友去开房肯定不是第一次开房，哪有这么巧的事情，第一次开房就被粉丝看到了。而且第一次在一起开房就给粉丝说这是他女朋友？所以他们第一次开房是什么时候？在一起是什么时候？确认关系又是什么时候？一共才半个月！按照jee的说法，他们之间从未私下聊过天。坦白的说，你认为jee长得很帅吗？半个月从恋爱，开房一口气全部拿下？现实吗？尤其是这个女人不缺钱，肯定不会因为你花钱就和你开房的情况下，你认为jee能做到半个月拿下吗？所以，插足这件事情基本上是实锤了。没得洗。澄清反驳的话基本上都是谎言。此外，根据苦主的说法，jee想要给他推礼物，但他没要，他膈应。但是他气不过，找女朋友要求退他送过的礼物。最后再说一下，jee和女朋友官宣的照片还是用苦主送的相机拍摄的，再加上苦主曾经给jee打赏过钱，所以就有一个很地狱的事情。那就是jee拿着苦主打赏的钱带着苦主的女朋友去开房，结束后，在赛场上用着苦主借给他的蝴蝶刀美美打比赛。这件事情真的挺过分的，很难想象这是一个二十岁年轻人干的事情。尤其是开房之后还不忘记借蝴蝶刀，这心理素质，我很难想象这是一个所谓的小心脏选手干出的事情，他打比赛的时候但凡有这一半的心理素质，也不至于空枪。
这个是iee造谣老板的话
这个是粉丝提供证据给老板
国内比赛和选手完全没有必要关注，全是加塞和菠菜，我熬夜也看国外的比赛
锁死比较好
女主和富二代是青梅竹马，怎么分手了
不如先鞭载大哥，反手装纯载大哥欺负人
只能说看着恶心 锁死吧 本来Jee打的就差 还把精力放这上面了 天禄能不能把白菜和Jee全下了啊
国内从来没有过好的狙击手，是从来
感谢科普 坚定了我拥护法克七冠的决心
肄业中
真的很恶心
为什么玩大嫂就被攻击，玩大哥就没人喷？
懂了，jee和jee粉丝的老冯全都飞天了
pgl：贾大哥的老婆巨巨巨巨巨巨巨巨巨巨巨巨巨巨巨巨巨巨巨巨巨巨巨巨巨巨巨巨巨巨巨巨巨巨巨巨巨巨巨巨巨巨巨巨巨巨巨巨巨巨巨巨巨巨巨巨巨巨巨巨好看^O^
难怪狙打得那么屎
纯种野狗jee，早就觉得这个人很装，表演型人格，没事干喜欢整两句b洋文逗逗外国佬。问题是你那个洋文要是发音标准语序没问题是个完整的句子那我也认了。go学长大学生很多，不管是985 211 一本 二本 大专，都是上过高中背过3500词的，哪个英语能力不比他好。也就欺负欺负网瘾少年职业选手而已。另外，他那个狙就是不忍直视，而且自己还非常爱玩。他非要希望自己狙打出森载的效果，打出去年major决赛ropz跳狙的惊艳，结果强起狙打出来的操作那简直是个完美A 完美B➕都空不了的狙。纯种表演人格，瘤子。
jee就是那种典型的我都道歉了你还要怎么样的那种人
走错吧了，直接说加仓什么就好了
挺垃圾的jee
你的复盘有的地方都盘错了
锁死另外ntr也死一死
从本泰特时期就开始看天禄，这个b人让我没有看天禄的欲望了
无人在意，最终受伤的只有苦主，引狼入室这块。另外所谓青梅竹马在崇拜面前一无是处
我给你们说啊，这个一念鲸落的女朋友巨巨巨巨巨巨好看
看见这猪头肉就想🤮
j和j孝子能天天蹦跶吧里正常人都有责任
可惜苦主不是zeus的粉丝，那样就有视频看了
能跟jee开一把那心理素质也是不赖，怎么下得去手的
收到已加仓
洗jee的老冯一起飞
有没有总结，反正我觉得jee这人打比赛包袱太重了，把自己当流量明星，按tap战绩一不行就手抖，肉眼可见的害怕自己失误
jee一到关键时刻真的鸟，手抖的不行
据说这据说那的，没实锤的放出来干嘛
游戏圈瓜还真多啊 个个是人才
加仓jee
过去有钱人为了女人出钱捧角，最后被戏子戴绿帽的可太多了。X子无情，X子无义，祖宗严选这一块儿
年轻人不把精力放到游戏上，净在搞破鞋上花费心思，比赛中空的枪都是现实里的因果报应。
有成绩没德行都让人恶心，都没有那真的恶心到家了
没事，jee这人喜欢看评论，自己又扛不住压力，他每次打完比赛我都在评论区狠狠羞辱
咱们但凡有隔壁捞批捞的火力，这种道德水平选手早下放了
该说不说这就是龟龟的福报 就他女朋友起这种id就知道本质是什么人
这白莲花活该被喷扫码玩意
ropz：最吊的自由人apex：最自由的屌人jee：屌最自由的人
当初因为喷jee被骂老冯子飞了的兄弟，现在允许返航
握草这pee比我之前知道的还畜牲啊😱
真的恶心人卧槽活该被骂
wc这波载物不该拿格洛克鞭的
这女的图啥没看懂
那你看吧
不过人家已经强过molodoy了哦
还没分手就线上聊上了，别人青梅竹马还挖人家墙角真是出生，不过这种虾头女配不上这富哥，就算没有jee也会出现下一个pee kee
没有人关心真相，只是吃pee血馒头
表演型人格
哈哈哈哈
ra菠菜，lvg有毒液，天禄有j嫂嫂，我们cncs再次伟大，环境都说不好原来是自己一手作的
人品确实不行 不过电竞圈低学历牲口基本都差不多 不是瓢虫就是品德败坏
最近看了一个电影 戏台  洪大帅的女人  也是追星 霸王金啸天 搭钱又送人   果然艺术来源于生活
不退网也是真想恰烂钱
Ee在勾女人方面心脏格外大
标志配狗，天长地久
我J哥说借蝴蝶又没说哪个蝴蝶
能不能像隔壁下森组一样把jee下了，也不是什么大明星
cncs还没蒙古有骨气，senzu队内绝对大哥说下就下
即使苦主分手前jee和女生是清白的，人家才分手半个月就急着塞牛牛，也是非常恶劣的行为。
这RP....糟糕
你可以发到小黑盒吗
所以孙哥是对的吗 jee跪下
我只是服了cs也有电竞梦女
这么看来这个女的血亏，离开大哥，找个打游戏的偶像，不知道哪天又被踹，头发长见识短啊。
可能这个富二代的钱也不干净，但是jee的钱至少能确定是干净的。女的看清男的真面目及时逃离也没问题
Jee 没😧底线，女的也没脑子人也不太行 离开在一起那么久的富二代男朋友 只能说这个时候看清也好 免得婚后被坑
臭味相投罢了
你赚得钱有jee多吗
Jee为什么不找个正常人呢，非要找大哥女人，遇到真爱了
jee大脏p
谁寄吧在乎他干啥，主要是游戏打的菜，人家毒液我还是觉得可以的
可惜后继无人，希望天禄尽早换掉jee
这女人脑子里都在想些什么？咱也不说。隔壁LPL。人家再烂起码有冠军。不是这个臭打CS的，他凭什么呀？
难怪天禄没打赢液体，毕竟大嫂的反义词是小夫
能不能不要再给他画面了，我每次看到他的id脑子里就自动出现一张表情扭曲的🐷脸
不是我洗，你夸朋友女友长的好看就是撩？意思以后都别赞美了呗，这种想法就是倒果为因，先射箭在画靶，还有这种贴这么多结论就放两张截图，全凭一张嘴在推理吗
看完以后完全没有生气的感觉，龟男好似喵
cn 电竞魅力时刻
我们cs也有属于我们自己的PGone了
之前蛋➗不是在评论区给pee站队吗、我还以为真是和平分手一个月后pee谈的呢
其实大可不必在意，这种烂事和玩家有关系吗……
人品真是烂完了这人
还在给他洗的我祝你女朋友早日碰到属于她的jee
cncs
光发一堆字，你倒是上两张大嫂照片啊
今天看完你发的才算了解这件事，如果属实的话Jee是真的➗。
老板:****给我戴绿帽子？Pee:你骂我家人！
jee：那咋了？
青梅竹马嘛
这个女的全平台id哪里能查到啊，这也太出了绝不能因为清算jee就放过她啊
jee诗人？
细数j处干的处事：1，弹幕让他想想怎么把狙命中吧，j处让弹幕想想怎么赚的有他多，观众是他的衣食父母，此为不孝2，老板给他刷礼物，送他饰品，j处反手拿下老板女朋友，此为不仁3，冬瓜带他进入职业圈，j处夺冠以后，选择和流量大的蛋和马西西连麦，冬瓜在直播间等了他一个多小时，最后也没说上话，后来j处风评爆炸，反而冬瓜每天被弹幕骂，此为不义4，在lvg的时候，lvg带他拿了第一张贴纸，而且他当时的发挥就是一坨，全靠队友，让他混了一张贴纸，然后就觉得自己行了，觉得lvg庙小，想跳槽天禄，在合同期内和天禄接触，并且没有告知lvg，并且在合同期间最后几个月直接消失不参加训练（而且和蒙古队的正赛也不打了），还导致冬瓜和好兄弟刘坤闹翻，最后也是lvg和天禄那一年都没出贴纸，一处害三贤，此为不忠5，今年比赛中，出现载物鞭j处的画面，导致国内观众直接网暴载物，后来看demo是j处先互动的，然后j处发了一张和载物交换队服的照片并说大家别网暴了，完全不提是自己先互动的，装无辜装可怜，把国内观众当傻子逗，此为不信这种不忠不孝不仁不义不信之人，居然还有孝子，还有洗e机，我是没想到的
能吃的下pee这款也是神人
zywoo是对的
看明白了，标志配🐶，99
原来是这样，我还以为是乱伦玩亲大嫂呢
赛事吧是这样
真真实实欠fywoo一个道歉我看是，之前节奏大的bt
说了半天为什么没有刷到过女主的照片，很好奇怎么是巨巨巨巨巨巨巨巨巨好看
只有富哥一个人受伤的世界达成了 还好没结婚啊 结了也是悲剧收场的 在结婚之前认清楚 也不错 至于pee 那头死肥猪 我看着就心里不适 从来都讨厌的 做这个事只会更厌恶
你赚的有jee多吗还评价上了
jee和他的孝子都是最也中的也够，可惜汉堡和小菊了，巅峰期还能有多久呢
真是ye种
这位选手不止人品不行，关键他比赛打的也菜啊
表子配狗，天长地久
南蚌，刚才去看了一圈，竟然有人说出分手了为啥不能泡？才分手半个月就带去开房了，以前都说不准凿几次了…jee的粉丝真是也盅，jee更是也盅中的也盅啊
这j🐷真是电竞pgone+詹姆斯
他女朋友也是重口味，不过比起这个，他打的像坨构思时不仅不改正还aoe全体观众这件事更恶心，空的像泡屎一样，还“你有我赚的多吗”，他那表情我是真想一把抓住摁在桌子上，职业才打几年职业态度就这样了？没爆前平时又喜欢跟dan那条栓一起，反正我觉得这个人已经没救了
我月薪3万 库存25个左右我没JEE挣的多 我没资格评论希望大家都比JEE挣得多至于JEE  希望他和大嫂新婚快乐🎊
所以大嫂到底有多好看，我疑惑
真特么不是人啊，这种能对朋友的女朋友下手的一律按出声看待
jee也算是和金主对过鸡鸡了
搞来搞去的，没成绩就是辣鸡
👩这种生物，大部分都是没脑子的
顶楼主，jee我🦙
懂了加仓jee贴纸
到底长啥样巨好看到现在也没人发个图
CNCS乃至CN电竞，不出好成绩基本上都是人的问题了，没几个人能做到纯电竞的程度了，以前没钱大家只能打打游戏，研究怎么打好。现在好了，各种艹粉商K。。。
那个吧没有人玩游戏，你的帖子我在赛事吧看过
早看这死猪不爽了，到处蹭，终于也是塌了
说句不好听的这个女lkd不出轨jee这个b也出轨别人，富哥也算是解脱了
所以加仓什么
没有结婚算是万幸
这b是真恶心
虽然是苦主，但是这种事婚前发现都是喜事
这么过分啊？感觉有点过分了，真当朋友应该劝和吧，官宣的时候没点道德包袱吗？
当时在赛事吧看到抗议贴了，吧务说major后放出来，放了没",https://tieba.baidu.com/p/10270270021,133,复盘jee大嫂事件，希望不要有人在扭曲这件事情
"视频来自：百度贴吧
这是导狗吧
铁废物
看笑了
挺好的，明着来，速战速决，哈哈。比平台那些演员当bz立牌坊的好",https://tieba.baidu.com/p/10101331743,5,挂哥破防直接参数拉满了 还有这吧怎么全是发饰品的
"没买之前太喜欢这两个了 买了玩了玩一点也不喜欢了 淬火编号还是我生日 印花集也有三个爱心贴纸 结果玩着没百元皮肤好得不到的永远在骚动啊
不如像我一样买传家宝，想出都出不掉
我现在已经对普通红皮没感觉了，我开始收集暗金皮，暗金皮上的计数器就和宝可梦一样，搞死一个就+1
是这样的，就算是渐变蝴蝶，以前买玩过，后面买了也就那样",https://tieba.baidu.com/p/10314871137,4,买了心心念念的淬火和印花集 得到了就不喜欢了
"迈阿密先pass，太破没法看
双栖持枪无敌，刀的话可以看看带点蓝的淬火
以前就用的双栖配大理石，手感挺好的，ak再来把火神或者现在的传承。另外夜行衣最近也在看，比较百搭。
夜行衣配多普勒m9试试
雙栖多普勒就好，先從大眾較認可的配搭玩起
夜行衣吧，这迈阿密和双栖的磨损都不太好
1，双栖配蝴蝶刀，监视看手心多一点
2、5吧",https://tieba.baidu.com/p/10306052820,8,这几套推荐哪个？
"百分百全息眼睛位置很好，看上的在图片里去vx找服务号fkbuff#饰品价异常涨跌你怎么看##V社更新对市场交易影响有多大#
你这个价格不好卖，等大冤种吧
楼主欣赏下我的爱枪爱不释手，用了两三年
可惜底子太拉了",https://tieba.baidu.com/p/10312202858,4,借楼出出出
"还打算布局囤一点的
终端机,能升级对于那些想拿多转勋章有帮助
现在买来的及
因为我扫了
应该有说法的
应该又有内幕消息了
也属于武器箱生态圈的一员吧
稀有箱子全在涨，steam市场都在扫
求购已经开顶了
之前吸了几百个准备自己开的，这玩意配上7折余额稳赚不赔的
因为创世的掉落比例从40%降到了20%，和其他常驻一个水平
想不通谁会开这个箱子
服役勋章升级吧
箱子掉落概率调了，这创世刚出的时候掉落概率是是40％，现在改成20％了",https://tieba.baidu.com/p/10314424206,14,这么怎么终端机还涨了
"buff前3排名 20号早上8点可出 有哥们想要收吗
出出出
有大哥收吗
顶一下
顶一下
就正常价格，炼金也不需要这么苛刻的磨损
底价+50",https://tieba.baidu.com/p/10309961032,7,出超低磨损MP9-首冲拿铁
"这么多大神，代码挖不出来吗
看steam市场就知道了，只听消息可能是假的，但资金流动不会骗人",https://tieba.baidu.com/p/10314895526,2,谣言是一张图，辟谣的也是一张图
"Major-冠军选手签名胶囊现已开放购买，恭喜Vitality战队！-现可兑换决胜赛阶段高光纪念包。
更新日志未提及：2026年服役勋章已添加到游戏文件中。
搬运自CSGO国服公众号
什么时候打折啊
开出来个这个，这高光甚至还包括整个一张图的高光和进场的画面",https://tieba.baidu.com/p/10314546171,5,2025年12月19日CS更新日志：冠军胶囊和高光纪念包上线！
"有人有兴趣吗
每日一顶
全息的，不遮皇帝，局内超好看",https://tieba.baidu.com/p/10305692630,3,挂把皇帝有人要吗
"什么磨损啊
你也不是低价啊🤔
破损成交太少了
磨损高 左手灰度能到70   看了下价格  人家加300酒精里能挑个磨损低得多的了
你这模板扔求购都不带亏的
这我的    你1没模板优势  2没磨损 关键是酒精跟你这个就差300  你不扔求购估计还要挂很久
完结，uu1420出了",https://tieba.baidu.com/p/10314746323,7,饰品交流| 这玩意好难出，底价有没有收的
"吧友们，这两款性能差不多，有必要上三星么，主要打Csgo。24寸和27寸游戏游戏体验么
三星的不耐用
建议24寸，27寸玩久了累眼睛
2k的24寸挺舒服的，也兼顾游戏和日用，清晰度也舒服",https://tieba.baidu.com/p/10314984884,4,cago电脑屏幕推荐
"之前一直打的国际服，因为基本都是国人所有就没在意。每次刷箱子打死斗的时候虽然挂箱子的那种脚本比较多，但是只要架好头线，除了那种见人就蹲的，爆头率还是可以的，至少是我能感觉到正反馈的那种。这次心血来潮去玩了那个perfectworld,每次打死斗遇到的人都会从我以前没咋遇到的地方冲过来，还老是一扭一扭的，我追在他们后面看着他们左扭右扭的，一下子打不中头了，他们还不咋会和我出现在一个水平面，但是打我爆头率都挺高的。我老感觉国服好像人物更小一点，应该是错觉，是国服强度是更大吗？打了一百多个小时感觉来了国服死斗像人机一样
国际服遇到外国人的概率会高一些，注意只是一些南方可能会遇到东南亚的猴子，他们会发表一下反动言论ex人，北方会遇到不懂英语的毛子，他们的话很糊听不清楚，听清楚了也听不懂，还有一些可能会遇到韩国人和日本人反正闭麦自己玩的话区别不大，想要交流最好学一些简单的报点，千万不要把中文的报点直接翻译为英文，会闹笑话的
理论上国际服死斗会更难打一点啊，国服死斗随便打打都能有600分，国际服全是脚本外挂见人就秒
差别很大的，我一般连韩国服务器，偶尔会匹到日本服务器，毛子非常多，国人两把能遇到两三个吧，只能用英文报点，毛子们都用自己语言交流，有时还能排到真韩国人和日本人。总体来说环境还行，我打了几个月才遇到两次rh的，一个毛子和几个被我打破防棒子。就是得学英文报点和必要单词
哇，你这图片的女人是真美，
国际服死斗全是脚本
国际服死斗脚本比较多，国服死斗测挂的比较多
死斗每局应该只有2，3个真人，其他全是ai脚本，参数高的根本打不过。",https://tieba.baidu.com/p/10303784854,8,请问各位大佬，国服和国际服有啥区别吗
"目前有一把爪子 标题这两个想选一把，和爪子换着玩，各位给点建议qaq
已经有幻神能快速固定检视，那你就是需要一把骷髅这样慢一点概率检视还能玩又能转刀型也能看的价格也还行
短剑  包你用到爽
七月动画更新后折叠已经取代短剑的位置了
今年切刀动画更新之前，毫无疑问选短剑。动画更新之后，把短剑切刀的第二段弹簧音给了折叠刀，现在选的话就半斤八两了。",https://tieba.baidu.com/p/10312970326,5,折叠刀or短剑？
"也没啥消息吧？
终端机之后轮换，破浪直接绝版，倒狗提前预埋
纯韭菜，看明年2、3月多低就完了
不知道
这玩意才是真正好看的a4吧，量也少，就是可惜下架遥遥无期
刚把荷鲁斯出了，看到这个前天2400想买一把的，这样涨就等着吧
我的项目
v社的盘
你要能预知，不得身价过亿
这个不可能下架的，才刚出多久啊
掉落的箱子，后面越来越便宜
这个又不是箱子定价格，是根据市场流通货来定的，没开出来的价格会根据v社的大手来决定获取成本
无端小涨有内部消息
太早了，两个月就下架不太可能
v÷亲自下场拉盘，导购不拉，v÷赚不到钱自然急了
这个现在存世量多少把啊？感觉数量不低才对啊
前两天开了个0.26 550，用倒的7折余额买，纯赚啊，箱子才1块多，不明白好多人骂
本来就是价格被低估的，这个起码不应该比ak便宜
流金也涨了
之前这玩意和荷鲁斯一样都是中端选择，现在荷鲁斯没了
我一直觉得挺有潜力的，虽说箱子天量但是你得买了才是天量啊，1w个箱子出1w个，你真的会以比平台贵20%的价格购入吗？
我很喜欢这个的高模，绿黑相间很帅
我知道我已经得不到他了，以后再买预售我是sb
量太少了，很容易控盘的
这玩意就算不下架，获取方式也是抽取➕直购，别的是抽取，这玩意800时没人游戏直购，拉去8000更没人游戏里直购
有v社给的底价，没辙
什么意思😡😡😡我玩了这么久一卖就涨
昨天刚卖久涨，一买就跌😡
触底反弹，过去两个月开过几波炼过几波，近两周下级都在慢涨，应该是没什么人开了
我希望有机会能再接回来
单纯因为现在是千百战行情
这枪主要是太吃磨损了  我这把是极限酒精挑了好久的模板才到能用的标准，正常都是略磨0.1以上或者崭新了
才出就想下架，真傻福
2年内别想下架了，赌下架的真是太赌了
有人在拉，在售量突然少了200
荷鲁斯都3年多才下架
这把枪降到3000了啊，太夸张了，之前有人用四五千在游戏里面买的吧",https://tieba.baidu.com/p/10312595203,37,不是，这玩意为什么涨起来？
,https://tieba.baidu.com/p/10314695262,0,你们能更新吗？
"看了大家的反外挂方案，我个人认为，最简单，最省钱，只有一个口诀“一人，一号，一局，一扫脸”，字面意思，很简单，展开说说，就是保持现有的反作弊强度，也保证日后升级反作弊技术的前提下，增加扫脸这一步骤，而且是每一局，或者说放宽松点，扫脸一次，给2个小时通行证，但是肯定会触犯一大些人的利益，这里不详细说明，但这是最有效，最简单的方法了，炸鱼还能避免，一举三得，在考虑长远一点，既然扫脸了，一人一号了，就应该放宽封禁时长，从3650天，改为两年给你一次被封禁解开的机会，次数不叠加，但主页永远会挂上开挂次数，这样我们还可以新增一些东西，比如全扫脸对局什么的，国内肯定可以，我也相信大家，真正的绿玩，为了能正常的玩，肯定会支持的，国外的政策，看样子是不行，但是总有国外游戏厂商会有能力实现，我感觉如果有那天了，不敢保证会100%绿色，但85%是有了，开挂的成本将会成指数倍的增长。（乌托邦言论，本就充满幻想色彩，各位朋友们轻点喷）
现在也得有85%以上的绿色吧？没有那根本玩不了了
1、多数人没有摄像头，2、侵犯隐私权，国外分分钟被告……
反外挂单纯是个性价比问题，平台要的只是名声和玩家数，可不是所谓的干净环境，要是成本付出得不到足够回报，谁干啊
很简单立法就行  开挂 制作外挂犯罪 你看韩国 为啥pubg反作弊烂？ 因为在韩国开挂做挂违法。
其实一人一号就已经隔绝大部分炸鱼 开挂了。
直接绑定实名支付宝，把信用系统绑定，作弊直接扣信用
符合厂商利益吗？人家是赚钱的，不是给你搞公平环境的
你可以看看我以往的发帖，我比你更能幻想，在民科吧。
扫脸？以前有平台还要扫身份证呢，知道的是玩cs，不知道的还以为网贷呢
开直接枪毙
不如直接把这些开挂的，检测异常的，往一块凑，让它们玩去
一个是检测问题，还有一个就是作弊成本问题，如果国内网游能联合出一个游戏信用平台然后实名，想玩网游就要绑定这个平台，如果实锤游戏作弊行为就冻结该账号和关联的信用平台然后给所有联机游戏都拉闸，被误封想解封就自己去申诉等审核
然而最大的外挂供应商就是5e和完美",https://tieba.baidu.com/p/10304106517,14,对于现在FPS反作弊的看法和新方案的幻想
"凑个整数说我抢劫？我真的不理解
哥们 看看你的绿色搭配什么枪皮
昨天买1366的手套还价1300秒过，这种你一个一个砍，总有人愿意的。
你搁这抢劫呢？笑死
砍价还坎出优越感了
锻刀都亏了7W6了还砍别人30 不是抢劫是什么？
笑喷我了。。
你不在乎这30块钱可以直接买啊，砍啥价
这有什么好挂的 别人不同意就不同意呗
别人来赚钱的，怎么能亏30
不愧是倒钩吧，砍三十不是挺正常的吗，这都要被骂吗
神人不是整数不敢买
那你怎么不去买1800的，也是整啊
不是点那个表情可以聊天问价吗，直接上来砍太费事了，直接广撒网，有愿意接受的在直接还价
昨天买刀刀了快100
现在cs2都是大学生？三十块钱都要砍？穷疯了？拒绝个还价还要被挂，我真的不理解。
低价我不砍溢价刀手套都砍一百基本谈一下价格都能砍下来五十
评论区有什么好骂的，楼主不知道这是固定留言，挂一下这个留言不是很正常1700的东西砍30被说抢劫，换你你高兴啊
猜猜为什么不丢求购
凑个整数为什么不1800呢？你看真凑整你又不乐意了
2万5的东西我还价200从来没成功过 你这1000多的还几十….
刚刚还价的哥，求求你再还一次吧😭
没必要挂人兄弟，buff这个是已经固定的模板，人家不卖你不买他的不就得了
你搁这抢劫呢？
评论区全是导购挂着卖的？我卖的时候一堆屠龙刀砍我自己身上，买的时候还价又全不同意了，够恶心
你搁这抢劫呢？
闹麻了，你和菜市场砍价老太太有什么区别
我挂燃喷5450求购5360，他砍价5200
我前两周买个跟你差不多价格的刀砍了50块，卖方10分钟不到就接受了
不在乎那你加70不得了
我砍价基本都是500-1000起步 我都是买的大件传家宝
不要砍底价，实在想砍底价就等末日随便屠龙刀
有一说一 ，砍个30都说抢劫到底有多穷，拒绝就拒绝咯，何必说抢，最傻福的还是这个悠悠，弄个拒绝还价，弄个心理底价不行吗，和咸鱼一样不行吗？这些低能公司弄个选项都不会，就知道圈钱
在评论区是咋了
我炼的p3折叠4000被买了没看手机，买家取消了我直接仍求购了
发导购吧，你是真不怕被骂，砍一块钱都跟要他们命似的
查询导购学信网
几年前砍1%-3%都还是常见的，现在很多人一分都不给砍了
哈哈哈 我想起来刚玩的时候，因为在梦幻买号都是65％砍价，刚开也是屠龙刀，结果发现10块都砍不动。
凑整数是人的天性
换句话说你没这三十块钱？
你咋不凑到50？
30块够买导购一条命了，原谅他们吧
砍多了要被骂，砍少了要被骂
还就还把！就两块钱，这样双方都满意。别看只有两块，这是个便宜，中国人谁不喜欢占便宜。
翻了一下，导购吧名不虚传
37块钱是真要了评论区这些🍬人的命了
为什么你舍不得这30块？？？
这bgo吧变✌🏻√吧啊我看，不是买命哥就是哭穷鬼
buff可以关还价吗 如果可以这个卖家还因为三十块钱拒绝那为什么开还价
你发导购吧 不是找骂吗
笑死 买东西还价不是正常 楼主又没说不让他拒绝还价拒绝就拒绝呗 两人都是天经地义没一点毛病 说这话不是脑瘫是什么？
你还一块别人都不一定同意
便宜60卖个别人了，单纯讨厌你罢了
全导购这个吧，建议别来这里问。
评论区里一堆也够三十块钱够买你老冯子命了急成这样，买卖东西还不让人家砍价了
吃屎导购吧名不虚传
看运气，之前砍1000也有人同意了，你这就30，多找几家砍砍价格，总有人同意的
不懂就问还价是不能关吗，能关上千块的东西还个30不行
导购吧是这样的
你把他明天的拼好饭抢劫了
之前有个dinner我0.15一线特工挂底价他砍100块的
导购吧是这样的
砍三十块钱和把这贴里导购🐴杀了一样
炸了一群狗出来，砍多了也骂砍少了也骂，下次别来这里发了。
闹麻了，抹个零不正常？
不想被砍价那就关掉还价功能。这么多拒绝还价的模版，砍30块，到你嘴里成“抢劫的了”。不知道的还以为是屠龙刀砍了几百上千呢
别发这种帖，这吧纱帽多，前几天我发个红家砍价帖还被挂了，真不知道一帮在弟弟皮底价捡破烂的玩意儿有什么资格嘲讽我买几十把红线的
给我感觉就像菜场还价失败后的莫名破防，到处拉着路人说闲话找存在感......我只觉得这就是一件鸡毛蒜皮的小事，人家卖不卖咋是人家事，你买不买花多少买是你的事，这又不是传家宝，市场一大把的东西，闹麻了，顺带我也来水经验......
你能还价别人不能拒绝？拒绝你就挂别人？你不差这个钱你直接买不就得了？
爱几把买不买，30块要你命了？
这不就很正常的讨价还价吗？这还挂上了？你砍价了，就一定要卖给你吗？
锻刀亏7w6这一块
拒了没问题，主要发的这个留言有点离谱。至于aoe大学生就没必要了，现在大学生可比我这种牛马有钱多了，另外30也不少了，我这现在正在吃的自助饭才15还送瓶汽水
还得是24号才好玩，我当时砍10块都不肯，然后那刀后面直接半价丢供应了
不知道，但是老有人砍我的最底价那还说啥了滚去找别人吧，都最底价了还砍。要是这么想要为啥不求购一个，是没人丢吗
这吧全是导🐶，包骂你的。
这么全是导购了，我觉得有必要在创个新吧了
我见过砍价我1000的，这才是抢劫😂😂
买1700的东西，抹个零问卖家要99折，卖家回句99折卖你干嘛，你想抢劫？谁受得了
买什么跌什么，一跌就几百，三十块引发的一场好戏
那咋了，这有啥挂的。隔着里抢劫呢？
他们是怎么打字的？为啥我只能用默认的模板语句啊
借出，可刀，buffuu都是230
没办法nt太多。我五千的枪别人都是一百多两百多还价的，我感觉很正常啊，我直接就给了。我买三四千多皮肤也是一两百的刀，别人也痛快给了。说白了，不行的是人，和你刀多少没关系。只要不是20%以上的刀，我觉得都很正常啊。",https://tieba.baidu.com/p/10294703476,85,现在cs2都是大学生？还价30块要命了？
